text,label,source
The system shall have a MDI form that allows for the viewing of the graph and the data table.,0,Dataset6000Req.xlsx
'The Disputes System will provide the user the ability to create or initiate a ticket retrieval request. As part of ticket retrieval creation process the system must prompt the user to enter all the required information to create the ticket retrieval request. The ticket retrieval request is a document that is sent to merchant inquiring the validity of a transaction.',0,dataset_raw.csv
System shall adhere to data preservation standards to ensure long-term accessibility and usability.,1,Dataset6000Req.xlsx
The application will require well-defined test environments to ensure thorough testing of its various functionalities.,1,Dataset6000Req.xlsx
'The website shall be capable of supporting 100 000 customers.',1,dataset_raw.csv
System shall have self-monitoring to detect faults periodically.,1,Dataset6000Req.xlsx
"The user shall be able to purchase items in their cart using credits, if allowed by the item.",0,Dataset6000Req.xlsx
'The product shall have a consistent color scheme and fonts.',1,dataset_raw.csv
"System shall be able to maintain and display subject details including code, name, type, semester, and credits.",0,Dataset6000Req.xlsx
"The user shall be able to filter search results by distance, price, restaurant type, and specific dish.",0,Dataset6000Req.xlsx
System shall provide supervisor interface to change thermostat settings.,0,Dataset6000Req.xlsx
The OneDrive mobile app shall be compatible with phones and tablets running Android 6.0 or later versions.,1,Dataset6000Req.xlsx
"The system shall allow the administrator to extract statistics of use, standard delay of reply by member/period, percentage of unsuccessful transaction.",0,Dataset6000Req.xlsx
"User shall easily find what they are looking for on the website, with a simple web design ensuring ease of use.",1,Dataset6000Req.xlsx
System shall restrict search results to only records the user has access rights for (both quick and advanced searches).,1,Dataset6000Req.xlsx
"For returning customers, the system shall validate existing credit card in system after each log in.",1,Dataset6000Req.xlsx
System shall be able to allow users to switch between the stylistic and satellite map views.,0,Dataset6000Req.xlsx
The TCS shall have the functionality to receive and process UAV mission plans from other TCSs.,0,Dataset6000Req.xlsx
"Interfaces shall be easily navigable, clearly labeled, and accompanied by a help menu.",1,Dataset6000Req.xlsx
'The website will use standard Internet conventions when interacting with the user.',1,dataset_raw.csv
"User shall be able to create a LeetCode account with their email, username, and password.",0,Dataset6000Req.xlsx
A user shall be able to select the login option (email/password or Google account).,0,Dataset6000Req.xlsx
"The system shall scale to accommodate the existing 1,000 users and a projected 5x growth within the next year.",1,Dataset6000Req.xlsx
'The system shall allow a Program Administrator/Nursing Staff Member to move a student from one clinical lab section to another clinical lab section corresponding to the same clinical class.',0,dataset_raw.csv
Jobs will be added to a watchlist for later viewing.,0,Dataset6000Req.xlsx
The system shall display a search bar prominently to enable users to easily find the information they need.,0,Dataset6000Req.xlsx
The system shall prompt users to take breaks based on predefined settings or usage patterns.,0,Dataset6000Req.xlsx
The healthcare portal shall employ industry-standard encryption and security measures to protect patient data from unauthorized access.,1,Dataset6000Req.xlsx
'If a user account is revoked it can only be re-instantiated by the System Administrator.',1,dataset_raw.csv
System shall retrieve backups of the database from the server and save them in case of hardware failure or database corruption.,1,Dataset6000Req.xlsx
Delivery boy shall be able to receive ratings from customers.,0,Dataset6000Req.xlsx
"User shall not share their password with anyone, and the system must ensure complete privacy of filtered details and user chats.",1,Dataset6000Req.xlsx
'The system shall allow a Program Administrator or Nursing staff member to remove a student from a clinical lab section.',0,dataset_raw.csv
User shall be able to connect with other people on Quora by sending messages.,0,Dataset6000Req.xlsx
"System shall open a new window with options such as account, privacy, and language settings.",0,Dataset6000Req.xlsx
"The TCS will have the capability to control and monitor an AV, payload, data link, and C4I interfaces during the execution of a mission.",0,Dataset6000Req.xlsx
The Disputes application shall interface with the Cardmember Posting and Billing System. This will allow the Disputes application to request adjustments to cardmember and merchant's accounts. All adjustment requests must be sent to the Cardmember Posting and Billing System.',1,dataset_raw.csv
The system shall allow linking components to objects and other components.,0,Dataset6000Req.xlsx
System shall provide tools for managing Digital Objects within the application.,0,Dataset6000Req.xlsx
System shall show the TU/e Twitter page on the title screen when the Twitter app is started.,0,Dataset6000Req.xlsx
Students shall be able to take quizzes.,0,Dataset6000Req.xlsx
"The booking process will be intuitive, with information completion in stages.",0,Dataset6000Req.xlsx
"Access shall be granted if the credentials are valid; otherwise, access shall be denied.",0,Dataset6000Req.xlsx
The displayed number of total ideas shall be updated frequently.,0,Dataset6000Req.xlsx
"User shall provide input through touch, tap, or drag on the screen to perform actions within the application.",0,Dataset6000Req.xlsx
A Platform Administrator shall be able to hide public datasets.,0,Dataset6000Req.xlsx
System shall alert users if login credentials are incorrect or if the account does not exist.,0,Dataset6000Req.xlsx
The system shall allow users to add multiple lines of music to a score.,0,Dataset6000Req.xlsx
"The system shall accept documents through various methods (e.g., camera capture, file upload).",0,Dataset6000Req.xlsx
Each idea shall be listed on its own line in a numbered list in the idea phase.,0,Dataset6000Req.xlsx
"The TCS shall provide the functionality to control the power, transmitter signal strength, and frequencies used by ADT for data link communication.",0,Dataset6000Req.xlsx
User will choose between linking a credit or debit card.,0,Dataset6000Req.xlsx
System shall ensure high data transfer rate.,1,Dataset6000Req.xlsx
The estimator shall not apply recycled parts to the collision estimate if no available parts are returned.,0,Dataset6000Req.xlsx
Upon the USB being plugged in the system shall be able to be deployed and operational in less than 1 minute,1,Dataset6000Req.xlsx
Patients shall have the option to make payments for services provided through the portal.,0,Dataset6000Req.xlsx
"The software shall support touch interaction with the interface using fingers or a stylus for actions like drawing, manipulating objects, and adjusting tools.",0,Dataset6000Req.xlsx
The system shall update or create new property listings in the MLS.,0,Dataset6000Req.xlsx
"The system shall be maintainable by highly professional maintainers, who are solely responsible for updating and adding new features.",1,Dataset6000Req.xlsx
'The Disputes System must provide a confirmation to the user upon the creation of ticket retrieval request that contains the following information; the dispute case number the type of retrieval requested (copy original or portfolio) and the date that the merchant response is due.',0,dataset_raw.csv
The system shall allow publishers to create data packages in the user interface.,0,Dataset6000Req.xlsx
"All input and output, and storage and retrieval operations shall take optimal advantage of all system resources to reduce overhead and latency to the minimal practical level.",1,Dataset6000Req.xlsx
User shall be able to search for categories by video name or type.,0,Dataset6000Req.xlsx
"System shall restrict access to sensitive features and functionalities to authorized users only, ensuring privacy and data security.",1,Dataset6000Req.xlsx
The system shall allow staff members to perform completeness reviews for applications.,0,Dataset6000Req.xlsx
Confirmation of remaining credits shall be provided after each job posting.,0,Dataset6000Req.xlsx
"An administrators manual, explaining how to install and operate the MultiMahjongServer, will be provided.",1,Dataset6000Req.xlsx
'When purchasing a streaming movie or pre-paid card via credit card the processing time should have a maximum response time of 15 seconds.',1,dataset_raw.csv
It shall be compatible with Windows 8 and Mac X operating systems.,1,Dataset6000Req.xlsx
Customers shall receive a confirmation email with order details.,0,Dataset6000Req.xlsx
"User views the cart contents, which are managed by JavaScript code.",0,Dataset6000Req.xlsx
The overall program shall be as reliable as its least reliable component.,1,Dataset6000Req.xlsx
Security camera shall be installed near the ATM.,1,Dataset6000Req.xlsx
Healthcare providers shall have the ability to create and send electronic prescriptions to pharmacies.,0,Dataset6000Req.xlsx
"User shall be able to create, update, and delete archival descriptions in their repository.",0,Dataset6000Req.xlsx
'The adjuster shall request a recycled parts audit of the collision estimate.',0,dataset_raw.csv
'The product shall allow a user to remove himself or herself from the list of players at any time.',0,dataset_raw.csv
User shall be informed about system failures through error messages displayed on the main screen.,1,Dataset6000Req.xlsx
"The system shall manage names, positions in sequence, and adjustable parameters for all processing pipeline applications.",0,Dataset6000Req.xlsx
System shall verify account authorization and initiate transaction dialog upon acceptance.,0,Dataset6000Req.xlsx
"Crafty kids corner shall provide ways for users to give feedback, such as ratings or comments, to improve the site's offerings.",1,Dataset6000Req.xlsx
System shall be highly available with minimal downtime.,1,Dataset6000Req.xlsx
System shall provide example citations and DOIs for datasets to facilitate correct referencing and future access.,1,Dataset6000Req.xlsx
System shall allow the user to initiate a single dispute case on multiple transactions belonging to a single merchant.,0,Dataset6000Req.xlsx
The system must allow a member of the network to send requests to a particular or all the other members about possible delivery of a driver's smart card to a similar person.,0,Dataset6000Req.xlsx
System shall encrypt transactions to protect them from unauthorized interception.,1,Dataset6000Req.xlsx
"Agricultural experts shall be able to respond to user queries, which will be displayed on the user’s dashboard upon successful reply.",0,Dataset6000Req.xlsx
"If a user leaves the game prematurely, a new CO is created on another user's machine to fill their place.",0,Dataset6000Req.xlsx
A customer shall not be able to dismiss their engaged menu while there is a non-empty pending order associated with the engaged menu.,0,Dataset6000Req.xlsx
System shall prioritize security and performance as software quality attributes.,1,Dataset6000Req.xlsx
Superuser shall update recycling center information to provide the latest details.,0,Dataset6000Req.xlsx
"System shall handle up to 20,000 transactions per minute during peak workload conditions.",1,Dataset6000Req.xlsx
The system shall allow camp administrators to upload consent forms for easy access.,0,Dataset6000Req.xlsx
System shall provide clear information on sponsorship levels for user understanding.,1,Dataset6000Req.xlsx
'Program Administrators/Nursing Staff Members are the only people who shall have access to clinical site details.',1,dataset_raw.csv
A staff member shall view a page of information by selecting from the options presented on the welcome screen. Selection shall be performed using a simple keypad.,0,Dataset6000Req.xlsx
Client shall view driver history.,0,Dataset6000Req.xlsx
The interface must summarize the data in a fashion that's appealing to CCR management. Every report type must have at least one high level summary shown in the results dashboard/interface',1,dataset_raw.csv
System shall include a checkbox for users to accept cancellation terms.,1,Dataset6000Req.xlsx
Users shall be able to book a movie through the service.,0,Dataset6000Req.xlsx
System shall request a deposit of Rs. 5000 upon entry of valid customer information and update it temporarily in the customer database.,0,Dataset6000Req.xlsx
Administrator shall be able to arrange videos in their respective categories in the database.,0,Dataset6000Req.xlsx
System shall have a backup power supply for power failures.,1,Dataset6000Req.xlsx
The system shall facilitate law enforcement inquiries about driver's license status with issuing authorities by driver information or card details.,0,Dataset6000Req.xlsx
100% of saved user preferences shall be restored when system comes back online.,1,Dataset6000Req.xlsx
System shall allow searching by date range for items.,0,Dataset6000Req.xlsx
"Customer shall be able to cancel an order and if canceled, money will be transferred to wallet to order food for next time (If Card Payment).",0,Dataset6000Req.xlsx
'The product must be able to interface with various database management systems. The product shall communicate successfully with the database management system on 100% of all transactions.',1,dataset_raw.csv
System shall allow users to create drafts of emails that can be saved and edited later before sending.,0,Dataset6000Req.xlsx
The system shall have a user-friendly interface that is intuitive and easy to navigate.,1,Dataset6000Req.xlsx
A red Not OK indicator will be active to signify a confirmed diagnostic condition.,0,Dataset6000Req.xlsx
"User shall search for articles on the Online Journal Website by author name, category, or keyword.",0,Dataset6000Req.xlsx
System shall verify the entered ID and password against the database.,0,Dataset6000Req.xlsx
'Any disputes cases that have been closed for over 6 months must be purged from the online disputes database.',0,dataset_raw.csv
'The product must be developed with the J2SE/J2EE programming language libraries',1,dataset_raw.csv
The current repair facility ratings shall be displayed to the user.,0,Dataset6000Req.xlsx
"The server shall be capable of supporting an arbitrary number of active orders, that is, no orders shall be lost under any circumstances.",1,Dataset6000Req.xlsx
The system shall be compatible with Intel-based Mac computers and Windows 10/11 ARM-based PCs.,1,Dataset6000Req.xlsx
"The system should reliably deliver accurate search results in over 98% of cases, aiming for 99% or even perfect accuracy during operation",1,Dataset6000Req.xlsx
The system shall allow administrators to download embargo metadata for ETDs.,0,Dataset6000Req.xlsx
'The product shall comply with insurance regulations regarding claims processing.',1,dataset_raw.csv
"Program will have a simple, graphically appealing interface designed for sixth graders.",1,Dataset6000Req.xlsx
"User shall be able to view and update the details of an existing patient profile, with only the latest details maintained by the system.",0,Dataset6000Req.xlsx
System shall be able to ensure that the time elapsed between a player making a move and other players updating the game state is under 5 seconds.,1,Dataset6000Req.xlsx
'We must be able to interface with any HTML browser.',1,dataset_raw.csv
The system shall be able to tweet about insApption from the main menu.,0,Dataset6000Req.xlsx
FABS user shall have validations run in a reasonable amount of time for efficient data processing.,1,Dataset6000Req.xlsx
"User shall input information about their child's routine care, including weight, feedings, and oxygen saturation, on the ""Track Your Child"" page.",0,Dataset6000Req.xlsx
Users shall be able to select a session based on the FACET and the tool they wish to use.,0,Dataset6000Req.xlsx
The system shall maintain consistent security through the use of passwords.,0,Dataset6000Req.xlsx
The user shall be able to add the date and time for the exam.,0,Dataset6000Req.xlsx
The system shall allow the Managers group to enter/approve requests but deny deletion privileges.,0,Dataset6000Req.xlsx
The user shall be able to cancel booked tickets if they need to change their travel dates.,0,Dataset6000Req.xlsx
Clients shall receive notification email of booking confirmation.,0,Dataset6000Req.xlsx
"The system shall provide a private section within Memories named ""My Eyes Only"" secured by a user-defined passcode, with the caveat that a forgotten passcode will result in permanent deletion of all data stored within.",0,Dataset6000Req.xlsx
User shall be able to log out by clicking on the logout button.,0,Dataset6000Req.xlsx
The system shall allow scrolling through past stories and estimates.,0,Dataset6000Req.xlsx
The product shall respond fast to keep up-to-date data in the display.,1,Dataset6000Req.xlsx
Load balancing techniques shall be employed to distribute incoming traffic evenly across multiple servers and prevent server overload.,1,Dataset6000Req.xlsx
The security requirements of the system shall adhere to industry standards and best practices.,1,Dataset6000Req.xlsx
"If the database has no closing time for Rush Building, the system will inform the user and provide the Drexel University website for further information.",0,Dataset6000Req.xlsx
"User shall be able to fill out a user registration form, to register for BADCamp and create an account.",0,Dataset6000Req.xlsx
System shall be able to check if user credentials are valid and display an error message if invalid.,0,Dataset6000Req.xlsx
User shall attempt the examination within the allocated time.,0,Dataset6000Req.xlsx
Admin shall be able to add new routes or edit existing bus journey routes.,0,Dataset6000Req.xlsx
'The product will function alongside server software on any operating system where the Java runtime can be installed.',1,dataset_raw.csv
System will display a message confirming that the problem or issue has been submitted successfully.,0,Dataset6000Req.xlsx
"User shall update a blog by filling out a form with title, description, and content, with validation ensuring data integrity.",0,Dataset6000Req.xlsx
Adobe Illustrator shall support both Intel and AMD processors.,0,Dataset6000Req.xlsx
The over temperature values shall reside in an initialization file.,0,Dataset6000Req.xlsx
Staff shall block accounts with illegal transactions or lost/stolen ATM cards upon proper verification.,1,Dataset6000Req.xlsx
System shall update the book status to Approved when the administrator approves the member request.,0,Dataset6000Req.xlsx
The system shall automatically generate nametags for campers.,0,Dataset6000Req.xlsx
"User shall be able to move an activity by selecting it on the canvas, performing a mouse down action, dragging it to the desired location, and releasing the mouse.",0,Dataset6000Req.xlsx
Users should be able to easily understand and select results from the list with just a single click.,1,Dataset6000Req.xlsx
"Administrators shall be able to unlink a POI from a specific building, floor, and room number.",0,Dataset6000Req.xlsx
"Fees for various features like job posting, premium membership, etc., shall be configurable.",0,Dataset6000Req.xlsx
The product shall implement access control to distinguish between authorized and unauthorized users in all access attempts.,1,Dataset6000Req.xlsx
Keypad shall have 16 tactile keys and 8 tactile function keys.,0,Dataset6000Req.xlsx
System shall ensure accessibility of the web interface in the user's native language to eliminate language barriers.,1,Dataset6000Req.xlsx
System shall support the deletion of blogs by validating user actions and updating the database accordingly.,0,Dataset6000Req.xlsx
User shall specify metadata for an experiment protocol before creating a file.,0,Dataset6000Req.xlsx
"The system shall allow users to save spreadsheets in various file formats (e.g., XLSX, XLS).",0,Dataset6000Req.xlsx
"The system shall allow adding, editing, and deleting medicine information (name, composition, dosage, etc.).",0,Dataset6000Req.xlsx
"The system shall be able to send alerts (e.g., email, SMS) to users upon their request whenever an action is taken on their defect or enhancement request.",0,Dataset6000Req.xlsx
"User shall be able to search for flights by entering destination, boarding place, and date of journey, with a display of available flights matching the criteria.",0,Dataset6000Req.xlsx
System shall integrate with existing University systems such as LDAP for cost-effective administration.,1,Dataset6000Req.xlsx
"User shall have a profile page where they can edit information such as password, email address, and phone number.",0,Dataset6000Req.xlsx
The system shall be responsive. At the DePaul TeleServices Center when a supervisor uses the system to view a callers schedule the system response time must be no more than 2 seconds 90% of the time and no more than 5 seconds the rest of the time.',1,dataset_raw.csv
Restaurants shall assign delivery boys to deliver orders.,0,Dataset6000Req.xlsx
Customer shall be able to navigate between menu and can add items to cart.,0,Dataset6000Req.xlsx
"System shall comply with data protection and privacy laws, such as GDPR or HIPAA, as applicable.",1,Dataset6000Req.xlsx
System shall ensure data privacy and security.,1,Dataset6000Req.xlsx
The system shall allow inspection staff to create inspections.,0,Dataset6000Req.xlsx
There shall be no sound or animation used in the product.,0,Dataset6000Req.xlsx
'The Disputes System must provide the user the ability to initiate a single dispute case on multiple transactions that belong to a single merchant.',0,dataset_raw.csv
System shall be able to provide login functionality using username and password.,0,Dataset6000Req.xlsx
"Data communication protocol shall ensure reliability and quality of data and voice transmission, such as CDMA.",1,Dataset6000Req.xlsx
'All letter requests must be formatted according to guidelines specified by the Print Letter Utility system.',1,dataset_raw.csv
The user shall be familiar with a Web Server environment.,1,Dataset6000Req.xlsx
'The product shall be easy for a realtor to learn.',1,dataset_raw.csv
System shall continuously maintain and update backups of the database to reflect the most recent changes.,1,Dataset6000Req.xlsx
The system shall authenticate users based on username and password.,0,Dataset6000Req.xlsx
The system shall allow archivists to rotate images and perform basic image adjustments.,0,Dataset6000Req.xlsx
"The system shall look into the database, display product information, and update the database with the new price.",0,Dataset6000Req.xlsx
Registered patients shall be able to log in to the portal using their credentials.,0,Dataset6000Req.xlsx
'System shall let administrators generate unique pre-paid pins in under 2 minutes and generate an Excel file with the generated PINs.',1,dataset_raw.csv
The main window shall have main menus entitled File and Status.,0,Dataset6000Req.xlsx
The CO will be able to perform look ahead algorithms to determine its best move in the Intermediate and Advanced levels.,0,Dataset6000Req.xlsx
The system shall allow a member to do statistics on messages issued and received from/to his system,0,Dataset6000Req.xlsx
The product shall be designed with very limited graphics usage and shall utilize a simple keypad for user input.,0,Dataset6000Req.xlsx
The system shall allow users to select a specific category to view its contents.,0,Dataset6000Req.xlsx
The search resume facility shall be activated by paying a fee based on requirements.,0,Dataset6000Req.xlsx
The system shall ensure secure placement to prevent unauthorized access.,1,Dataset6000Req.xlsx
Managers shall have the ability to reset passwords.,0,Dataset6000Req.xlsx
"Upon successful login, the system shall redirect the user to the main screen.",0,Dataset6000Req.xlsx
The product shall give users feedback when necessary. 80% of the users surveyed report that the product accurately confirms their actions.,1,Dataset6000Req.xlsx
Users shall be able to view student applications.,0,Dataset6000Req.xlsx
The tool shall associate with each continuous parameter one or more tolerances each corresponding to a different sensitivity level for the tool.,0,Dataset6000Req.xlsx
"User shall be able to provide customer details including name, address, and phone number.",0,Dataset6000Req.xlsx
The system shall allow curators to establish relationships between collections.,0,Dataset6000Req.xlsx
User shall/will be able to integrate with Netbeans IDE 7.2.1 for Java development and MySQL Query Browser for database management.,1,Dataset6000Req.xlsx
System shall provide a feature to schedule emails to be sent at a later time.,0,Dataset6000Req.xlsx
The Disputes System shall accurately provide a list of possible reason codes for transactions based on transaction type and merchant industry.,0,Dataset6000Req.xlsx
All messages passed between CMCS system layers shall have both UTC and wall clock time stamp information appropriate for the message type.,1,Dataset6000Req.xlsx
"In case of hardware failure or database corruption, users shall be redirected to a replacement page.",1,Dataset6000Req.xlsx
The system shall be optimized for high performance by clearly separating the business logic from the UI.,1,Dataset6000Req.xlsx
System shall validate Client ID format as AADDMMYYYY99 and reject other formats immediately.,0,Dataset6000Req.xlsx
'Product formulas shall allow use of semi-products which have own formulas.',0,dataset_raw.csv
"User shall be able to deposit and maintain datasets through a simple web interface, facilitating ease of use.",0,Dataset6000Req.xlsx
The system shall allow staff members to develop staff reports for publication and distribution.,0,Dataset6000Req.xlsx
The system will notify affected parties when changes occur affecting specific students including but not limited to changing a student’s status from full time to part time and moving a student to a different clinical section.,0,Dataset6000Req.xlsx
"The system shall query the database for product information, calculate the total payable amount after taxes, and create a bill in printable format.",0,Dataset6000Req.xlsx
The Disputes System shall preserve user phases even when moderators revert to a previous phase.,0,Dataset6000Req.xlsx
Administrators shall be able to remove buildings.,0,Dataset6000Req.xlsx
The system shall allow camp administrators to schedule activities for campers.,0,Dataset6000Req.xlsx
'System shall let administrator de-activate a customer account in under 1 minute. Customer will no longer be able to access the website.',1,dataset_raw.csv
The system shall be accessible on mobile browsers as well.,1,Dataset6000Req.xlsx
User shall/will be able to transfer funds between their own accounts or to others accounts.,0,Dataset6000Req.xlsx
The system shall display the list of people the user follows on the dashboard.,0,Dataset6000Req.xlsx
A system administrator shall have unrestricted access to all aspects of the system.,1,Dataset6000Req.xlsx
System shall perform proper validation of data before sending it to the database.,1,Dataset6000Req.xlsx
User shall select from the dropdown menu.,0,Dataset6000Req.xlsx
System shall maintain data integrity by preventing data loss through proper database management.,1,Dataset6000Req.xlsx
The system shall allow admins to validate and edit video segmentation.,0,Dataset6000Req.xlsx
"User shall input the date, destination, and duration for car rental.",0,Dataset6000Req.xlsx
The codebase shall be well-maintained with clean coding practices and thorough documentation to facilitate ease of maintenance.,1,Dataset6000Req.xlsx
System shall facilitate integration with institutional repositories and data catalogues.,1,Dataset6000Req.xlsx
"The system shall support multicast protocols for sending multicast messages, requiring compatible routers, network cards, and operating systems.",1,Dataset6000Req.xlsx
"The system shall automatically populate the ""estimate"" field if all estimators reveal the same card.",0,Dataset6000Req.xlsx
User shall be able to import EAD data.,0,Dataset6000Req.xlsx
The user shall be able to access help content in both offline and online modes.,1,Dataset6000Req.xlsx
User shall have access to a log of previously visited websites.,0,Dataset6000Req.xlsx
Only maintainers shall be granted access to internal servers for maintenance purposes.,1,Dataset6000Req.xlsx
System shall be able to store up to 300GB of data.,1,Dataset6000Req.xlsx
"Settings shall include notification settings, app language change, and help menu.",0,Dataset6000Req.xlsx
A server shall host the Foodie App and provide system data processing and storage capability.,0,Dataset6000Req.xlsx
'The Disputes application must conform to the legal requirements as specified by Regulation E and Regulation Z that govern credit card disputes processing.',1,dataset_raw.csv
The website shall focus on software quality attributes such as security and performance.,1,Dataset6000Req.xlsx
The system shall allow searching by date range for items.,0,Dataset6000Req.xlsx
User shall have the option to add advertisements on the website by providing necessary specifications about the property.,0,Dataset6000Req.xlsx
"Transaction receipt shall be 3.1 by 6 inches, while statement receipt shall be 4.2 by 12 inches.",0,Dataset6000Req.xlsx
The APAF system shall process the engineering and ancillary information necessary for calibration and science validation into IDFS data sets.,0,Dataset6000Req.xlsx
'The Brio portion of the WCS system must be able to export files in spreadsheet form (Microsoft Excel and Lotus 1-2-3 formats). Brio will provide buttons in the user interface that produce/export reports in .xls or .123 file formats.',1,dataset_raw.csv
A Data Publishing User shall be able to provide additional GeoJSON sources.,0,Dataset6000Req.xlsx
Administrator shall manage user accounts.,0,Dataset6000Req.xlsx
"The system shall allow site editors to add, edit, and set publishing dates for articles.",0,Dataset6000Req.xlsx
"System shall be able to respond to critical processes within defined time limits, including patient registration, consultation requests, and prescription lookup.",1,Dataset6000Req.xlsx
'The system shall link Events back to either the Sync Matrix 1.0 or the Exercise Managment Tool 1.0 applications for modifications.',1,dataset_raw.csv
The Khan Academy platform shall provide students with opportunities to practice and refine math skills.,0,Dataset6000Req.xlsx
User shall move multiple files using the Neurohub file browser.,0,Dataset6000Req.xlsx
User shall be able to specify disposal policies for datasets to ensure compliance with laws and agreements.,0,Dataset6000Req.xlsx
The system shall allow trainers to create new courses and events.,0,Dataset6000Req.xlsx
System shall ensure that enabling or disabling explore for a dataset does not result in silent loss of data or data available for explore.,1,Dataset6000Req.xlsx
"If the user enters incorrect username or password, the system shall display a warning message.",0,Dataset6000Req.xlsx
"Administrators shall be able to link a POI to a specific building, floor, and room number.",0,Dataset6000Req.xlsx
"User shall be prompted to enter their serial key, and the system shall verify information and password with the service provider.",0,Dataset6000Req.xlsx
Customer shall be able to view nearby restaurants(Specified Distance).,0,Dataset6000Req.xlsx
The user shall be able to choose a restaurant type from a list and see the results on a map.,0,Dataset6000Req.xlsx
News will be restricted to what is available in the feeds on the list of news RSS-feeds.,1,Dataset6000Req.xlsx
A Moderator shall be able to specify a warning for total ideas remaining.,0,Dataset6000Req.xlsx
Administrator shall be able to check feedbacks.,0,Dataset6000Req.xlsx
System shall regularly update and maintain the Gmail platform to ensure optimal performance and security.,0,Dataset6000Req.xlsx
'All CCR users shall receive training before the WCS system is deployed. One training session will be held for 100% of CCR users before system deployment (based on a CCR user being available)',0,dataset_raw.csv
System shall store all databases on redundant computers with automatic switchover for reliability.,1,Dataset6000Req.xlsx
The system shall be available for use from the supermarket's opening time to its closing time.,1,Dataset6000Req.xlsx
'The system shall have a professional appearance',1,dataset_raw.csv
"Official events listed on Drexel website, location and hours will have accuracy greater than 40%.",1,Dataset6000Req.xlsx
System shall include all relevant sites in its search engine index.,0,Dataset6000Req.xlsx
User shall always keep control over the activities of ALFRED.,0,Dataset6000Req.xlsx
A waiter password used for tablet login must be changed every three months.,1,Dataset6000Req.xlsx
The software interface shall be designed to provide a more intuitive and natural drawing experience for users with a touch-screen enabled tablet/monitor.,1,Dataset6000Req.xlsx
User shall be able to exchange information with police units/personnel.,0,Dataset6000Req.xlsx
"System shall provide options to search, filter, and sort content.",0,Dataset6000Req.xlsx
The BE shall be able to initiate a processing task on any Backend processor.,0,Dataset6000Req.xlsx
User shall have the option to select multiple search criteria.,0,Dataset6000Req.xlsx
The product shall comply with corporate User Interface Guidelines.,1,Dataset6000Req.xlsx
System shall provide a user-friendly registration form for ease of registration.,1,Dataset6000Req.xlsx
'The display shall have two regions: left 2/3 of the display is graphical right 1/3 of the display is a data table',1,dataset_raw.csv
"System shall be able to provide a list of the 3 nearest sites, sorted alphabetically by name, with links to their respective pages.",0,Dataset6000Req.xlsx
System shall facilitate information exchange between citizens and police.,0,Dataset6000Req.xlsx
"Upon successful login, the system shall create a secure session for the user.",0,Dataset6000Req.xlsx
System shall ensure maintainability by designing a flexible structure that allows for easy integration of new functionalities.,1,Dataset6000Req.xlsx
The product must be easily learnable within two days of onsite training for Adjusters and Collision Estimators.,1,Dataset6000Req.xlsx
"Each patient shall have mandatory information including first name, last name, phone number, personal health number, address, postal code, city, country, and patient identification number.",0,Dataset6000Req.xlsx
'The preferred repair facility ratings shall be saved by the system.',0,dataset_raw.csv
'shall be able to stream purchased movie via Windows Media Player for up to 2 days aftere purchase date.',0,dataset_raw.csv
The application itself will only have minimal logic and so there should be little to no issues with the computation required by the phone itself.,1,Dataset6000Req.xlsx
"The system shall adhere to relevant banking and financial industry regulations, including Know Your Customer (KYC) and Anti-Money Laundering (AML) requirements.",1,Dataset6000Req.xlsx
System shall display all related items that other users purchased in addition to the selected product.,0,Dataset6000Req.xlsx
"System shall be able to send a request to the central system, wait for a response, and perform the transaction accordingly.",0,Dataset6000Req.xlsx
A waiter shall only be able to log into one tablet at any given instance of time.,1,Dataset6000Req.xlsx
The LMS shall support 500 patrons and handle 1000 requests per minute simultaneously.,0,Dataset6000Req.xlsx
System shall process up to 50 tasks per second to maintain operational efficiency.,1,Dataset6000Req.xlsx
"System shall display updated time, location, and bus status on the user pages.",0,Dataset6000Req.xlsx
System shall be able to provide auto-suggestions for search queries.,0,Dataset6000Req.xlsx
The diagnostic history window shall display a maximum time interval of two years.,0,Dataset6000Req.xlsx
The system shall provide a way for parents to connect with staff in case of emergencies.,0,Dataset6000Req.xlsx
"The system shall utilize a relational database (MetadataDB) for storing structured video metadata like title, language, size, and duration.",1,Dataset6000Req.xlsx
"The system shall allow administrators to create ""Other"" courses/events without a listing fee.",0,Dataset6000Req.xlsx
Delivery boy shall be able to receive customer details from restaurant.,0,Dataset6000Req.xlsx
The system shall communicate with the database through a wireless Ethernet system.,0,Dataset6000Req.xlsx
System shall extract only events available in the agenda app from the agenda RSS feeds in the selected language.,0,Dataset6000Req.xlsx
System shall provide a user-friendly landing page for browsing training offerings.,1,Dataset6000Req.xlsx
System shall find diverse applications.,1,Dataset6000Req.xlsx
"User shall be able to search for items by price, location, or category.",0,Dataset6000Req.xlsx
"Users shall specify a timeframe (e.g., one day, one week, one month) for forecasts.",0,Dataset6000Req.xlsx
'The product will allow priviledged users to view meeting schedules in multiple reporting views.',0,dataset_raw.csv
The system shall allow users to chat with other users who are collaborating on a score.,0,Dataset6000Req.xlsx
The system shall allow site members to create profiles.,0,Dataset6000Req.xlsx
'The estimator shall search for available recycled parts using a list of preferred parts suppliers.',0,dataset_raw.csv
'The product shall provide Error Tracking Services.The product shall help the System Administrators and DBAs to resolve transaction errors 99% of the time.',1,dataset_raw.csv
System shall be able to allow clients to view driver history.,0,Dataset6000Req.xlsx
System shall set trigger values for turning heating or cooling units on or off based on initialization data.,0,Dataset6000Req.xlsx
User shall be able to view videos in full screen mode by pressing the full screen option button.,0,Dataset6000Req.xlsx
"The system shall allow users to create, join, and leave groups for shared expense management.",0,Dataset6000Req.xlsx
The administrator will be able to view system statistics and generate reports based on selected criteria.,0,Dataset6000Req.xlsx
"The student registration process shall complete in 10 seconds or less, company registration and job posting shall each take no more than 15 seconds, and student applications for jobs shall be processed within 20 seconds.",1,Dataset6000Req.xlsx
System shall allow users to participate in online discussions about LPG.,1,Dataset6000Req.xlsx
The system shall have high availability.,1,Dataset6000Req.xlsx
The system should perform its intended function without failure for a specified period.,1,Dataset6000Req.xlsx
Delivery boys shall toggle between Online/Offline/Break options.,0,Dataset6000Req.xlsx
The system shall use an MVC architecture to maintain sessions for better security and performance.,1,Dataset6000Req.xlsx
System shall remain available to the user without crashing.,1,Dataset6000Req.xlsx
System shall allow users to rate content on a scale of 1 to 8 and provide reviews.,0,Dataset6000Req.xlsx
Data transfer protocol shall be File Transfer Protocol (FTP).,0,Dataset6000Req.xlsx
"User shall experience regular backups of data, ensuring data integrity and preventing loss in case of failure.",1,Dataset6000Req.xlsx
User shall be able to confirm username and password changes through email notification.,0,Dataset6000Req.xlsx
"Quarterly, patient profiles without consultation requests for the last 3 years and consultation requests more than 3 years old shall be archived to improve performance.",0,Dataset6000Req.xlsx
Yoggie shall coordinate on future enhancement and features with our organization.,1,Dataset6000Req.xlsx
Premium Users shall be permitted to make up to 66 calls per day.,1,Dataset6000Req.xlsx
System shall record client booking requests.,0,Dataset6000Req.xlsx
Delivery boys shall pick up and deliver orders to customers.,0,Dataset6000Req.xlsx
The user shall be able to add the Module name for the class.,0,Dataset6000Req.xlsx
Candidates shall be able to choose the examination category and download the PDF containing cut off marks.,0,Dataset6000Req.xlsx
Crafty kids corner shall ensure high availability to ensure the website is accessible whenever kids want to engage with it.,1,Dataset6000Req.xlsx
"The system (MS Forms) shall define the data types allowed for each question (e.g., text, number, date).",0,Dataset6000Req.xlsx
"System shall prevent external users from requesting original receipts, restricting this action to internal users.",0,Dataset6000Req.xlsx
There shall be proper interconnectivity between files to facilitate communication.,0,Dataset6000Req.xlsx
Developer shall ensure the historical FPDS data loader includes both extracted historical data and FPDS feed data for comprehensive data analysis.,1,Dataset6000Req.xlsx
The system shall only allow registered users to access courses.,0,Dataset6000Req.xlsx
User shall be able to indicate where data will be stored during and after the project.,0,Dataset6000Req.xlsx
System shall provide sales managers with access to customer details and manage product sales and deliveries.,0,Dataset6000Req.xlsx
The user interfaces shall be according to the Android User Interface Guidelines.,1,Dataset6000Req.xlsx
Authenticated users can add properties to the system.,0,Dataset6000Req.xlsx
User's authentication credentials shall be encrypted and protected against brute force attacks.,1,Dataset6000Req.xlsx
System shall utilize consistent symbols and colors for notifications.,1,Dataset6000Req.xlsx
ASPERA-3 data shall be provided to NASA PDS no later than 6 months after acquisition.,1,Dataset6000Req.xlsx
'Program Administrators/Nursing Staff Members shall be able to cancel a clinical lab section only if there are no students registered for that clinical lab section.',0,dataset_raw.csv
User shall be able to register for a new LPG connection by being redirected to their company's portal and filling out the registration form.,0,Dataset6000Req.xlsx
"User will be notified if the barcode output is not generated due to an issue, prompting them to retry or seek assistance if needed.",0,Dataset6000Req.xlsx
User's personal information shall be securely stored to prevent identity theft.,1,Dataset6000Req.xlsx
Only a moderator shall be able to group ideas and specify a name for the group.,0,Dataset6000Req.xlsx
"User shall be able to create accounts to store profiles, contact info, purchase history, and confirm orders.",0,Dataset6000Req.xlsx
'The top 1/4 of the table will hold events that are to occur sequentially.',1,dataset_raw.csv
Program Administrators and Nursing Staff Members shall be able to add new classes for the nursing department into the system.',0,Dataset6000Req.xlsx
'The leads washing functionality shall receive a period list of available reps from the enterprise system.',0,dataset_raw.csv
User shall be able to add a new symptom.,0,Dataset6000Req.xlsx
System shall be able to modify the appearance of the separate launchers.,0,Dataset6000Req.xlsx
"The system shall use a commercial database for maintenance, with the application server taking care of the site.",1,Dataset6000Req.xlsx
System shall display the payment amount and corresponding application number on successful search.,0,Dataset6000Req.xlsx
"The Report menu allows the user to generate student and employee reports, including TC, class-wise report, course-wise report, result report, participation in ECA and inter-college competition, old student list, special achievements, department-wise report, and experience-wise report.",0,Dataset6000Req.xlsx
System shall be able to ensure that common operations on an equivalent document are completed within 0.2 seconds.,1,Dataset6000Req.xlsx
The BE shall verify that all sent data was successfully received. Report all errors.,0,Dataset6000Req.xlsx
"User shall be able to interact with the platform to create a LeetCode account, providing their email, username, and password.",1,Dataset6000Req.xlsx
User shall/will benefit from regular automated backups of the database and system configuration.,1,Dataset6000Req.xlsx
The system shall be able to handle 1000 customers logged in concurrently at the same time.,1,Dataset6000Req.xlsx
"System shall provide the allotted vehicle number, driver's mobile number, estimated charge, and update the car status to 'rented'.",0,Dataset6000Req.xlsx
'The product shall prevent the player from overlapping ships on their grid.',0,dataset_raw.csv
"The system shall run on various operating systems, including Windows and Linux, and be compatible with PCs, laptops, and PDAs.",1,Dataset6000Req.xlsx
"The Dispute System shall enable users to follow up on dispute cases, filtering follow-up actions by case status and user access level.",0,Dataset6000Req.xlsx
User shall be able to perform well even under adverse conditions such as high or low RAM usage.,1,Dataset6000Req.xlsx
"For totally unstructured information, AI libraries will be used to programmatically extract and store any information possible",0,Dataset6000Req.xlsx
'All movies shall be streamed on demand at any time of the day.',1,dataset_raw.csv
User adds items to the cart using JavaScript code.,0,Dataset6000Req.xlsx
System shall generate alert messages for upcoming or overdue vaccination dates.,0,Dataset6000Req.xlsx
The system shall allow camp administrators to schedule tasks/activities for specific camp groups.,0,Dataset6000Req.xlsx
The system shall refresh the display every 60 seconds.,1,Dataset6000Req.xlsx
System shall offer detailed venue information for user understanding.,1,Dataset6000Req.xlsx
"Software errors logged to permanent storage shall include the absolute time of occurrence, the name of the software module in which the error occurred, the name of the software function in which the error occurred, and a description of the error.",0,Dataset6000Req.xlsx
System shall facilitate communication between shop owners and the administrator for discussing product quality and advertisements.,0,Dataset6000Req.xlsx
User shall be able to purchase ALFRED at an affordable price.,0,Dataset6000Req.xlsx
An API User shall be able to normalize measures by GINI and related indexes.,0,Dataset6000Req.xlsx
User shall have the ability to create or initiate ticket retrieval requests within the Disputes System.,0,Dataset6000Req.xlsx
The system shall allow archivists to search non-public finding aids and view collection files.,0,Dataset6000Req.xlsx
System shall ensure the privacy of students and teachers; data shall not be stolen or accessed by non-users.,1,Dataset6000Req.xlsx
"System shall display a confirmation popup after the user fills out the form and clicks the submit button, saving the information to the database for further processing.",0,Dataset6000Req.xlsx
System shall log the serial number of a valid cash card.,0,Dataset6000Req.xlsx
"The system shall protect user data (financial information, group details) with robust security measures and access controls.",1,Dataset6000Req.xlsx
"User shall experience adaptability and flexibility in the app, accommodating evolving user needs, technological advancements, and market trends through modular architectures and extensible design patterns.",1,Dataset6000Req.xlsx
The system shall maintain low latency for a responsive user experience.,1,Dataset6000Req.xlsx
The recycled parts search results provided to the estimator shall be retrieved by the system.,0,Dataset6000Req.xlsx
The session shall conclude if a specified amount of ideas has been generated.,0,Dataset6000Req.xlsx
System shall integrate with Pure to enable dataset deposition and management within the platform.,0,Dataset6000Req.xlsx
System shall provide comprehensive documentation and training resources.,1,Dataset6000Req.xlsx
The system shall provide a help link that downloads a user manual and projects it onto the screen when users encounter difficulty using the program.,0,Dataset6000Req.xlsx
The server environment shall be single-tenant (no other applications running on the same server or container).,1,Dataset6000Req.xlsx
"Upon initialization, the THEMAS system shall be able to automatically turn off all heating and cooling units.",0,Dataset6000Req.xlsx
The user shall be able to either Save or Discard their changes for Term.,0,Dataset6000Req.xlsx
User shall provide hardware specifications and limitations.,1,Dataset6000Req.xlsx
'System shall let customers cancel their account process shall take no longer than 2 minutes. Database will mark the account as inactive and user will not be able to log into the website.',1,dataset_raw.csv
System must show any task that is completed in the task list.,0,Dataset6000Req.xlsx
The system shall provide continued access in case of server failure.,1,Dataset6000Req.xlsx
Clients shall be able to calculate fare.,0,Dataset6000Req.xlsx
The system shall be portable and operable on Windows 8 and Mac X operating systems.,1,Dataset6000Req.xlsx
The system shall interface with the faculty central server.,1,Dataset6000Req.xlsx
System shall output temperature trigger exceeded status if temperature limit is exceeded.,0,Dataset6000Req.xlsx
System shall utilize SSL (Secured Socket Layer) certificate for protection.,1,Dataset6000Req.xlsx
"System shall process transaction requests from the ATM, updating the account balance accordingly.",0,Dataset6000Req.xlsx
System shall be able to display a campus map with all historical sites marked upon clicking a Map Sites link on the homepage.,0,Dataset6000Req.xlsx
The system shall expose descriptive records for ETDs for external use.,0,Dataset6000Req.xlsx
Database backup and multiple admin setup with file access privileges shall be available.,0,Dataset6000Req.xlsx
User shall be able to cancel a ride by tapping on the cancel button.,0,Dataset6000Req.xlsx
The system shall be able to display its graphical user interface (GUI) within an 800 x 600 pixel resolution.,1,Dataset6000Req.xlsx
"The system shall empower end-users to manage their private data, including the option to delete their personal repository.",1,Dataset6000Req.xlsx
"Every night, a full backup of the system (database and code) shall be taken and sent to a remote site for safekeeping, with backups rotated every 30 days.",0,Dataset6000Req.xlsx
'The product shall interface with the ChoiceParts system once per day at approximately 1:00 AM.',1,dataset_raw.csv
The windows listing diagnostic results shall increase in height as needed to display entries up to a maximum of ten entries.,0,Dataset6000Req.xlsx
System shall support concurrent users.,1,Dataset6000Req.xlsx
System shall be able to process transaction requests on a device and send a message indicating the success or failure of the transaction.,0,Dataset6000Req.xlsx
System shall be able to search for a certain building on the campus of the TU/e by address.,0,Dataset6000Req.xlsx
User shall be able to process transaction requests.,0,Dataset6000Req.xlsx
Teasers shall be tracked in the database the same as ideas are tracked.,0,Dataset6000Req.xlsx
System supports offline surveys for uninterrupted data collection.,0,Dataset6000Req.xlsx
System shall be able to search for a certain POI on the campus of the TU/e by name.,0,Dataset6000Req.xlsx
System shall be able to display search results in descending order as a list of links.,0,Dataset6000Req.xlsx
The BE shall verify the successful receipt of incoming data from the Correlator.,0,Dataset6000Req.xlsx
User will input the verification code received.,0,Dataset6000Req.xlsx
The system shall allow researchers to request analog versions and order copies of digital objects.,0,Dataset6000Req.xlsx
"User shall post questions, comments, or discussions related to examinations.",0,Dataset6000Req.xlsx
Worker password reset shall be managed by the manager.,1,Dataset6000Req.xlsx
'The product will record meeting acknowledgements.',0,dataset_raw.csv
"User shall be able to access the application on all major web browsers without any slowdown, even during peak hours.",1,Dataset6000Req.xlsx
'The product shall use symbols and words that are naturally understandable by the realtor community.',1,dataset_raw.csv
System shall prevent users from accessing dispute cases that do not belong to their cardholder base.,0,Dataset6000Req.xlsx
User shall have an ALFRED device that listens only when prompted.,0,Dataset6000Req.xlsx
Administrator shall view submitted leave requests and take appropriate action.,0,Dataset6000Req.xlsx
Agenda will be restricted to what is available in the feeds on the list of agenda RSS-feeds.,1,Dataset6000Req.xlsx
The product shall ensure that the database's data corresponds to the data entered by the user. Each conference room reservation in the system will contain the same information as was entered by the user.',1,dataset_raw.csv
The system shall display dates and times in the user's local timezone.,0,Dataset6000Req.xlsx
'The product shall allow the player to position ships diagonally on their grid',0,dataset_raw.csv
The product shall be able to handle up to 1500 simultaneous users. The system shall perform with 1500 users as a time.,1,Dataset6000Req.xlsx
User shall be able to provide feedback through the feedback option.,0,Dataset6000Req.xlsx
AV telemetry data shall be available to support other TCS functions as required.,0,Dataset6000Req.xlsx
'Only authorized personnel can access sales information.',1,dataset_raw.csv
'For each turn the product shall identify one player as offensive status and one player as defensive status.',0,dataset_raw.csv
The system shall allow administrators to edit existing restaurant information.,0,Dataset6000Req.xlsx
The APAF system web server shall be password protected where appropriate to allow only pertinent ASPERA-3 team members access.,1,Dataset6000Req.xlsx
System shall be available 24 hours a day.,1,Dataset6000Req.xlsx
"When in billing mode, a surface computer shall display a representation of every meal ordered that may each be dragged into a payment.",0,Dataset6000Req.xlsx
'The audit report shall be available to other adjusters at later points in time.',0,dataset_raw.csv
User shall be able to link a card or bank account by providing card details and linking the account successfully.,0,Dataset6000Req.xlsx
The information and the search methods of the Student Handbook-app will be restricted depending on file format of the handbook-information.,1,Dataset6000Req.xlsx
The tool shall limit general users to a specific set of functionalities.,0,Dataset6000Req.xlsx
"System shall maintain consistency in performance, ensuring reliable and predictable operation.",1,Dataset6000Req.xlsx
"System shall allow users to search for buses using destination, boarding place, and date of journey, displaying available buses according to user requirements.",0,Dataset6000Req.xlsx
User shall be able to check the validity of their Freecharge and bank accounts.,0,Dataset6000Req.xlsx
"In case of failure, the program shall be re-initialized.",1,Dataset6000Req.xlsx
The system shall link events back to either the Sync Matrix 1.0 or the Exercise Managment Tool 1.0 applications for modifications.,0,Dataset6000Req.xlsx
'The product shall be available 24 hours per day seven days per week.',1,dataset_raw.csv
Support solution shall be accessible both within and outside the application through a browser interface.,1,Dataset6000Req.xlsx
The system shall ensure compliance with Google Maps API terms of use by adhering to Google's policies.,1,Dataset6000Req.xlsx
Automated banner ads on email headers shall notify job seekers of relevant jobs.,0,Dataset6000Req.xlsx
System shall be able to search for the to-location by the name of a building.,0,Dataset6000Req.xlsx
The system shall be designed to facilitate future evolution and maintenance operations.,1,Dataset6000Req.xlsx
The user shall search for the preferred repair facility using vehicle location and radius in miles.,0,Dataset6000Req.xlsx
'System shall automatically update the main page of the website every Friday and show the 4 latest movies that have been added to the website.',0,dataset_raw.csv
'If projected the data must be understandable. On a 10x10 projection screen 90% of viewers must be able to determine that Events or Activities are occuring in current time from a viewing distance of 100',1,dataset_raw.csv
The TCS shall have the functionality to transmit UAV mission plans to other TCSs.,0,Dataset6000Req.xlsx
The system shall store camper's immediate parent/guardian's information for contact purposes.,0,Dataset6000Req.xlsx
The software shall require internet access for functionality.,1,Dataset6000Req.xlsx
System reliability hinges on continuous backup maintenance and updates to reflect recent changes.,1,Dataset6000Req.xlsx
User shall have the option to customize the layout and appearance of their Gmail inbox.,0,Dataset6000Req.xlsx
The system shall allow archivists to automatically create access copies and technical metadata for files.,0,Dataset6000Req.xlsx
'The product is expected to integrate with multiple database management systems. The product will operate with Oracle SQL Server DB2 MySQL HSQL and MS Access.',1,dataset_raw.csv
"The user shall input new data through pulldown menus and text fields, navigating between pages with separate questions by clicking a button.",0,Dataset6000Req.xlsx
User shall be able to check their bank account balance before making a transaction.,0,Dataset6000Req.xlsx
Users shall set a secure password complying with password constraints.,0,Dataset6000Req.xlsx
System shall be able to handle a large number of users concurrently.,1,Dataset6000Req.xlsx
User shall be able to participate in the cashback system by making transactions.,0,Dataset6000Req.xlsx
"User shall be able to track and analyze sales performance, including total sales, top-selling medicines, and sales trends.",0,Dataset6000Req.xlsx
The system shall restrict access to resources based on user roles and permissions.,0,Dataset6000Req.xlsx
"Customer care representatives shall receive and address customer complaints, queries, and feedback.",0,Dataset6000Req.xlsx
The system shall secure itself by limiting access to authorized users and requiring password protection.,1,Dataset6000Req.xlsx
"The system shall log every state and state change of action, tablet, and display to provision recovery from system failure.",1,Dataset6000Req.xlsx
Free Users shall be allowed to make up to 33 calls per day.,1,Dataset6000Req.xlsx
Restaurants shall be able to receive orders from customers.,0,Dataset6000Req.xlsx
The system shall respond to user actions within a reasonable timeframe.,1,Dataset6000Req.xlsx
"User shall be able to delete a chemist/lab, only if no new prescription is pending.",0,Dataset6000Req.xlsx
System shall use the current stock value in calculations.,0,Dataset6000Req.xlsx
"The system shall be able to display content in the user's preferred language, allowing the restaurant owner to switch to English and view all text in English.",0,Dataset6000Req.xlsx
"System shall be able to change the buttons used in the user interfaces of the sub-apps and main application, excluding external resources.",0,Dataset6000Req.xlsx
System shall maintain a history of bookings.,0,Dataset6000Req.xlsx
User shall be able to update or edit their profile appearance.,0,Dataset6000Req.xlsx
System shall be able to verify if the user is situated within a 1-mile radius of the campus.,0,Dataset6000Req.xlsx
The system shall allow entering a custom agreed-upon estimate.,0,Dataset6000Req.xlsx
"System shall ensure users can log out of their accounts securely, preventing unauthorized access.",0,Dataset6000Req.xlsx
"When in billing mode, app shall display a representation of a bankcard payment for each customer.",0,Dataset6000Req.xlsx
System shall register new users by validating input data and updating the database accordingly.,0,Dataset6000Req.xlsx
System shall confirm all transactions with the customer’s web browser.,1,Dataset6000Req.xlsx
User shall be able to manage and share live research data to maintain workflow continuity.,0,Dataset6000Req.xlsx
The system shall allow users to collect responses and view submitted data.,0,Dataset6000Req.xlsx
"User shall be alerted if they attempt to enter a custom workout name that already exists in the system, prompting them to choose a different name.",0,Dataset6000Req.xlsx
"The system shall include ""legality"" checks to ensure user-placed notes adhere to musical rules.",0,Dataset6000Req.xlsx
"System shall facilitate easy maintenance of the system with its modular design, especially regarding changes in database contents.",1,Dataset6000Req.xlsx
User shall be able to access the login window for entering username and password.,1,Dataset6000Req.xlsx
System shall provide a secure login/registration system to prevent unauthorized access.,1,Dataset6000Req.xlsx
"User shall receive the product list within 2 seconds of requesting it, ensuring a responsive interface.",1,Dataset6000Req.xlsx
The interface shall have a simple look. In the interface and usability survey 90% of beta testers must report that the interface is adequately simple.',1,dataset_raw.csv
The system shall be highly available during working hours with all maintenance and backup activities occurring outside of these times.,1,Dataset6000Req.xlsx
Social travel application shall enable social actions on intelligence and export to external social networks.,0,Dataset6000Req.xlsx
"User shall be able to register by providing username, surname, password, and email.",0,Dataset6000Req.xlsx
"The system shall allow users to search for ebooks by title, author, genre, etc. and browse curated collections.",0,Dataset6000Req.xlsx
Clients shall be able to change their password.,0,Dataset6000Req.xlsx
The MultiMahjongClient must send this join information to the MultiMahjongServer,0,Dataset6000Req.xlsx
"Upon user login, the system will display personalized information and automatically add certain details to booking requests.",0,Dataset6000Req.xlsx
Staff shall unblock ATM cards blocked after three failed login attempts.,1,Dataset6000Req.xlsx
System's back-end databases shall be encrypted to protect customer data.,1,Dataset6000Req.xlsx
User's access to administrative functions shall be restricted to authorized personnel through role-based access control (RBAC).,1,Dataset6000Req.xlsx
The system shall maintain availability 24/7.,1,Dataset6000Req.xlsx
Every user of the system shall be authenticated and authorized.,1,Dataset6000Req.xlsx
Newsletters shall be sent to clients' email addresses.,0,Dataset6000Req.xlsx
The system shall cater to 10 simultaneous users from 9am to 5pm.,1,Dataset6000Req.xlsx
The system shall allow members to create and edit their profile descriptions.,0,Dataset6000Req.xlsx
User shall enter search text on the screen and display matching products based on the search.,0,Dataset6000Req.xlsx
The program shall provide the user ease and functionality without any charge.,1,Dataset6000Req.xlsx
"User shall view the workflow plan, execution history, and results recorded in Neurohub while executing a workflow.",0,Dataset6000Req.xlsx
"User shall delete a blog by clicking a button, with validation ensuring data integrity.",0,Dataset6000Req.xlsx
The total processor capability of the BE System shall be sufficient to accomplish all processing tasks while avoiding loss or delay on the input and output data streams.,1,Dataset6000Req.xlsx
The system shall enable logged-in customers to modify their shopping cart.,0,Dataset6000Req.xlsx
'The product shall be available to players who understand English Spanish and French. The product shall allow the user to select the language upon accessing the product.',1,dataset_raw.csv
User shall/will be able to login using username and password.,0,Dataset6000Req.xlsx
The system shall perform searches returning results within 5-8 seconds (simple) and 10-15 seconds (advanced) regardless of data size.,1,Dataset6000Req.xlsx
"System shall allow users to rate and review services by providing comments on tour plans or services, with comments stored in the database and a thank you message displayed.",0,Dataset6000Req.xlsx
User shall expect the system to recover to a stable state within 5 minutes in the event of a system failure.,1,Dataset6000Req.xlsx
Crafty kids corner shall implement backup and disaster recovery measures to prevent data loss in case of unforeseen events.,1,Dataset6000Req.xlsx
System shall send a message to the main developer team if the serial key is invalid.,0,Dataset6000Req.xlsx
User shall expect uninterrupted website functionality even during high network traffic.,1,Dataset6000Req.xlsx
The system shall allow users to package reproducible steps for data acquisition.,0,Dataset6000Req.xlsx
The TCS shall provide the functionality to control the ADT antenna.,0,Dataset6000Req.xlsx
"The TCS shall provide the capability to modify the maximum number of threats displayed, when de-clutter is selected.",0,Dataset6000Req.xlsx
"User shall have uninterrupted access to the system via a web browser, subject only to server downtime.",1,Dataset6000Req.xlsx
The system shall allow staff members to assign hearing dates for applications.,0,Dataset6000Req.xlsx
"The average number of recycled parts records per day shall be 50,000.",1,Dataset6000Req.xlsx
The system shall display a launcher to the Twitter-app version 3.1.10 on the main menu.,0,Dataset6000Req.xlsx
The system shall allow site editors to manage the FAQ section.,0,Dataset6000Req.xlsx
User shall/will be able to apply for loans and view their loan status.,0,Dataset6000Req.xlsx
User shall be able to issue complaints to traffic police as pedestrians or vehicle owners.,0,Dataset6000Req.xlsx
Only teachers shall mark students' attendance; neither admin nor students shall do so.,1,Dataset6000Req.xlsx
"User shall be able to rely on the system's redundancy measures, ensuring the reliability of data storage and minimizing the risk of data loss.",1,Dataset6000Req.xlsx
The system shall allow users to define layouts and themes for presentations.,0,Dataset6000Req.xlsx
User shall be able to search the book by a certain word or phrase.,0,Dataset6000Req.xlsx
"System shall use clear and familiar labels for navigation links, considering users' general knowledge and experience with similar systems.",1,Dataset6000Req.xlsx
The system should be easy to learn and use for users with varying levels of musical experience.,1,Dataset6000Req.xlsx
User shall be able to create a new account by entering basic details like address and phone numbers.,0,Dataset6000Req.xlsx
System shall ensure that apps can depend on the interface of a dataset type and have the system inject the implementation at runtime.,1,Dataset6000Req.xlsx
System shall recognize and process both current temperature and temperature setting data from thermostats.,0,Dataset6000Req.xlsx
The user shall be able to edit the Start and End date of the Academic Year.,0,Dataset6000Req.xlsx
'The WCS system must run queries to the WCS databases once again (on a specified day) to update the available data available to CCR users. Queries must be made to external databases for data refresh once a week.',1,dataset_raw.csv
The system shall allow users to add or modify metadata and data columns within Data Packages.,0,Dataset6000Req.xlsx
'The System shall not require additional third party licenses resulting in royalty fees.',1,dataset_raw.csv
The system shall highlight the currently playing notes during playback.,0,Dataset6000Req.xlsx
User shall not be able to reclaim a subsidy after giving it up.,1,Dataset6000Req.xlsx
The system shall be able to update inventory automatically upon user receipt of a requested asset.,0,Dataset6000Req.xlsx
"User shall be able to navigate the web, load pages, and interact with content.",0,Dataset6000Req.xlsx
"Objects shall be chosen by touching them once in the ingame screen, with the selected object brightened and distinct from others.",0,Dataset6000Req.xlsx
'The system shall update or create new property listings in the MLS',0,dataset_raw.csv
The information and the search methods of the Encyclopedia-app will be restricted to the services provided by the MediaWiki of the TU/e Encyclopedia.,1,Dataset6000Req.xlsx
Resumes will be imported directly from an existing database.,0,Dataset6000Req.xlsx
Security audits shall be conducted quarterly to identify potential vulnerabilities.,1,Dataset6000Req.xlsx
"For estimators, the product shall be able to be operated in a repair facility during dirty and noisy conditions.",1,Dataset6000Req.xlsx
The user shall be able to select if their class Repeats or Does not repeat.,0,Dataset6000Req.xlsx
The product shall create an exception log of problems encountered within the product for transmission to our company for analysis and resolution.,1,Dataset6000Req.xlsx
Users shall be able to clear all assignments for a particular class.,0,Dataset6000Req.xlsx
The system shall be able to validate credit card in less than 2 seconds.,1,Dataset6000Req.xlsx
Delivery boys shall receive incoming requests from restaurants.,0,Dataset6000Req.xlsx
"System shall ensure availability 24/7, informing users and preventing them from continuing in case of unexpected failures.",1,Dataset6000Req.xlsx
System shall be able to display an error message and take corrective action if multiple incorrect attempts are made.,0,Dataset6000Req.xlsx
"User shall be able to search for properties based on specific criteria such as location, area, and number of bedrooms.",0,Dataset6000Req.xlsx
'The product shall record updated meeting agendas.',0,dataset_raw.csv
"User shall be able to send various forms of messages, including text, media, and calls, with recent conversations displayed.",0,Dataset6000Req.xlsx
'The Disputes application shall interface with the Letters application. This will allow the Disputes application to request letters as part of the dispute initiation and dispute follow up process. All letter requests must be sent to the Print Letter Utility application.',1,dataset_raw.csv
User shall be able to add new patients to the system.,0,Dataset6000Req.xlsx
System shall employ role-based access control to safeguard sensitive DMP information.,1,Dataset6000Req.xlsx
"The system shall provide three forms of logging: registration for new users, login for existing users, and restricted login for anonymous users.",0,Dataset6000Req.xlsx
System shall verify the validity of the antivirus serial key during authorization.,0,Dataset6000Req.xlsx
The system shall have descriptive and easily understandable error messages.,1,Dataset6000Req.xlsx
Only designated maintainers are allowed to connect new users to the PayPal Payment System network and maintain records of all users and transaction status.,1,Dataset6000Req.xlsx
The system shall be able to process inter-faculty transfer requests initiated by authorized users and approved by faculty groups or higher levels.,0,Dataset6000Req.xlsx
System shall ensure accessibility to session information for user exploration.,1,Dataset6000Req.xlsx
Restaurant shall be able to assign a delivery boy to deliver an order.,0,Dataset6000Req.xlsx
The TCS shall provide the capability to override validation faults after the fault is acknowledged by the operator.,0,Dataset6000Req.xlsx
The system shall allow users to open the notification box and select desired notifications.,0,Dataset6000Req.xlsx
Users shall be able to register with a unique ID using their email address.,0,Dataset6000Req.xlsx
The system shall allow selecting the estimation scale (modified Fibonacci or powers of 2).,0,Dataset6000Req.xlsx
Communication between the Java application and the SQL database shall be established.,1,Dataset6000Req.xlsx
'The system shall be used within the specifications defined by the computers used by the Program Administrators/Nursing Staff Members.',1,dataset_raw.csv
'The product shall be expected to operate for at least 5 years for each customer installation.',1,dataset_raw.csv
All content on Crafty kids corner shall be age-appropriate and suitable for children.,1,Dataset6000Req.xlsx
The system shall allow camp administrators to suspend campers for behavioral issues.,0,Dataset6000Req.xlsx
User shall expect Weeble to load within 20 seconds for 90% of the time.,1,Dataset6000Req.xlsx
An API User shall be able to request dynamic polygons based on queries.,0,Dataset6000Req.xlsx
System shall be able to enable employees to select their availability.,0,Dataset6000Req.xlsx
The system shall flag tablets that fail to send timely keep-alive messages as non-operational and disassociate the assigned waiter from the tablet.,1,Dataset6000Req.xlsx
"The system shall be compatible with a variety of phone models (e.g., specify Android and/or iOS).",1,Dataset6000Req.xlsx
The system shall allow publishers to configure clients for data package publishing.,0,Dataset6000Req.xlsx
System shall support OAI-PMH for repository content exposure.,0,Dataset6000Req.xlsx
The system shall allow camp administrators to set reminders for specific tasks.,0,Dataset6000Req.xlsx
Users shall be able to download the mobile application for free through an application store or similar service on the mobile phone.,0,Dataset6000Req.xlsx
"The system shall prioritize usability, aiming for easy use and quick familiarity for end users without the need for training or assistance.",1,Dataset6000Req.xlsx
System shall offer customization options to adapt to different project requirements and workflows.,1,Dataset6000Req.xlsx
System shall enforce proper sequencing and provide guidance for users.,0,Dataset6000Req.xlsx
System shall automatically log out customers after a period of inactivity.,1,Dataset6000Req.xlsx
'The product shall free of computer viruses.',1,dataset_raw.csv
"User shall have access to various editing features including video collages, themes, music bank, and sound effects in the VivaVideo app.",0,Dataset6000Req.xlsx
"User shall be able to reset student details, clearing all stored information.",0,Dataset6000Req.xlsx
The system shall ensure text readability considering display characteristics and follow ISO 9241-303 for screen text legibility.,1,Dataset6000Req.xlsx
Program Administrators and Nursing Staff Members shall be able to add a student who has registered for a clinical class to a clinical lab section for that class.,0,Dataset6000Req.xlsx
'At the start of each turn the product shall notify each player of his or her status.',0,dataset_raw.csv
A customer shall be able to call for waiter assistance through their engaged menu.,0,Dataset6000Req.xlsx
"After confirmation, the customer shall receive a notification that the order is confirmed and will be delivered shortly.",0,Dataset6000Req.xlsx
System shall provide an Inbox feature for administrators to view all requests made by active members.,0,Dataset6000Req.xlsx
Passwords shall be stored in an instructor database and verified upon each session of roll or database modification.,1,Dataset6000Req.xlsx
V Mart shall handle expected and unexpected errors to prevent loss of information and minimize downtime.,1,Dataset6000Req.xlsx
Developer shall access an API from the website for integration into other applications.,0,Dataset6000Req.xlsx
System shall identify user and grant permission based on user type (instructor/student). (Level 1),0,Dataset6000Req.xlsx
"Faculties shall be able to upload and download assignments, college notices, student notices, journals, and videos.",0,Dataset6000Req.xlsx
The design of Webble shall ensure that at least 90% of users can navigate and understand the application after training.,1,Dataset6000Req.xlsx
"System shall send a ""bad account"" message to the ATM if there are account issues even with a valid cash card and password.",0,Dataset6000Req.xlsx
System shall be able to provide a visual response to user input within 100 milliseconds.,1,Dataset6000Req.xlsx
Stockify shall achieve a two-second response time for user requests under normal load conditions.,1,Dataset6000Req.xlsx
"The user interface shall be responsive, adapting to various devices and browsers.",0,Dataset6000Req.xlsx
'The system shall interface with the faculty central server.',1,dataset_raw.csv
'All actions that modify an existing dispute case must be recorded in the case history.',1,dataset_raw.csv
User may export attendance data in a chosen format.,0,Dataset6000Req.xlsx
"User shall display a tabular representation of the current stock value, highest and lowest values recorded, and the P/E ratio.",0,Dataset6000Req.xlsx
User shall/will be able to interact with the system using a standard keyboard and mouse.,1,Dataset6000Req.xlsx
'The product shall be intuitive and self-explanatory. : 90% of new users shall be able to start the display of Events or Activities within 90 minutes of using the product.',1,dataset_raw.csv
User shall be able to request refunds for products.,0,Dataset6000Req.xlsx
The system shall provide a mechanism for users to print the displayed data on a selected printer.,0,Dataset6000Req.xlsx
The system shall utilize a modular design with hot-swappable components for maximum repairability and uptime.,1,Dataset6000Req.xlsx
"User shall be able to copy items by selecting them and clicking the ""Copy"" button.",0,Dataset6000Req.xlsx
The system shall allow administrators to update restaurant owner information.,0,Dataset6000Req.xlsx
User shall have their meal planner tailored to accommodate their allergies and food choices for safety and dietary preferences.,1,Dataset6000Req.xlsx
The owner shall confirm and pack the order and hand it over to the delivery person.,0,Dataset6000Req.xlsx
Backup of the database shall be continuously maintained and updated to reflect the most recent changes.,1,Dataset6000Req.xlsx
System shall enforce a minimum set of metadata requirements to ensure consistent metadata quality.,1,Dataset6000Req.xlsx
The system shall be able to function in extreme temperatures to ensure reliability in adverse environmental conditions.,1,Dataset6000Req.xlsx
System shall be designed for mobile portability with minimal storage requirements and efficient performance.,1,Dataset6000Req.xlsx
The moderator shall be able to set a warning time to email users how many minutes are left in the current session.,0,Dataset6000Req.xlsx
User can register working locations of healthcare workers for use in health survey forms.,0,Dataset6000Req.xlsx
An instructor can change his/her password only by supplying the existing password.,1,Dataset6000Req.xlsx
"System should be able to operate efficiently on slow connections, ensuring fast and steady data flow.",1,Dataset6000Req.xlsx
The product will be as secure as the web browser that will run the product.,1,Dataset6000Req.xlsx
Profile updates shall be allowed at any time.,0,Dataset6000Req.xlsx
"The product shall interface with the Choice Parts System, providing the feed of recycled parts data.",1,Dataset6000Req.xlsx
"Bidders shall be able to choose the team they wish to bid on until the toss occurs; once the toss happens, the match is frozen.",0,Dataset6000Req.xlsx
Users who create a new game will be able to choose to play different variations of Mahjong rules other than those described in Section 4.3.1.,0,Dataset6000Req.xlsx
System shall enforce access control based on assigned user roles and permissions.,0,Dataset6000Req.xlsx
User shall be able to check transaction history and keep records.,0,Dataset6000Req.xlsx
Receipt and statement dispensers shall have specified maximum dimensions.,0,Dataset6000Req.xlsx
User shall plot a graphical representation of time versus stock value using closing rates.,0,Dataset6000Req.xlsx
The system shall allow users to upload tagged videos for processing.,0,Dataset6000Req.xlsx
User shall be able to load a document with 50 activities and 50 connections within 1 second on the client side.,1,Dataset6000Req.xlsx
User shall be able to apply cashback by entering promo code and successfully transferring the amount.,0,Dataset6000Req.xlsx
Employee shall maintain daily logs.,0,Dataset6000Req.xlsx
User shall view pictures related to each product in the product details for better understanding.,1,Dataset6000Req.xlsx
The system shall allow copying and pasting stories from a spreadsheet.,0,Dataset6000Req.xlsx
'The website will comply with W3C standards.',1,dataset_raw.csv
"The File menu shall offer Configure Diagnostics, Logout, and Exit in that order.",0,Dataset6000Req.xlsx
Performance must meet specified requirements even under high user load.,1,Dataset6000Req.xlsx
System shall ensure that dataset instances of a type created during app deployment start using the new code when a new version of the dataset type is deployed.,0,Dataset6000Req.xlsx
'The report of needed classes shall include (but not be limited to) classes to be offered number of sections needed number of labs needed and room types needed.',0,dataset_raw.csv
The system shall allow users to edit their personal data.,0,Dataset6000Req.xlsx
"System shall process up to 10,000 transactions per minute during normal workload conditions.",1,Dataset6000Req.xlsx
"Administrator shall have authority to set rules, regulations, and policies.",1,Dataset6000Req.xlsx
"Users can manage properties by viewing, editing, or deleting them.",0,Dataset6000Req.xlsx
'The product should be able to be used by 90% of novice users on the Internet.',1,dataset_raw.csv
FABS user shall have appropriate language on FABS pages.,0,Dataset6000Req.xlsx
The system shall be able to activate the appropriate heating or cooling unit based on a predefined temperature differential between the current temperature and setting.,0,Dataset6000Req.xlsx
The product shall be able to display calendar dates and times according to the user's locale. 90% of survey respondents from each target market country will find that the date and time formatting of the product is correct.',1,dataset_raw.csv
The system shall signal the mail message generator to send emails to customers and agents when needed.,0,Dataset6000Req.xlsx
Email messages to absent students shall be sent within one hour of the conclusion of a class.,1,Dataset6000Req.xlsx
"The system application will implement a secure ""passcode"" that users must enter each time they log in to prevent unauthorized access.",1,Dataset6000Req.xlsx
"The display shall have two regions, left 2/3 of the display is graphical right 1/3 of the display is a data table",0,Dataset6000Req.xlsx
Restaurants shall be able to view payments.,0,Dataset6000Req.xlsx
System shall utilize RAID V Disk Stripping on all database storage disks for reliability.,1,Dataset6000Req.xlsx
"The system shall not have explicit performance requirements, as server requests and responses depend on the end user's internet connection.",1,Dataset6000Req.xlsx
A Moderator shall be able to limit the number of nodes that an individual user can create.,0,Dataset6000Req.xlsx
"Data that is especially hard to extract, for whatever reason, will be manually extracted and added to the database by a developer.",0,Dataset6000Req.xlsx
'An employee will be able to successfully use the product within a few minutes. After informally navigating the product for less than 15 minutes users shall be able to successfully setup meetings and reserve conference rooms.',1,dataset_raw.csv
System must employ a consistent user interface look and feel.,1,Dataset6000Req.xlsx
The system shall be able to calculate possible Chow/Pung/Kong/Mahjong moves within 5 seconds of receiving the latest discard information.,1,Dataset6000Req.xlsx
Users shall be able to set their usernames for data discoverability.,1,Dataset6000Req.xlsx
User shall select the option of view completed tasks.,0,Dataset6000Req.xlsx
User shall navigate back to the previous screen using the back button located in the top left corner of every screen except the Homepage.,0,Dataset6000Req.xlsx
"The CO will be able to recognise ""almost finished"" sets of tiles (i.e. 2 tiles in a sequence is an almost finished Chow) and will not discard tiles in such sets.",0,Dataset6000Req.xlsx
Admin shall be able to display offers for specific restaurants.,0,Dataset6000Req.xlsx
'The streaming server will support 50 simultaneous streaming connections.',1,dataset_raw.csv
"The system shall run on PC, Laptops, and PDA etc.",1,Dataset6000Req.xlsx
Crafty kids corner shall feature an intuitive user interface design suitable for each age group.,1,Dataset6000Req.xlsx
The system shall integrate with Symplectic Elements for bidirectional communication (if needed).,0,Dataset6000Req.xlsx
The Disputes System must provide viewing capability for existing dispute cases.,0,Dataset6000Req.xlsx
Customer shall view grocery items by entering keywords in the search option.,0,Dataset6000Req.xlsx
"User shall provide additional details such as voter ID, bank account number, etc.",0,Dataset6000Req.xlsx
The system shall allow researchers to stream audio/video files and export descriptive data.,0,Dataset6000Req.xlsx
The System must provide adequate response times for commonly performed functions under both standard and peak conditions,1,Dataset6000Req.xlsx
FABS user shall have additional helpful information in the submission dashboard.,0,Dataset6000Req.xlsx
Users shall be able to voluntarily give up their subsidy through the system.,0,Dataset6000Req.xlsx
Users shall be able to send messages to a team of people.,0,Dataset6000Req.xlsx
The product must support Mozilla Firefox 1.0 and above.,1,Dataset6000Req.xlsx
'The product shall create an exception log of problems encountered within the product for transmission to our company for analysis and resolution.',1,dataset_raw.csv
"The TCS shall be capable of interfacing with the specified data terminal and issuing data link terminal commands required to establish, control, and maintain the data link with a selected AV.",0,Dataset6000Req.xlsx
All user created nodes shall be filtered for profanity and removed if any exists.,0,Dataset6000Req.xlsx
The screen shall allow the moderator to filter/sort/view/edit/close sessions.,0,Dataset6000Req.xlsx
User shall be able to add items to their cart by selecting the Add to Cart button.,0,Dataset6000Req.xlsx
The system shall communicate through web browser enabling and use HTTP protocol for data transfer.,1,Dataset6000Req.xlsx
A Data Publishing User shall be able to edit a published dataset.,0,Dataset6000Req.xlsx
"The system shall be designed for high availability and accessible via a web browser, with the only access interruptions occurring during scheduled server downtime.",1,Dataset6000Req.xlsx
The system shall allow users to change the tempo of the music within a score.,0,Dataset6000Req.xlsx
HTML and CSS define the structure and styling of the cart interface.,0,Dataset6000Req.xlsx
The system shall be able to update user information when an administrator edits an existing user profile.,0,Dataset6000Req.xlsx
User shall be able to contact administrators for feedback or assistance.,0,Dataset6000Req.xlsx
The system shall be secure and protect user privacy by following data security best practices.,1,Dataset6000Req.xlsx
"The system shall display a list of Certified Scrum Masters, Practitioners, Trainers, and Product Owners.",0,Dataset6000Req.xlsx
'The user shall select to view the preferred repair facility ratings.',0,dataset_raw.csv
'The audit report shall include the total score of the audit which sums the indivual line items.',0,dataset_raw.csv
System shall ensure seamless integration with Drupal Planet for blog posts.,1,Dataset6000Req.xlsx
User shall be able to add additional properties for repositories.,0,Dataset6000Req.xlsx
The system shall perform drug interaction checks to ensure patient safety.,0,Dataset6000Req.xlsx
"System interfaces must allow customization, including menu contents, screen layout, function keys, colors, and fonts.",1,Dataset6000Req.xlsx
The system's reliability shall be primarily dependent on a continuously maintained and updated database backup that reflects the latest changes.,1,Dataset6000Req.xlsx
The system shall use SSL in all transactions that include any confidential customer information.,1,Dataset6000Req.xlsx
The server hosting the E-learning web application shall have its own security measures to prevent unauthorized write/delete access.,1,Dataset6000Req.xlsx
System shall automatically log out the user after a period of inactivity.,1,Dataset6000Req.xlsx
The user shall be able to select a product and view its details.,0,Dataset6000Req.xlsx
"The system shall have a user-friendly interface with clear menus, buttons, and icons.",1,Dataset6000Req.xlsx
User shall/will interact with an intuitive user interface requiring minimal training.,1,Dataset6000Req.xlsx
The system shall allow listing and browsing of collections by users and repository managers.,0,Dataset6000Req.xlsx
A Data Consuming User shall be able to share visualizations via URL.,0,Dataset6000Req.xlsx
System shall be able to seamlessly integrate metadata from external sources into DMPs.,0,Dataset6000Req.xlsx
'The leads washing functionality will store any potential lead duplicates returned by the enterprise system.',0,dataset_raw.csv
Staff shall maintain account backups for reliability and rollback changes during abnormal shutdowns.,1,Dataset6000Req.xlsx
The system shall render complex graphics and enable smooth on-screen navigation.,0,Dataset6000Req.xlsx
Unauthorized attempts to access cases must be logged in the audit trail.,1,Dataset6000Req.xlsx
User shall be able to view information about various subjects offered.,0,Dataset6000Req.xlsx
The search feature should be prominent and easy to find for the user.,1,Dataset6000Req.xlsx
The product shall be supported using the corporate support center.,1,Dataset6000Req.xlsx
The system shall provide forms for users.,0,Dataset6000Req.xlsx
The system shall require a valid user ID and password for access.,0,Dataset6000Req.xlsx
User shall be able to determine if a sent snap has been received by the recipient.,0,Dataset6000Req.xlsx
System shall notify user via email. (Level 1),0,Dataset6000Req.xlsx
"System shall integrate with Primo for unified search functionality across books, articles, and datasets.",1,Dataset6000Req.xlsx
'The system shall be able to display a printable summary for individual clinical labs which will include (but not be limited to) class name class number lab section listing of students enrolled instructor day(s) time and location.',0,dataset_raw.csv
The diagnostic history window shall provide user selections for start times and end times for the history interval.,0,Dataset6000Req.xlsx
"The system's response time to users and various time measurements, such as refresh time, shall be optimized for efficiency.",1,Dataset6000Req.xlsx
High-quality applications shall be received from a customized job board.,0,Dataset6000Req.xlsx
"User shall apply for various jobs on the website by providing details regarding date, schedule, and location.",0,Dataset6000Req.xlsx
Delivery boys shall receive notifications for restaurant and customer payment details.,0,Dataset6000Req.xlsx
User shall deploy a new version of a dataset type as part of an app artifact without affecting other datasets of this type.,0,Dataset6000Req.xlsx
System shall maintain the book status as Pending when a member requests a book.,0,Dataset6000Req.xlsx
"The user shall be able to view their upcoming and current tasks, classes, exams, and reminders.",0,Dataset6000Req.xlsx
"The diagnostic information window shall have a button labeled Print that when clicked will display a window listing items to print including the diagnostic information window, the history window, and both the diagnostic and history windows.",0,Dataset6000Req.xlsx
Visitors shall access the site without registration.,0,Dataset6000Req.xlsx
The product shall be expected to operate for at least 5 years for each customer installation.,1,Dataset6000Req.xlsx
Frequently-executed System transactions must be designed so that they can be completed with a small number of interactions (e.g. mouse clicks).,1,Dataset6000Req.xlsx
"User shall be able to register and apply for verification on the web portal by providing username, password, address, email address, and phone number.",0,Dataset6000Req.xlsx
System shall be able to search for the from-location by the name of a building.,0,Dataset6000Req.xlsx
'The System shall generate Inventory Quantity Adjustment document automatically when daily Product Sales data is available.',0,dataset_raw.csv
There will be no restriction in time or place for the use of the software built from the specifications produced under this contract.,1,Dataset6000Req.xlsx
System must perform effectively in adverse conditions.,1,Dataset6000Req.xlsx
The system shall utilize a high-performance CPU to improve the speed and responsiveness of drawing tools.,1,Dataset6000Req.xlsx
"The system shall ensure a high level of availability, with minimal downtime for maintenance or upgrades.",1,Dataset6000Req.xlsx
System shall be able to plan a route to the location of a selected employee's office.,0,Dataset6000Req.xlsx
'The WCS system shall use appropriate nomenclature and terminology as defined by the Corporate Community Grants organization. All interfaces and reports will undergo usability tests by CCR users.',1,dataset_raw.csv
User shall be able to manage transactions in MySQL to ensure data integrity.,0,Dataset6000Req.xlsx
The system shall display each estimator's prior estimates for the current story.,0,Dataset6000Req.xlsx
"System shall be available at all times, providing stable access to users.",1,Dataset6000Req.xlsx
FABS user shall have read-only access to DABS.,0,Dataset6000Req.xlsx
System shall trigger the mail message generator to send emails to customers and agents as needed.,0,Dataset6000Req.xlsx
System shall process temperature data to determine if heating or cooling unit activation is necessary.,0,Dataset6000Req.xlsx
'New System version releases shall be released at the beginning of each NFL season.',1,dataset_raw.csv
User shall be able to generate reports on student course information. (Level 1),0,Dataset6000Req.xlsx
User shall be able to add restaurant information by completing mandatory fields and optionally adding additional details.,0,Dataset6000Req.xlsx
System shall support linking datasets to external repositories to streamline deposition processes and avoid duplication.,0,Dataset6000Req.xlsx
Program Administrators and Nursing Staff Members shall have the ability to specify which classes are required for a Program of Study.,0,Dataset6000Req.xlsx
A moderator shall be able to edit a previously created session.,0,Dataset6000Req.xlsx
"Users shall be able to view search results in a list containing details like restaurant name, contact information, distance, price, description, links, and sort/filter the results by various criteria.",0,Dataset6000Req.xlsx
Documentation for all system modules shall be provided for maintainability.,1,Dataset6000Req.xlsx
"The system shall store car information including make, model, year, and color.",0,Dataset6000Req.xlsx
"User shall be able to access the Disputes System, which must be accessible to both internal and external users.",0,Dataset6000Req.xlsx
Delivery boy shall be able to receive incoming requests from restaurants.,0,Dataset6000Req.xlsx
The system shall allow parents to sign and submit consent forms electronically.,0,Dataset6000Req.xlsx
User shall receive a message when network coverage is low.,1,Dataset6000Req.xlsx
Superuser shall view users' stats to monitor website usage.,0,Dataset6000Req.xlsx
"The application should be installable on Microsoft or Unix platforms and compatible with browsers such as IE, Firefox, Chrome, Opera, or Safari.",1,Dataset6000Req.xlsx
Saving jobs of interest in a queue shall be possible for candidates.,0,Dataset6000Req.xlsx
The system shall display a list of the most popular site items for visitors.,0,Dataset6000Req.xlsx
"The system shall allow users to report Snapchatters for irrelevant, inappropriate content, misbehavior, or anything uncomfortable and shall take strict action against reported individuals, posts, or spam.",1,Dataset6000Req.xlsx
The system shall allow staff members to send or post citations and fines.,0,Dataset6000Req.xlsx
The system shall support the addition of chords to a score.,0,Dataset6000Req.xlsx
The system shall allow users to validate Data Packages to ensure data conformity.,0,Dataset6000Req.xlsx
System shall function optimally within the specified hardware configurations.,1,Dataset6000Req.xlsx
Internal notes on applicants shall be maintainable.,0,Dataset6000Req.xlsx
User shall be able to access coding problems across various difficulty levels and categories.,0,Dataset6000Req.xlsx
"The server shall be capable of supporting no less than 200 concurrent connections from any combination of computers, tablets and displays.",1,Dataset6000Req.xlsx
User shall be able to view their watch history.,0,Dataset6000Req.xlsx
The system shall track which campers submitted which forms to ensure compliance.,0,Dataset6000Req.xlsx
"The application should be available at all working hours, with maintenance or backup operations conducted outside of working hours.",1,Dataset6000Req.xlsx
User shall install Neurohub dependencies into an Ubuntu 10.04 LTS machine using Ubuntu package management tools.,0,Dataset6000Req.xlsx
Administrators shall download embargo metadata for ETDs.,0,Dataset6000Req.xlsx
Any and all errors associated with failures of the diagnostic algorithms shall be logged as described in subsequent specifications and selected errors shall be reported to the user.,1,Dataset6000Req.xlsx
User shall be able to connect to both Wi-Fi and mobile networks for seamless connectivity.,1,Dataset6000Req.xlsx
The system shall integrate with data repositories like CKAN and Zenodo for publication and storage.,0,Dataset6000Req.xlsx
'100% of the cardmember and merchant services representatives shall use the Disputes application regularly after a 2-day training course.',1,dataset_raw.csv
System shall utilize user cookies to study the buying pattern of the user.,0,Dataset6000Req.xlsx
'The product shall process messages within 2 seconds.The product shall have a maximum message processing time of 2 seconds',1,dataset_raw.csv
Users must be advised not to share their PIN with anyone.,1,Dataset6000Req.xlsx
The GUI will have a chat window displaying questions sent to the system and responses from the API.,0,Dataset6000Req.xlsx
User will input a new password and confirm the password.,0,Dataset6000Req.xlsx
System shall utilize Microsoft SQL Server 2008 as the database management system.,1,Dataset6000Req.xlsx
"For any systematic action, such as disputes aging process, a case activity will be generated, and the user who initiated the dispute case must be notified upon next logon.",0,Dataset6000Req.xlsx
"System shall prioritize usability, striving to satisfy the maximum number of customer needs efficiently.",1,Dataset6000Req.xlsx
"User shall be able to learn about sponsorship levels, to determine appropriate sponsorship.",0,Dataset6000Req.xlsx
The system shall allow administrators to permanently remove dishes from the list.,0,Dataset6000Req.xlsx
Users shall be able to participate in discussion forums within the system.,0,Dataset6000Req.xlsx
The THEMAS system shall be able to determine the operational state of all heating and cooling units by issuing a power off command.,0,Dataset6000Req.xlsx
"User shall validate PAN card number format as AAAA9999A, with first five characters as letters, followed by four digits, and ending with a letter.",0,Dataset6000Req.xlsx
'Realtor shall be able to generate a CMA report based on property criteria',0,dataset_raw.csv
System shall have a contractual agreement with an internet service provider for T3 access with 99.9999% availability.,1,Dataset6000Req.xlsx
Past data up to the present date shall be available for context.,0,Dataset6000Req.xlsx
Users shall be able to register for a new LPG connection using the system.,0,Dataset6000Req.xlsx
The system shall warn the user that the particular field is mandatory and allow the user to continue completing.,0,Dataset6000Req.xlsx
Users shall select the recruitment option and choose Forms and Downloads.,0,Dataset6000Req.xlsx
"The user shall be able to check a box on ""Resit"" if they are giving the exam again.",0,Dataset6000Req.xlsx
'The data displayed in both the nodes within the graph and the rows in the table are MSEL Summary data',0,dataset_raw.csv
"The system shall scan documents and convert them into digital files (e.g., PDF, JPG, PNG) as specified by the user.",0,Dataset6000Req.xlsx
"System shall calculate modification charges based on modifying time, date, route, availability, display new fares, and process payments through the payment gateway.",0,Dataset6000Req.xlsx
User shall restrict communication when validating the user or license using HTTPS for security.,1,Dataset6000Req.xlsx
User shall be able to generate and share a snapcode to share their profile.,0,Dataset6000Req.xlsx
The system shall allow trainers to list their upcoming classes with links to detailed pages.,0,Dataset6000Req.xlsx
"User shall be able to send audio, video, and image attachments, with supported formats and a maximum file size of 2MB per message.",0,Dataset6000Req.xlsx
The PayPal network must be available 24 hours a day to ensure continuous service availability.,1,Dataset6000Req.xlsx
"User shall have a cancellation deadline tied to registration/cancellation workflow, to avoid financial loss.",0,Dataset6000Req.xlsx
User will require a minimum internet connection speed of 500kbps to play videos without buffering.,1,Dataset6000Req.xlsx
"End-users shall be provided with control over their private data, including deletion options, by the system.",1,Dataset6000Req.xlsx
System shall validate the selected files according to specified criteria.,0,Dataset6000Req.xlsx
The product shall retain user preferences in the event of a failure.,1,Dataset6000Req.xlsx
Users shall be able to configure settings both locally on the device and remotely.,1,Dataset6000Req.xlsx
The system shall allow staff members to generate planning-related reports.,0,Dataset6000Req.xlsx
System shall generate and send OTP for mobile and email verification.,0,Dataset6000Req.xlsx
The user shall be able to select French as their preferred language for the web portal.,0,Dataset6000Req.xlsx
"The system shall offer functionalities for users to mark debts as settled (e.g., by cash payment) and update balances accordingly.",0,Dataset6000Req.xlsx
Clinical site information shall include (but not be limited to) the name of the site contact person and contact information.,0,Dataset6000Req.xlsx
The system shall be able to monitor thermostat and heating/cooling data to trigger specific events.,0,Dataset6000Req.xlsx
The system shall support concurrent user access without experiencing performance degradation.,1,Dataset6000Req.xlsx
The system shall provide a mobile app for accessing CRM functionalities on the go.,0,Dataset6000Req.xlsx
System shall be extremely portable via USB drive.,1,Dataset6000Req.xlsx
User shall be able to input a correct last watched title string and validate its presence.,0,Dataset6000Req.xlsx
System shall record client’s request for booking.,0,Dataset6000Req.xlsx
"The system shall allow visitors to subscribe to RSS feeds for news, courses/events, and articles.",0,Dataset6000Req.xlsx
"System shall enable users to search for books based on name, subject, status, author, and publisher.",0,Dataset6000Req.xlsx
System shall authenticate user credentials to grant access to the profile.,0,Dataset6000Req.xlsx
System shall maintain data elements and rules up to date.,0,Dataset6000Req.xlsx
The application and its options will be in US English and Unicode format for globalization support.,0,Dataset6000Req.xlsx
'The product shall allow for customization of start page and views preferences.',1,dataset_raw.csv
System shall offer multiple individual sponsorship choices during registration.,1,Dataset6000Req.xlsx
User shall be able to track orders by providing tracking ID or order ID and view the recent position of a product.,0,Dataset6000Req.xlsx
"The system shall enforce robust user authentication, allowing access only through verified and authorized methods.",1,Dataset6000Req.xlsx
The system shall be secure and protect scanned documents from unauthorized access using encryption and access controls.,1,Dataset6000Req.xlsx
System shall display the full news report after a user chooses the corresponding news title.,0,Dataset6000Req.xlsx
Web interface shall use clear and consistent terminology for ease of use by users with basic internet and office experience.,1,Dataset6000Req.xlsx
"User shall/will be able to operate the system on Windows XP, Windows 7, or above operating systems.",1,Dataset6000Req.xlsx
"Snapchat shall prioritize continuous maintenance, utilize beta testing for new feature acceptance, and deliver frequent updates to surprise users.",1,Dataset6000Req.xlsx
'The Disputes application shall comply with the corporate standards for user interface creation for internally and externally used applications.',1,dataset_raw.csv
The search results shall be returned no later 30 seconds after the user has entered the search criteria.,1,Dataset6000Req.xlsx
"System shall be able to change the text elements used in the user interfaces of the sub-apps and main application, excluding external resources.",0,Dataset6000Req.xlsx
The system shall allow researchers to search OCRed text in digitized documents.,0,Dataset6000Req.xlsx
The BE System shall be capable of accepting an aggregate data input stream from the Correlator of a minimum of 1.6 Gbytes/sec.,1,Dataset6000Req.xlsx
The system shall allow applicants to complete building development projects and receive posted bonds or occupancy permits.,0,Dataset6000Req.xlsx
The system shall allow users to integrate reference data with their datasets for geographic mapping.,0,Dataset6000Req.xlsx
The system shall allow a Program Administrator or Nursing staff member to remove a student from a clinical lab section.,0,Dataset6000Req.xlsx
The product shall have a consistent color scheme and fonts.,1,Dataset6000Req.xlsx
The system shall allow deleting items from the estimation list.,0,Dataset6000Req.xlsx
User shall generate reports and statistics on examination performance.,0,Dataset6000Req.xlsx
"User shall access the Library section containing History, Watch Later, and Liked Videos options.",0,Dataset6000Req.xlsx
"The system shall provide self-descriptive navigation, allowing users to understand their location, history, and future options within the application.",1,Dataset6000Req.xlsx
The system shall perform automatic plankton species pre-classification in Plankton Portal images.,0,Dataset6000Req.xlsx
Each computer system in the CMCS shall have a hardware based watchdog timer configured to reboot the system in the case of a system hang.,1,Dataset6000Req.xlsx
The system shall be compatible with a supported operating system (Windows or macOS) and meet the minimum hardware specifications for Adobe Illustrator to function properly.,0,Dataset6000Req.xlsx
The system shall protect user data and repository content with robust security measures.,1,Dataset6000Req.xlsx
"The system shall use a best-effort multicast/broadcast approach, where delivery of packets to all specified agents is not guaranteed.",1,Dataset6000Req.xlsx
Screen resolution shall be at least 800x600 for complete viewing.,0,Dataset6000Req.xlsx
The system shall be available to users 24/7 with minimal downtime.,1,Dataset6000Req.xlsx
The system shall be able to process test shipping orders.,1,Dataset6000Req.xlsx
The administrator will be able to select and update the weekly roster based on employee availability.,0,Dataset6000Req.xlsx
System shall quickly identify new uploads in other channels and notify the user's channel database.,0,Dataset6000Req.xlsx
System shall generate reports on sensitive data classifications for access by designated personnel.,0,Dataset6000Req.xlsx
"The Facebook ""like"" interface shall be according to the Facebook Guidelines.",1,Dataset6000Req.xlsx
The system shall offer SEO recommendations for improving website and content search engine ranking.,0,Dataset6000Req.xlsx
The system shall be capable of handling a large number of simultaneous users without significant performance degradation.,1,Dataset6000Req.xlsx
'The product shall be updated on a regular basis.The product will have a new major feature introduced every six months and quarterly maintenance releases every six months.',1,dataset_raw.csv
The system shall increment the streak counter for daily snapping and reset it to zero upon a break in the chain.,0,Dataset6000Req.xlsx
The system shall utilize consistent symbols and colors for clear notifications.,1,Dataset6000Req.xlsx
"The system shall be able to update match statistics, including match date and result, and display the updated statistics.",0,Dataset6000Req.xlsx
System shall confirm reboot or shut down and allow user to take backups if needed.,0,Dataset6000Req.xlsx
"User shall be able to add restaurant information upon submitting the form, provided all mandatory fields are completed.",0,Dataset6000Req.xlsx
User shall utilize certain cryptographic techniques for security.,1,Dataset6000Req.xlsx
The administrator shall have the ability to create and add a new user to the system.,1,Dataset6000Req.xlsx
"User shall have access to predefined emergency response protocols and procedures within the app, providing assistance during critical incidents such as medical emergencies or natural disasters.",1,Dataset6000Req.xlsx
The system shall provide an API for integration with other software applications.,0,Dataset6000Req.xlsx
Developer shall prevent duplicate transactions from being published and address the time gap between validation and publishing decision.,0,Dataset6000Req.xlsx
The system must lock out users after three incorrect PIN attempts for security.,1,Dataset6000Req.xlsx
The system shall allow to Pay fees associated with services requested.,0,Dataset6000Req.xlsx
The Khan Academy platform shall be accessible for use by participating schools.,0,Dataset6000Req.xlsx
Agency user shall leave off the last 4 digits of the ZIP without encountering an error for seamless data submission.,1,Dataset6000Req.xlsx
'The message board shall contain the 5 most recently posted messages on the league page. The messages will contain up to the first 150 characters of the message.',0,dataset_raw.csv
User details and data should be stored securely in a database provided by the server.,1,Dataset6000Req.xlsx
The system shall utilize a database to store user information and data.,1,Dataset6000Req.xlsx
"The user shall make a request to reserve a book, which shall then be sent to the administrator for approval.",0,Dataset6000Req.xlsx
The data displayed in both the nodes of the graph and the rows of the table will be MSEL Summary data.,0,Dataset6000Req.xlsx
"User shall be able to add a new (unique) doctor with details such as name, age, sex, qualification, experience, and specialty.",0,Dataset6000Req.xlsx
'The system shall refresh the display every 60 seconds.',1,dataset_raw.csv
"Administrator shall be able to add new books to the library based on user requests, inputting all relevant details.",0,Dataset6000Req.xlsx
The system shall encrypt sensitive data before sending it over insecure connections like the internet.,1,Dataset6000Req.xlsx
'The product must support Internet Explorer 5.5 and above.',1,dataset_raw.csv
"The server shall have at least 4 vCPUs, either x86_64 or arm64 architecture.",0,Dataset6000Req.xlsx
The system shall allow joining a game by entering a name on the provided URL.,0,Dataset6000Req.xlsx
The user shall be able to make changes to the Subject Color.,0,Dataset6000Req.xlsx
The system shall be able to run in debug mode.,1,Dataset6000Req.xlsx
User shall access the e-store in multiple languages for enhanced accessibility.,1,Dataset6000Req.xlsx
User shall be able to authenticate locally.,0,Dataset6000Req.xlsx
"System shall provide a user interface familiar to depositors, integrating seamlessly with existing University systems.",1,Dataset6000Req.xlsx
The user shall be able to add a New Term.,0,Dataset6000Req.xlsx
System shall employ dial-up POS with central server using TCP/IP communication protocol.,0,Dataset6000Req.xlsx
The accuracy of the Generic Question Construction​ part will be close to 80%.,1,Dataset6000Req.xlsx
"The system shall be able to grant edit permissions for assets to departmental administrators, inventory users, faculty users, and university users based on their department affiliation and authorization level.",0,Dataset6000Req.xlsx
User shall/will access the system using a login/user-id and password managed securely.,1,Dataset6000Req.xlsx
Multiple qualifications and experiences will be added and submitted.,0,Dataset6000Req.xlsx
One insurance company shall not be able to view another insurance company's claim data.,1,Dataset6000Req.xlsx
"User shall be able to see a list of attendees associated with a specific company, to identify attendees from the same organization.",0,Dataset6000Req.xlsx
"User shall benefit from optimized resource utilization to minimize memory, CPU, and network bandwidth consumption, ensuring scalability and performance in resource-constrained environments.",1,Dataset6000Req.xlsx
User shall be able to search for a person by name.,0,Dataset6000Req.xlsx
'The language of the product shall accommodate all of the target market countries. 90% of survey respondents from each target market country will find that the language of the product is acceptable.',1,dataset_raw.csv
The system shall outline the step-by-step process for completing tasks within the system.,0,Dataset6000Req.xlsx
System shall replicate databases to off-site storage locations for backup.,1,Dataset6000Req.xlsx
"The user can manipulate and view fee payment details, including fees amount, concession, fees paid, balance amount, and donation fees.",0,Dataset6000Req.xlsx
The system shall use clear and predictable URLs (User).,1,Dataset6000Req.xlsx
"The user shall be able to complete mandatory registration by providing restaurant name, address, phone number, email address, and average price.",0,Dataset6000Req.xlsx
System shall adhere to specified quality attributes such as security and portability.,1,Dataset6000Req.xlsx
Admin shall be able to manage accounts.,0,Dataset6000Req.xlsx
Initialization Data,0,Dataset6000Req.xlsx
System shall provide meaningful error messages when dataset creation or reconfiguration fails due to incompatible properties.,1,Dataset6000Req.xlsx
The THEMAS system shall be able to accept temperature readings from thermostats only within a predefined valid range.,0,Dataset6000Req.xlsx
"Attachments and images shall be allowed in messages, subject to file size restrictions.",0,Dataset6000Req.xlsx
"System shall maintain efficiency even in the event of system failure, with recovery expected within an hour or less.",1,Dataset6000Req.xlsx
"User shall be able to see which trainings they have signed up for, to plan their event experience.",0,Dataset6000Req.xlsx
System shall detect consecutive failed login attempts.,1,Dataset6000Req.xlsx
User shall only delete routes that they have added.,0,Dataset6000Req.xlsx
'The vehicle data shall include vehicle year make and model',0,dataset_raw.csv
The system shall be able to personalize generic responses by inserting specific data.,0,Dataset6000Req.xlsx
The system shall be able to display a printable summary for individual cohorts which will include the students enlisted the Program of study sequence of classes cohort progress through the program and timeline of completion.,0,Dataset6000Req.xlsx
"If the validation fails, system shall prompt ""Wrong OTP"".",0,Dataset6000Req.xlsx
The TCS mission planning function shall provide a graphical user interface that gives the operator the ability to define waypoints on a map based display using a pointing device with full keyset redundancy.,0,Dataset6000Req.xlsx
"The system shall specify the content, format, and criteria for generating reports and other data outputs.",0,Dataset6000Req.xlsx
System shall be user-friendly and easy to navigate.,1,Dataset6000Req.xlsx
'The product shall use symbols and words that are naturally understandable by users familiar with websites',1,dataset_raw.csv
"The system shall allow students to choose courses and view their attendance records, grades, etc.",0,Dataset6000Req.xlsx
The system shall allow camp administrators to create and modify rules for campers and staff.,0,Dataset6000Req.xlsx
System shall integrate with Netbeans IDE 7.2.1 for Java development and MySQL Query Browser for database management.,1,Dataset6000Req.xlsx
"Admin shall update the timing of bus arrival and departure, as well as its location.",0,Dataset6000Req.xlsx
System shall provide detailed information on summits for user understanding.,1,Dataset6000Req.xlsx
Authorization login shall be required when the software starts.,1,Dataset6000Req.xlsx
System shall be able to search for the from-location by the address of a building.,0,Dataset6000Req.xlsx
"The system shall define data formats for cells (e.g., currency, percentages, dates) and enforce those formats.",0,Dataset6000Req.xlsx
User shall view the header information box showing the updated date and time.,1,Dataset6000Req.xlsx
System shall provide functionality to list all students enrolled in a particular year.,0,Dataset6000Req.xlsx
The system shall ensure patient data privacy and comply with HIPAA regulations (if applicable).,0,Dataset6000Req.xlsx
The system shall be able to generate asset reports based on location.,0,Dataset6000Req.xlsx
User shall/will have sensitive data encrypted during transmission and storage.,1,Dataset6000Req.xlsx
The system shall respond to highest priority user input or external interrupt and resume previous state upon completion.,1,Dataset6000Req.xlsx
"System shall secure all information in the library database and transactions, providing authentication for all users and restricting access to authenticated users only.",1,Dataset6000Req.xlsx
System shall provide comprehensive session information associated with sponsors.,1,Dataset6000Req.xlsx
System shall not accept cards if running out of cash and display an error message.,0,Dataset6000Req.xlsx
Lockout mechanisms shall be implemented for repeated incorrect password entries (3 times).,1,Dataset6000Req.xlsx
"In the Facebook settings menu, the system shall allow the user to delete their saved username and password for Facebook.",0,Dataset6000Req.xlsx
The BE shall combine the finished spectra with meta and auxiliary data to form suitably formatted output data sets.,0,Dataset6000Req.xlsx
User shall be able to log in to their LeetCode account using their email and password credentials.,1,Dataset6000Req.xlsx
The application shall be able to automatically download the class schedule of authenticated users.,0,Dataset6000Req.xlsx
'Program Administrators and Nursing Staff Members shall be able to add a new clinical lab section for an existing clinical class into the System.',0,dataset_raw.csv
Interface will be presented in a web browser.,0,Dataset6000Req.xlsx
The system shall validate prescriptions against doctor's licenses and patient profiles.,0,Dataset6000Req.xlsx
User shall be able to interact with the registration window for entering customer details and registering new customers.,1,Dataset6000Req.xlsx
Administrators shall be able to modify the list of TU/e related Twitter sites.,0,Dataset6000Req.xlsx
System shall prevent inadvertent overwriting of concurrent changes to records during editing.,1,Dataset6000Req.xlsx
User shall have a registered phone number for software registration.,1,Dataset6000Req.xlsx
System shall allow changes to security attributes for groups or users by super-users only.,1,Dataset6000Req.xlsx
"The system shall ensure the information link is clearly visible, clickable in one action, and functions as a link.",0,Dataset6000Req.xlsx
The software shall offer an essential non-functional requirement highlighting its operation.,1,Dataset6000Req.xlsx
The system shall allow users to specify funding sources for datasets.,1,Dataset6000Req.xlsx
"The system shall encrypt sensitive data (patient information, prescriptions) at rest and in transit.",1,Dataset6000Req.xlsx
The idea field shall be limited to a maximum of 250 characters to match the current EDGE system limitation.,0,Dataset6000Req.xlsx
"The system shall be able to complete processing of all onboard data, deliver the results to the End-to-End System and maintain availability for immediate resumption of operations once Correlator access is restored.",1,Dataset6000Req.xlsx
Perfective Maintenance: New features may be added post product delivery.,1,Dataset6000Req.xlsx
The system shall allow parents to view and edit their enrolled children's information.,0,Dataset6000Req.xlsx
"The admin can create, read, update, and delete realtors.",0,Dataset6000Req.xlsx
The application shall operate on all modern web browsers with all its core functionalities.,1,Dataset6000Req.xlsx
"Errors will be minimized, and users will be provided with appropriate error messages to guide them through the issue.",1,Dataset6000Req.xlsx
'The product shall conform to the Americans with Disabilities Act.',1,dataset_raw.csv
System shall ensure secure communication between the user and server by encrypting messages during log-in sessions to protect usernames and passwords.,1,Dataset6000Req.xlsx
'The system shall display Events in a vertical table by time.',0,dataset_raw.csv
A Data Publishing User shall have a view of all their published datasets.,0,Dataset6000Req.xlsx
The database will use the generic representations from R4.2.2.1 as table names or column headers for easier retrieval of data.,0,Dataset6000Req.xlsx
System's back-end servers shall only be accessible to authenticated management.,1,Dataset6000Req.xlsx
The system shall recommend videos based on uploaded pictures or geographical location.,0,Dataset6000Req.xlsx
FABS user shall have appropriate language on FABS pages for better user experience and understanding.,1,Dataset6000Req.xlsx
User shall/will experience optimal performance under increased loads through scalability tests.,1,Dataset6000Req.xlsx
'Product formula substitutionary ingredients shall be entered automatically by the PFE subsystem.',0,dataset_raw.csv
"User shall be able to read the blog, to stay informed about BADCamp happenings.",0,Dataset6000Req.xlsx
System shall provide timely responses to user inputs.,1,Dataset6000Req.xlsx
User shall be able to select from various workout sessions available in the app.,0,Dataset6000Req.xlsx
System shall be able to display forum threads and replies.,0,Dataset6000Req.xlsx
"Output reports include asset reports by location, request reports, and user permission reports.",0,Dataset6000Req.xlsx
Admin shall onboard recycling centers on the platform to increase information accuracy.,0,Dataset6000Req.xlsx
User data such as username and email shall be kept confidential for security purposes.,1,Dataset6000Req.xlsx
'The website should cater to all tribes in Nigeria.',1,dataset_raw.csv
"After successful validation, the course shall be purchased.",0,Dataset6000Req.xlsx
'The product shall allow a player to end a game at any time during the game.',0,dataset_raw.csv
System shall establish a safe connection between users over the network for optimal gaming experiences.,0,Dataset6000Req.xlsx
'The intranet pages should display appropriately in all resolutions from 800x600 and higher. The display of all the pages will be correct in 95% of the resolutions prior to implementation. The remaining 5% will be corrected within a week of notification of the incorrect display.',1,dataset_raw.csv
Users shall select the examination and choose the answer key option.,0,Dataset6000Req.xlsx
A customer shall be able to add an item to a pending order by dragging the item from the engaged menu onto the order.,0,Dataset6000Req.xlsx
Only authorized workers will be able to access the administrative panel.,1,Dataset6000Req.xlsx
The system shall integrate with Google Maps to provide location and travel time details.,0,Dataset6000Req.xlsx
'Only authorized user shall access the RFS system. ONLY users that exist in the UAS system with the RFS system assigned to their role(s) shall access the RFS system and use it.',1,dataset_raw.csv
The system must conform to Microsoft Accessibility standards for accessibility compliance.,1,Dataset6000Req.xlsx
"In the Facebook settings menu, the user shall be able to save their username and password for Facebook.",0,Dataset6000Req.xlsx
The system shall allow listing and browsing of objects by users and repository managers.,0,Dataset6000Req.xlsx
System shall assign default system data values when necessary.,1,Dataset6000Req.xlsx
The LMS shall automatically create notifications and send them to patrons via email when items are overdue.,0,Dataset6000Req.xlsx
'The product shall record all the equipment that has been reserved.',0,dataset_raw.csv
'A customer can only stream a movie if they purchased it and are within the 2 day viewing period.',1,dataset_raw.csv
"User shall be able to track the status of sent snaps, displaying ""delivered"" or ""received"" as appropriate.",0,Dataset6000Req.xlsx
The website shall support screen reader software for disabled users and comply with 508 standards.,1,Dataset6000Req.xlsx
The system shall allow integration with Active Directory for user login and password resets.,0,Dataset6000Req.xlsx
'The preferred repair facility ratings shall be saved within 5 seconds. The save shall occur within 5 seconds.',1,dataset_raw.csv
User shall receive tempting rewards for using the website.,0,Dataset6000Req.xlsx
The system shall minimize splash screens and only display them if they provide valuable information to the user.,1,Dataset6000Req.xlsx
Security concerns are mitigated as Light My Way doesn't create user profiles or access credentials.,1,Dataset6000Req.xlsx
Tester shall have access to test features in environments other than Staging.,0,Dataset6000Req.xlsx
System shall log transaction IDs securely and update log files accordingly.,0,Dataset6000Req.xlsx
The THEMAS system shall use the information contained in the initialization data file to determine which heating and cooling units are part of the THEMAS system.,0,Dataset6000Req.xlsx
"User shall have a login screen to enter username, pin, and account number.",0,Dataset6000Req.xlsx
All numerical requirements stated above are subject to measurable performance monitoring and evaluation.,1,Dataset6000Req.xlsx
Each student shall have only one account.,1,Dataset6000Req.xlsx
The System must be available to users on all weekdays/xxx days per year.,1,Dataset6000Req.xlsx
The average time for the server to respond will be less than or equal to 2 seconds.,1,Dataset6000Req.xlsx
'Only administrators can activate a pre-paid card.',1,dataset_raw.csv
The system shall be able to display a printable summary of the system log.,0,Dataset6000Req.xlsx
User shall be able to purchase additional features through online payments to enhance their gaming experience.,0,Dataset6000Req.xlsx
"Based on user feedback, Admin shall have the ability to change or modify accessibility.",0,Dataset6000Req.xlsx
User shall not be able to view other users' details for privacy and security reasons.,1,Dataset6000Req.xlsx
'The product shall respond fast to keep up-to-date data in the display.',1,dataset_raw.csv
The user will follow a number of links to World Wide Web documents.,0,Dataset6000Req.xlsx
"Under normal conditions, 95% of transactions shall be processed in less than 5 seconds.",0,Dataset6000Req.xlsx
The system shall be able to do authentication process for login and payment through bankcard.,1,Dataset6000Req.xlsx
User shall be able to view and edit their profile information.,0,Dataset6000Req.xlsx
System shall be easy to learn.,1,Dataset6000Req.xlsx
The BE shall be able to initiate a reboot of any Backend a physical processor.,0,Dataset6000Req.xlsx
User shall view and respond to posts from other users.,0,Dataset6000Req.xlsx
Intermediate files of cleaned-up ASPERA-3 and MEX OA telemetry shall be generated in the event that cleaned-up telemetry is not provided by ESOC.,0,Dataset6000Req.xlsx
System shall display available seats for summits for user convenience.,1,Dataset6000Req.xlsx
'The website should have an African feel but should not alienate non-Africans. The website should use animation on pages which are describing the services to grab the users attention and encourage them to sign up.',1,dataset_raw.csv
Session creators and moderators shall be able to import data from previously closed sessions into a currently open session.,0,Dataset6000Req.xlsx
The system shall display information clearly and accurately.,1,Dataset6000Req.xlsx
The user shall enter new ratings based on the audit report.,0,Dataset6000Req.xlsx
FABS user shall have additional helpful info in the submission dashboard for better management and oversight of submissions.,1,Dataset6000Req.xlsx
"Administrator shall be able to check the status of all books, including whether they have been issued or reserved, and view their details.",0,Dataset6000Req.xlsx
"The system shall allow repository managers to create, describe, and update collections.",0,Dataset6000Req.xlsx
'A secondary database will be used to store historical statistics and data.',1,dataset_raw.csv
User shall be able to purchase ALFRED from senior shops with dedicated client support.,0,Dataset6000Req.xlsx
"User data, such as username and email, shall be kept confidential for security purposes",1,Dataset6000Req.xlsx
User shall be able to view the application logo and affiliate logos upon startup.,0,Dataset6000Req.xlsx
System shall provide guidance and support for recording various data types in the DMP.,0,Dataset6000Req.xlsx
Administrators shall be able to modify the list of agenda RSS feeds available in Dutch.,0,Dataset6000Req.xlsx
The system shall meet the minimum requirements to allow for successful activation of Adobe Illustrator and access to all features.,0,Dataset6000Req.xlsx
User shall be able to delete student records.,0,Dataset6000Req.xlsx
"User shall be able to register for the application using a valid phone number, with a prompt upon installing the app.",0,Dataset6000Req.xlsx
"The calendar shall display all tasks, exams, and classes with their details.",0,Dataset6000Req.xlsx
System shall process the user's input and perform the desired action in the application interface.,0,Dataset6000Req.xlsx
User shall have an ALFRED device that speaks slowly and clearly.,0,Dataset6000Req.xlsx
Plug-in API will be well-documented for plug-in developers.,0,Dataset6000Req.xlsx
System shall validate the new password according to specified criteria.,0,Dataset6000Req.xlsx
System shall be able to allow staff to perform online data entry.,0,Dataset6000Req.xlsx
"Reliability will be ensured by extensive testing by the team members and mentors, if available.",1,Dataset6000Req.xlsx
System shall provide electronic course study materials to students.,0,Dataset6000Req.xlsx
"The user shall be able to apply lenses, set a timer, enable gridlines, enable flash, and then capture a selfie or photo.",0,Dataset6000Req.xlsx
"User shall be able to see a list of sessions associated with sponsor attendees, to engage with sponsors.",0,Dataset6000Req.xlsx
"The system shall support multiple languages for user interface elements, potentially including multilingual ebooks.",1,Dataset6000Req.xlsx
System shall ensure 24/7 availability with minimal downtime.,1,Dataset6000Req.xlsx
The system shall allow users to delete scores they own.,0,Dataset6000Req.xlsx
The system shall allow users to search for available distributed location templates(if any).,0,Dataset6000Req.xlsx
The system shall allow administrators to create and manage deposit groups with access controls.,0,Dataset6000Req.xlsx
Staff shall keep user bank accounts updated and consistent.,1,Dataset6000Req.xlsx
'The system will provide a 24 hour 800 toll free number for support to its customers.',1,dataset_raw.csv
"User shall be able to protect selected snaps with a passcode, accessible through Memories, with options to change or forget the passcode.",0,Dataset6000Req.xlsx
'The System shall granularly control access rights to all major subsystems. It should be possible to assign access rights to all subsystems independently.',1,dataset_raw.csv
The application shall be available to all users without any charges.,1,Dataset6000Req.xlsx
The system shall be able to like insApption from the main menu.,0,Dataset6000Req.xlsx
User shall change the super password.,0,Dataset6000Req.xlsx
'The Disputes applications shall interface with the Merchant Information Database. The Merchant Information Database provides detailed information with regard to the merchant. All merchant detail information shall be obtained from the Merchant Information Database.',1,dataset_raw.csv
Users will be able to Undo their last move if playing in single player mode.,0,Dataset6000Req.xlsx
System shall automatically log out customers after a period of inactivity for security.,1,Dataset6000Req.xlsx
Developing this product native-first enables cross-platform functionality.,1,Dataset6000Req.xlsx
System shall redirect to a page with respective selected type.,0,Dataset6000Req.xlsx
The system shall ensure that projected Event/Activity data is readable by 90% of viewers on a 10x10 projection screen from a 30-foot viewing distance.,1,Dataset6000Req.xlsx
The platform shall have a community app showcasing data visualization examples.,1,Dataset6000Req.xlsx
"Users shall be able to register on the mobile application by providing a username, password, and email address, with the option to provide a phone number.",0,Dataset6000Req.xlsx
The system shall be able to perform periodic backups.,1,Dataset6000Req.xlsx
The initial load time of the product shall vary based on the internet connection strength and the media used for access.,1,Dataset6000Req.xlsx
The system shall validate credit cards against fraud.,1,Dataset6000Req.xlsx
The system shall provide a ticketing system for organizing and managing customer queries.,0,Dataset6000Req.xlsx
The APAF ground data system shall have built-in error handling.,1,Dataset6000Req.xlsx
Significant errors in software operation shall be logged to permanent storage with sufficient detail to guide the administrator and to assist support staff in locating and rectifying the error.,0,Dataset6000Req.xlsx
'The product and/or dependent databases/filesystems shall remain operational as a result of the input of malicious data. The product and/or dependent databases/filesystems shall not crash 100% of the time that malicious data is input into the product.',1,dataset_raw.csv
"User shall link intelligence items, such as public transport messages, to crowd-sourced messages.",0,Dataset6000Req.xlsx
"When creating a new session, the session creator shall create a problem description.",0,Dataset6000Req.xlsx
The user shall be able to perform returned asset inspection and update inventory records.,0,Dataset6000Req.xlsx
'The product will require collaboration with a database management system (DBMS). The DBMS may be located on the same machine as the product or on a separate machine residing on the same computer network.',1,dataset_raw.csv
"The tool shall monitor the unit under diagnosis, either in real time or batch mode, for an indefinite period of time or until input data are no longer available, and log diagnostic results as they are determined.",0,Dataset6000Req.xlsx
An API User shall be able to normalize measures by geographical area.,0,Dataset6000Req.xlsx
The system shall be performant and respond promptly to user actions.,1,Dataset6000Req.xlsx
System shall display whether the video/channel is found or not.,0,Dataset6000Req.xlsx
User shall be able to retrieve the correct genre from their title or from a list of genres.,0,Dataset6000Req.xlsx
The system shall offer extensive customization for course and calendar details while maintaining a more static design for other functionalities.,1,Dataset6000Req.xlsx
An API User shall be able to retrieve bordering regions/cities.,0,Dataset6000Req.xlsx
Subscription packages shall have a duration of one month.,1,Dataset6000Req.xlsx
Administrative staff in the ward shall be able to delete the patient's ID from the system upon checkout.,0,Dataset6000Req.xlsx
"The system shall allow users to insert, edit, and delete slides within a presentation.",0,Dataset6000Req.xlsx
Users shall be able to trust and understand the system through its simplicity and transparency.,1,Dataset6000Req.xlsx
The system shall be able to search for a specified product in less than 1 second.,1,Dataset6000Req.xlsx
User shall be able to place data under embargo to protect rights of first use and confidentiality responsibilities.,0,Dataset6000Req.xlsx
"Job searching by location, qualification, categories, company, experience, and keywords shall be enabled.",0,Dataset6000Req.xlsx
User shall be able to select multiple options on the screen to search.,0,Dataset6000Req.xlsx
"System shall direct the user to the registration page to complete the registration process, storing user data in the database and sending a confirmation email.",0,Dataset6000Req.xlsx
System shall recommend similar items based on the user's buying pattern.,0,Dataset6000Req.xlsx
'The search radius shall be between 1 and 30 miles',0,dataset_raw.csv
"User shall receive exercise recommendations considering their movement conditions, such as joint pain or fractures, to prevent injury.",1,Dataset6000Req.xlsx
User shall have their data securely stored in the database with privacy features to prevent data loss and ensure confidentiality.,1,Dataset6000Req.xlsx
The system shall allow recruiters to post job advertisements.,0,Dataset6000Req.xlsx
"The user shall be able to edit the details of the exam by tapping on ""Edit Schedule"".",0,Dataset6000Req.xlsx
'Velkat staff will be available for phone support between 7am-7pm M-F to provide technical support to the Izogn administrators.',1,dataset_raw.csv
The MultiMahjongServer will support an architecture whereby all Computer Opponents (CO) required will reside on it instead of on the MultiMahjongClient programs.,0,Dataset6000Req.xlsx
The site should be usable anywhere with internet connectivity and a compatible device.,1,Dataset6000Req.xlsx
'The product must support Mozilla Firefox 1.0 and above.',1,dataset_raw.csv
System shall provide functionality for users to assign Location information to Containers.,0,Dataset6000Req.xlsx
The system shall perform encryption and decryption of data for passwords provided by users for login.,1,Dataset6000Req.xlsx
Admin shall be able to Mange accounts.,0,Dataset6000Req.xlsx
Program Administrators/Nursing Staff Members are the only people who shall have access to clinical site details.,1,Dataset6000Req.xlsx
"Administrator shall be able to generate reports, log files, and backup/recover data at any time.",0,Dataset6000Req.xlsx
"The product shall be able to handle 10,000 concurrent users within 2 years of the initial launch.",1,Dataset6000Req.xlsx
User shall add vaccination records for each child.,0,Dataset6000Req.xlsx
User shall have the ability to create and edit a company profile.,0,Dataset6000Req.xlsx
A CMS administrator shall have roles to assign to users.,0,Dataset6000Req.xlsx
User shall be able to record entries of court interactions.,0,Dataset6000Req.xlsx
Data user shall access two additional fields from the FPDS data pull.,0,Dataset6000Req.xlsx
The system shall be available 99.5% of the time.,1,Dataset6000Req.xlsx
"The system shall implement anti-theft measures, such as bolting it to the floor, to prevent unauthorized removal.",1,Dataset6000Req.xlsx
"The application's code structure should be designed for easy extension, facilitating the addition of new features.",1,Dataset6000Req.xlsx
All sessions shall be able to have multiple moderators.,0,Dataset6000Req.xlsx
The reservation system shall allow users to reserve books even if they are currently borrowed by other members.,0,Dataset6000Req.xlsx
The system shall display collection-level replication status on the curator dashboard.,0,Dataset6000Req.xlsx
The server will send all API data in JSON response documents with the header Content-Type: application/json.,0,Dataset6000Req.xlsx
"User shall not be able to choose show completed tasks, if these tasks are already shown.",0,Dataset6000Req.xlsx
User shall/will be able to ensure acceptable response times even during peak times.,1,Dataset6000Req.xlsx
No cookies containing the user's password or any confidential information shall be stored on the applicant's computer.,1,Dataset6000Req.xlsx
Updated user accounts with corresponding roles shall be reflected in the system.,0,Dataset6000Req.xlsx
The system shall highlight and provide a numerical value for the predicted price of the next trading day.,0,Dataset6000Req.xlsx
System shall display all available cars with hourly and per kilometer charges.,0,Dataset6000Req.xlsx
Automated responses to job applications shall be provided.,0,Dataset6000Req.xlsx
System shall include records for externally held data to maintain a complete record of the University's data holdings.,1,Dataset6000Req.xlsx
Adobe Illustrator shall handle more complex projects when 64-bit support is implemented.,1,Dataset6000Req.xlsx
The system shall contain contact information (e-mail and phone number) for all people relevant to the system including (but not limited to) staff members students lecture instructors clinical lab instructors and clinical site administrators.,0,Dataset6000Req.xlsx
The system shall allow filtering and ranking videos based on audio/visual quality.,0,Dataset6000Req.xlsx
The system shall make it easy to correct mistakes.,1,Dataset6000Req.xlsx
User shall confirm deposit money receipt.,0,Dataset6000Req.xlsx
The system shall display copyright status and clear citation information for files.,0,Dataset6000Req.xlsx
A batch program shall run nightly to create an appointment file for the next 5 days and purge existing files.,0,Dataset6000Req.xlsx
'Once a game is initiated the product shall display a defensive grid to each player',0,dataset_raw.csv
User shall be notified by the system about their insurance policy.,0,Dataset6000Req.xlsx
"Ideally, each error message will be accompanied by explanatory text and an indication of the action(s) which the user can take in response to the error.",1,Dataset6000Req.xlsx
SwRI shall provide software support for the APAF system.,1,Dataset6000Req.xlsx
The system shall allow publishers to publish data packages in the user interface.,0,Dataset6000Req.xlsx
Employers and recruiters shall be able to create multiple resume agents to receive daily emails matching their keywords.,0,Dataset6000Req.xlsx
User shall submit answers and view results after completion.,0,Dataset6000Req.xlsx
Application forms shall be attachable to job adverts.,0,Dataset6000Req.xlsx
"System shall provide secure access to confidential data, such as user details, by utilizing SSL encryption.",1,Dataset6000Req.xlsx
"System shall validate user data, verify credentials, and assign the account to the new user with all new user information upon successful validation.",0,Dataset6000Req.xlsx
'The product shall update existing conference rooms.',0,dataset_raw.csv
The system shall be capable of restoring itself to its previous state in the event of failure (e.g. a system crash or power loss).,1,Dataset6000Req.xlsx
"The system shall allow users to export collected data in various formats (e.g., Excel, CSV).",0,Dataset6000Req.xlsx
"The IDE and the project shall be located on a local file system (network block storage like EBS is acceptable, network file systems like NFS or SMB are not).",0,Dataset6000Req.xlsx
"If the password meets the criteria, system shall prompt ""Password Changed"".",0,Dataset6000Req.xlsx
"Administrators shall be able to remove POIs associated with a specific building, floor, and room number.",0,Dataset6000Req.xlsx
"The system shall allow faculty to upload course materials (syllabus, lesson plans, notes, etc.) and question banks.",0,Dataset6000Req.xlsx
Each user shall have a set of system access properties that defines the users privileges within the system.,1,Dataset6000Req.xlsx
"Wherever applicable, all computers and peripherals shall be powered though UPS type devices with sufficient capacity for the computers to safely coordinate a system wide shutdown of the correlator hardware in the event of a prolonged power outage",1,Dataset6000Req.xlsx
User shall not have their passwords stored in cookies.,1,Dataset6000Req.xlsx
"The CO will be able to determine what tiles have not been played according to the tiles that have already been discarded, exposed or revealed.",0,Dataset6000Req.xlsx
User interface screens shall respond to user inputs within 5 seconds.,1,Dataset6000Req.xlsx
Only one indicator shall be active at a given time for a specific diagnostic and no indicators shall flash when active.,0,Dataset6000Req.xlsx
The FAU class ensures security-relevant events are logged and identifies what information should be included in those logs.,1,Dataset6000Req.xlsx
"All system error and debug messages shall be categorized in a logical fashion such that message traffic can be filtered as to content, detail, and message rate.",1,Dataset6000Req.xlsx
"The main window, subsystems window, and condition window shall have three diagnostic indicators for each item listed.",0,Dataset6000Req.xlsx
'The website shall prevent its data from being corrupted when incorrect data is entered in.',1,dataset_raw.csv
Each team owner will need to use a username and password in order to be authenticated to reach the team owner's page',1,dataset_raw.csv
A waiter that attempts to log into a second tablet while already logged into another tablet shall be rejected and notified through both tablets.,1,Dataset6000Req.xlsx
Users shall be able to sort search results by various criteria with ascending or descending order.,0,Dataset6000Req.xlsx
System shall provide an archetype to help dataset developers package dataset types properly.,1,Dataset6000Req.xlsx
The system shall monitor the examination name for which the answer key is requested.,0,Dataset6000Req.xlsx
The Transaction menu allows the user to access student and employee transactions.,0,Dataset6000Req.xlsx
User shall be able to view the operating hours of each recycling facility.,0,Dataset6000Req.xlsx
"System shall present users with updated stock prices, percentage changes, and volume for the current day.",0,Dataset6000Req.xlsx
The product shall make the users want to use it. 80% of the users surveyed report they are regularly using the product after the first 2 weeks post-launch.,1,Dataset6000Req.xlsx
System shall protect against damage.,1,Dataset6000Req.xlsx
System shall be able to redirect the user to the home screen if they decline to grant location services permission.,0,Dataset6000Req.xlsx
System shall safely transfer money to the seller's bank account after successful transactions.,0,Dataset6000Req.xlsx
A powerful online job search tool shall be included.,0,Dataset6000Req.xlsx
"User shall be able to input shipment details including packaging type, dimensions, weight, and number of pieces for admin to check the export feasibility and provide necessary feedback.",0,Dataset6000Req.xlsx
"User data will be encrypted using industry-standard encryption algorithms, including payment information and personal data.",1,Dataset6000Req.xlsx
A batch program shall periodically predict diseases based on consultation requests using a machine learning algorithm and prioritize the requests.,0,Dataset6000Req.xlsx
System shall be able to read device information and initiate the authorization process.,0,Dataset6000Req.xlsx
"User (admin) shall be able to provide information about the courses and teachers, as well as view and update course details.",0,Dataset6000Req.xlsx
The user can view their yearly and monthly attendance records.,0,Dataset6000Req.xlsx
"An internet connection is recommended for the system. (Note: This is a recommendation, not a requirement, so it's not converted to ""shall"".)",1,Dataset6000Req.xlsx
'Website shall allow customers to view reviews of selected movies by other customers.',0,dataset_raw.csv
The system shall allow accepting the average of all submitted estimates.,0,Dataset6000Req.xlsx
Adobe Illustrator shall function with a minimum of 8 GB of RAM.,0,Dataset6000Req.xlsx
'The estimator shall search for available recycled parts using damaged vehicle parts information.',0,dataset_raw.csv
The system shall be extremely portable via the usb drive.,1,Dataset6000Req.xlsx
User shall view and update an inventory of equipment and consumables.,0,Dataset6000Req.xlsx
'The Commissioner will be the only authorized user per league to adjust league settings.',1,dataset_raw.csv
Snapchat shall utilize Bitmoji app to perform specified actions.,0,Dataset6000Req.xlsx
The system shall be easy to use.,1,Dataset6000Req.xlsx
ReCaptcha shall be implemented to enhance security during authentication.,1,Dataset6000Req.xlsx
"The system shall document the functionality of each screen, how users interact with it, and how the system responds.",0,Dataset6000Req.xlsx
An employee will be able to successfully use the product within a few minutes.,1,Dataset6000Req.xlsx
System shall encrypt all customer data in the database.,1,Dataset6000Req.xlsx
System shall be able to change the super password.,0,Dataset6000Req.xlsx
The system shall be able to handle non-real-time operations in a transparent fashion.,1,Dataset6000Req.xlsx
User shall utilize the screen recorder function with a facial tracker to capture live movements.,1,Dataset6000Req.xlsx
System shall allow visitors to browse the site without the need for registration.,0,Dataset6000Req.xlsx
System shall check the availability of the entered username and proceed with account creation if available.,0,Dataset6000Req.xlsx
"Upon logging out, the system shall load the main page.",0,Dataset6000Req.xlsx
"The average time for the server to respond, over the question testing set, will be less than or equal to 2 seconds",1,Dataset6000Req.xlsx
There shall be a UNIX-based APAF system development computer.,1,Dataset6000Req.xlsx
Admin shall be able to manage users.,0,Dataset6000Req.xlsx
The system shall allow the use of unverified (anonymous) avatars or aliases.,1,Dataset6000Req.xlsx
"A confirmation message box shall appear before discarding a new task if the user taps ""Close"" without saving.",0,Dataset6000Req.xlsx
"User shall experience continuous availability of the system, accessible 24/7 via web browsers.",1,Dataset6000Req.xlsx
"The system shall implement user authentication and access controls based on user roles (e.g., standard user, administrator).",0,Dataset6000Req.xlsx
The product must work with most database management systems (DBMS) on the market whether the DBMS is colocated with the product on the same machine or is located on a different machine on the computer network.,1,Dataset6000Req.xlsx
"When in billing mode, a surface computer shall display a representation of a cash payment for the whole table.",0,Dataset6000Req.xlsx
Restaurant shall be able to receive notifications once an order is delivered.,0,Dataset6000Req.xlsx
"HPIMS shall generate bed availability reports including ward name, bed number, and status (occupied/unoccupied).",0,Dataset6000Req.xlsx
The server will respond with a 200 OK status code if a request has the header Content-Type: application/json and is a valid API query.,0,Dataset6000Req.xlsx
A customer shall be able to engage their menu by double tapping the activated surface computer in their table.,0,Dataset6000Req.xlsx
User shall be able to decline an exchange offer from another user by clicking Decline.,0,Dataset6000Req.xlsx
Curators shall configure deposit forms for collections.,0,Dataset6000Req.xlsx
"Exam sessions shall be available only during pre-allotted time slots, but the site can be accessed at any time for other information.",1,Dataset6000Req.xlsx
"The system shall resolve the zipcode for the street address, city, and state if zipcode is unknown.",0,Dataset6000Req.xlsx
The system shall allow certified members to showcase additional details on their profiles (experience etc.).,0,Dataset6000Req.xlsx
User shall only have access to US cities and locations within the app.,0,Dataset6000Req.xlsx
Job seekers and employers will be searched based on various criteria.,0,Dataset6000Req.xlsx
Developer shall use Bootstrap during development for easy website design.,1,Dataset6000Req.xlsx
"Dispute panel shall manage, if the customer needs replacement of the order or cancellation of the order in case of order not available.",0,Dataset6000Req.xlsx
System shall allow users to select orders from the order history and view detailed information.,0,Dataset6000Req.xlsx
User shall enter their full name and date for last time authorization.,0,Dataset6000Req.xlsx
System shall enable sales managers to monitor product stocks and alert the administrator of low stock levels.,0,Dataset6000Req.xlsx
All additions of new users and modifications to user's access shall be recorded on the User Report.',0,dataset_raw.csv
The system shall allow parents to submit various types of forms to camp management.,0,Dataset6000Req.xlsx
System shall perform well under expected load conditions.,1,Dataset6000Req.xlsx
"The system shall allow user registration and login, enabling them to provide personal information for associating with requests.",0,Dataset6000Req.xlsx
User shall be able to enter their zip code to receive a list of nearby recycling facilities.,0,Dataset6000Req.xlsx
User shall be able to search for job opportunities in Netflix.,0,Dataset6000Req.xlsx
"Diagnostic results that are saved to permanent storage shall be accompanied in storage by the absolute time of occurrence, the identity of the unit to which the diagnostic applies, and the identity of the diagnostic.",0,Dataset6000Req.xlsx
System shall provide efficient storage and retrieval mechanisms for large files and datasets.,1,Dataset6000Req.xlsx
The system shall allow administrators to log in with their accounts and grant them administrative privileges.,0,Dataset6000Req.xlsx
An instructor shall be permitted to view and edit absence information in the database for only his/her classes.,1,Dataset6000Req.xlsx
The system shall be used by realtors with no training.,1,Dataset6000Req.xlsx
The system shall validate the specified information during the registration process.,0,Dataset6000Req.xlsx
User shall receive an error message if the software is running out of validation and will be prevented from using extra features.,0,Dataset6000Req.xlsx
"User (vehicle owners, pedestrians) shall provide valid information to traffic police through the admin.",0,Dataset6000Req.xlsx
User shall provide an option to set and update brokerage percentage.,0,Dataset6000Req.xlsx
Customer shall be able to give ratings for the restaurant and delivery boy.,0,Dataset6000Req.xlsx
The dispute panel shall reassign orders if delivery boys fail to acknowledge requests.,0,Dataset6000Req.xlsx
The MultiMahjongServer will allow players on MultiMahjongClient programs to modify their own names and icons during gameplay (as opposed to only at the beginning).,0,Dataset6000Req.xlsx
"The system shall check if the product ID exists in the inventory database and update the quantity if it does, otherwise, it shall add new product information to the database.",0,Dataset6000Req.xlsx
The user shall be able to select a due date by tapping on the Date field and choosing a date from the pop-up calendar.,0,Dataset6000Req.xlsx
User shall require fault-tolerant system design where necessary.,1,Dataset6000Req.xlsx
The CO will have access to the number of tiles in the wall or in a player's hand.,0,Dataset6000Req.xlsx
The system shall detect unclassifiable animal images in Snapshot Serengeti.,0,Dataset6000Req.xlsx
Company logos shall be attachable to job adverts.,0,Dataset6000Req.xlsx
System shall display search options to the user.,0,Dataset6000Req.xlsx
The MultiMahjongServer will inform all MultiMahjongClients connected to the game that the game has ended,0,Dataset6000Req.xlsx
The Khan Academy platform shall offer instructional resources in mathematics.,0,Dataset6000Req.xlsx
"Text box will originally contain a suggestive text question, to guide the user to the format of an appropriate question.",0,Dataset6000Req.xlsx
The BE shall be able to initiate a reboot of any internal network.,0,Dataset6000Req.xlsx
'98% of the user workstations shall meet the minimum hardware requirements prior to implementation. Minimum Hard Disk Space: 400MB.',1,dataset_raw.csv
'Once a game is initiated the product shall allow each player to position their 5 ships on their respective defensive grids.',0,dataset_raw.csv
User shall select a mode of payment and enter valid details to continue the payment process.,0,Dataset6000Req.xlsx
"User shall be able to subscribe by entering bank name, card number, and one-time password, and receive confirmation of successful subscription.",0,Dataset6000Req.xlsx
'The website shall continue to operate if the payment gateway goes down.',1,dataset_raw.csv
The system shall be user-friendly and intuitive for users of all technical abilities.,1,Dataset6000Req.xlsx
System shall destroy the browser session upon logout.,0,Dataset6000Req.xlsx
System shall encrypt all sensitive information via HTTPS.,1,Dataset6000Req.xlsx
The accuracy of the Generic Question Construction​ part will be close to 80%,1,Dataset6000Req.xlsx
System shall ensure compatibility with various data formats and standards for interoperability.,1,Dataset6000Req.xlsx
The system shall be able to allow users to track the status of their submitted defects or enhancement requests.,0,Dataset6000Req.xlsx
A customer shall be able to drag a tip denomination out of a bankcard payment or a cash payment.,0,Dataset6000Req.xlsx
FABS user shall successfully submit a citywide as a PPoPZIP and pass validations for comprehensive data submission.,1,Dataset6000Req.xlsx
"Drexel staff's office locations, contact information, and positions will have accuracy greater than 70%.",1,Dataset6000Req.xlsx
The accuracy of the Generic Answer Construction​ unit will be close to 70%.,1,Dataset6000Req.xlsx
The database will have a functional audit trail.,0,Dataset6000Req.xlsx
The TCS shall have the functionality to allow the operator to generate a UAV mission plan.,0,Dataset6000Req.xlsx
A user researcher shall conduct a user definition workshop with NSF.,0,Dataset6000Req.xlsx
User shall be able to access support guidelines and contact options through the Snapchat support webpage.,0,Dataset6000Req.xlsx
User shall be able to search for specific content using keywords.,0,Dataset6000Req.xlsx
The system may optionally provide real-time train location information if available.,0,Dataset6000Req.xlsx
The product shall use symbols and words that are naturally understandable by the realtor community.,1,Dataset6000Req.xlsx
User shall have a screen to view the location of all ATMs of the same bank.,0,Dataset6000Req.xlsx
"The server shall be capable of supporting an arbitrary number of active meals/orders, that is, no meals/orders shall be lost under any circumstances.",1,Dataset6000Req.xlsx
Only valid data shall be entered into the system. No invalid data shall be entered into the system.,1,Dataset6000Req.xlsx
The system shall allow users to add musical notes and rests to a score using the mouse.,0,Dataset6000Req.xlsx
Password retrieval shall be possible via automated email.,0,Dataset6000Req.xlsx
The system shall handle high volumes of concurrent users without performance degradation.,1,Dataset6000Req.xlsx
The system interface shall be user-friendly and easy to navigate for users with varying technical skills.,1,Dataset6000Req.xlsx
"User shall be able to add inventory assets related to all departments if a faculty member, or all assets if a university group member, with bulk entry options available.",0,Dataset6000Req.xlsx
Databases shall be protected by username and password authentication.,1,Dataset6000Req.xlsx
The system shall provide guidance to new publishers after signup.,0,Dataset6000Req.xlsx
"User shall be able to maintain and view streaks by exchanging snaps with friends, indicated by a fire emoji and number.",0,Dataset6000Req.xlsx
"The system shall provide tools for capturing leads through forms, landing pages, and chatbots.",0,Dataset6000Req.xlsx
'Only managers are able to perform search queries for reservations by user. 100% of all search queries for reservations by user shall be from logons of only management logons.',1,dataset_raw.csv
In Patient Registration Form shall capture necessary information for registering patients.,0,Dataset6000Req.xlsx
The system shall be able to output the temperature status when the measured temperature (T) is within the acceptable range defined by the lower limit (LO) and upper limit (UO).,0,Dataset6000Req.xlsx
​ The system will be designed in such a way that the algorithms for the four main units will be able to be easily swapped out.,1,Dataset6000Req.xlsx
System shall generate a unique identifier for each registered complaint.,0,Dataset6000Req.xlsx
"System shall validate the user credentials and provide access to the user's profile, allowing them to update their resume, profile, and search for job matches.",0,Dataset6000Req.xlsx
Recycling facility representative shall update facility information and accepted materials to avoid miscommunication.,0,Dataset6000Req.xlsx
The system shall track checksums for content files.,0,Dataset6000Req.xlsx
System shall automatically populate metadata fields from University systems and remember metadata from previous deposits to streamline deposition.,0,Dataset6000Req.xlsx
The system shall notify the user of any schedule changes.,0,Dataset6000Req.xlsx
System shall allow users to link Instances with Containers.,0,Dataset6000Req.xlsx
System shall impose access constraints based on user types.,1,Dataset6000Req.xlsx
User shall be able to close calendar view.,0,Dataset6000Req.xlsx
The system shall enable users to create new pins by manually entering the pin details.,0,Dataset6000Req.xlsx
"The system shall allow users to import Data Packages into various platforms like Node.js, Julia, R, Excel, SPSS, STATA, LibreOffice/OpenOffice, Python, Clojure, C++.",0,Dataset6000Req.xlsx
User shall be able to add transportation routes from the map.,0,Dataset6000Req.xlsx
'The product must be able to interface with various email servers. The product shall be able to send email.',1,dataset_raw.csv
User shall be prompted to verify their email upon registration for added security.,1,Dataset6000Req.xlsx
"Users shall be able to freely add items with details, price, amount, and pictures.",0,Dataset6000Req.xlsx
System shall provide printed statements for user transactions.,0,Dataset6000Req.xlsx
User shall create log book page templates with bespoke metadata fields as a lab administrator.,0,Dataset6000Req.xlsx
The CMIB shall conform to both electrical and physical PC104+ standards,1,Dataset6000Req.xlsx
System shall handle errors effectively to prevent system failures.,1,Dataset6000Req.xlsx
System shall redirect user to the particular company's portal upon selecting 'give up LPG subsidy' option.,0,Dataset6000Req.xlsx
"The system shall allow curators to create, manage, and map collections.",0,Dataset6000Req.xlsx
The look and feel of the system shall conform to the user interface standards of the smart device.,1,Dataset6000Req.xlsx
"System shall ensure reliability by storing user accounts in the database, preventing users from suffering from errors and maintaining consistent data.",1,Dataset6000Req.xlsx
"User shall be alerted if they provide incomplete information regarding the mealtime cycle of the plan, indicating which form fields are incomplete for correction.",0,Dataset6000Req.xlsx
System shall load data from the database.,0,Dataset6000Req.xlsx
"I/O, communications, and processing hardware shall be easily expandable, reconfigureable, augmentable and replaceable to meet increasing data transfer and processing demands imposed by EVLA science, Correlator changes, and availability of new hardware.",1,Dataset6000Req.xlsx
The BE system shall be able to monitor and acknowledge receipt of all data received from the Monitor and Control System (M&C).,0,Dataset6000Req.xlsx
'The system shall be intuitive to the Program Administrators/Nursing Staff Members.',1,dataset_raw.csv
System shall show the TU/e Facebook page on the title screen when the Facebook app is started.,0,Dataset6000Req.xlsx
Video CVs shall be viewable.,0,Dataset6000Req.xlsx
'The product shall interface with the Choice Parts System. This provides the feed of recycled parts data.',1,dataset_raw.csv
The system may support a touch-screen-enabled tablet or monitor for a more intuitive and natural drawing experience.,1,Dataset6000Req.xlsx
'The product shall information Security. The product shall enable privacy by encryption WS-Security and Integrity Checking.',1,dataset_raw.csv
The system shall allow repository managers to define and describe object components.,0,Dataset6000Req.xlsx
User shall anticipate API responses in less than 2.5 seconds to maintain seamless application functionality.,1,Dataset6000Req.xlsx
User shall search for videos by entering keywords.,0,Dataset6000Req.xlsx
A display shall not require a user to log in.,1,Dataset6000Req.xlsx
The system shall allow users to add type information to their data.,0,Dataset6000Req.xlsx
The system shall allow adding new items to the estimation list during a session.,0,Dataset6000Req.xlsx
A user shall be able to create an account using their email address and password.,0,Dataset6000Req.xlsx
"User shall be able to delete an activity by selecting it on the canvas and clicking the ""Delete"" button on the user GUI.",0,Dataset6000Req.xlsx
"User shall be able to view a list of user profiles, so that they know who is attending the conference.",0,Dataset6000Req.xlsx
Workers shall be able to mark tasks as completed.,0,Dataset6000Req.xlsx
The system shall provide admin users with the ability to add or remove menu options for user roles.,0,Dataset6000Req.xlsx
Roles and authentication for users shall be provided by admin.,0,Dataset6000Req.xlsx
Admin shall communicate directly with facilities to keep them updated about website features.,0,Dataset6000Req.xlsx
System shall add details of money transfer to the company's event logs and database.,0,Dataset6000Req.xlsx
"User shall be prompted to sign in again and grant permissions if they do not provide access to their account details, ensuring the app has the necessary information.",0,Dataset6000Req.xlsx
"The system shall define data for monitoring digital wellbeing metrics (e.g., app usage, sleep patterns).",0,Dataset6000Req.xlsx
"Job listings shall be customizable to include company info, job type, category, requirements, wages, benefits, and an apply button.",0,Dataset6000Req.xlsx
Job Seeker registration shall allow the addition of CV as a Word file to the CV database.,0,Dataset6000Req.xlsx
"System shall display the search page as the first page once the user is logged in, enabling them to search for other users based on their preferences.",0,Dataset6000Req.xlsx
System shall be able to allow users to pan around the map view.,0,Dataset6000Req.xlsx
System shall check if the entered account exists in the database.,0,Dataset6000Req.xlsx
The top 1/4 of the table will hold events that are to occur sequentially.,0,Dataset6000Req.xlsx
All software modules shall be designed for easy debugging by allowing simulation of inputs and outputs.,1,Dataset6000Req.xlsx
The Tasks window shall display all current and upcoming tasks to the user.,0,Dataset6000Req.xlsx
Curators shall perform author and item authority control.,0,Dataset6000Req.xlsx
No inconsistency shall be introduced in the account during transactions affected by abnormal shutdowns.,1,Dataset6000Req.xlsx
"User shall experience smooth and efficient translation requests handling, even during concurrent usage, facilitated by effective concurrency control mechanisms.",1,Dataset6000Req.xlsx
User's session shall automatically redirect to the login page if it expires.,0,Dataset6000Req.xlsx
'Website must interface with the CyberSource API to process credit card transactions.',1,dataset_raw.csv
The system shall be able to operate seamlessly at its interfaces with hardware modules and software functionality.,1,Dataset6000Req.xlsx
Users shall be able to remove an assignment from their list of assignments.,0,Dataset6000Req.xlsx
Company shall have an easy-to-use website for step-by-step uploading or deleting of content.,1,Dataset6000Req.xlsx
System shall display a successful message after reading and storing the details in the database.,0,Dataset6000Req.xlsx
The users shall be able to add/edit/remove their own ideas.,0,Dataset6000Req.xlsx
The recycled parts audit report must be returned within 10 seconds.,1,Dataset6000Req.xlsx
User shall be able to exchange items with the seller in case of delivery of defective items and provide feedback.,0,Dataset6000Req.xlsx
Managers shall be able to delete tasks from the system.,0,Dataset6000Req.xlsx
'The Disputes System shall allow the user to create or initiate a chargeback request. The system must prompt the user to enter the required information to initiate a chargeback request. The chargeback request results in a printed chargeback notification that is sent to merchant indicating that their account will be charged back if no proof is provided that the disputed transaction is valid.',0,dataset_raw.csv
The system shall provide a facility for guests to register with the system as a user and select their desired user role.,0,Dataset6000Req.xlsx
'The system shall offer the ability to pause and resume the refresh of data.',0,dataset_raw.csv
'All credit card information will be encrypted in the database.',1,dataset_raw.csv
"System shall include schema definition, data manipulation, transaction management, concurrency control, indexing, query optimization, backup and recovery, monitoring, and maintenance.",0,Dataset6000Req.xlsx
Program Administrators/Nursing Staff Members shall be able to create a new Program of Study.,0,Dataset6000Req.xlsx
"System shall be able to print reports annually, weekly, and daily based on selected time frames.",0,Dataset6000Req.xlsx
"The system shall be accessible to individuals with disabilities and comply with accessibility standards (e.g., WCAG).",1,Dataset6000Req.xlsx
The user interface should prioritize simplicity and avoid cluttering with excessive information to enhance usability.,1,Dataset6000Req.xlsx
The system shall be performant and handle large datasets efficiently.,1,Dataset6000Req.xlsx
'A clinical lab section shall include the clinical site name the class instructor day and time of the lab.',0,dataset_raw.csv
'The estimator shall not apply recycled parts to the collision estimate if no available parts are returned.',0,dataset_raw.csv
Developer shall determine the best way to load historical FPDS data since 2007 for comprehensive data integration.,1,Dataset6000Req.xlsx
System shall enable new users to register for a new ID to access the site.,0,Dataset6000Req.xlsx
"The system shall allow administrators to manage job advertisements (edit, delete).",0,Dataset6000Req.xlsx
"The server shall be capable of supporting an arbitrary number of active customer payments, that is, no payments shall be lost under any circumstances.",1,Dataset6000Req.xlsx
Interface must be consistent and intuitive across different web browsers.,0,Dataset6000Req.xlsx
User shall be able to view ongoing safe disposal events in their area.,0,Dataset6000Req.xlsx
All personnel using the system will be trained according to internal SOP AA-101.,0,Dataset6000Req.xlsx
System will display a message indicating that the bank account has been successfully added.,0,Dataset6000Req.xlsx
'Only registered realtors shall be able to access the system.',1,dataset_raw.csv
System shall output temperature limit exceeded status if temperature limit is exceeded.,0,Dataset6000Req.xlsx
User shall input current location for displaying today's Panchang.,0,Dataset6000Req.xlsx
Sensitive data will be encrypted before being sent over insecure connections like the internet.,1,Dataset6000Req.xlsx
The system shall identify potentially faulty sensor data based on a sensor-specific number of consecutive missed readings due to communication issues.,0,Dataset6000Req.xlsx
User shall be able to input data without experiencing delays.,1,Dataset6000Req.xlsx
"User shall be able to update their user profile, to connect with other Drupalists at BADCamp.",0,Dataset6000Req.xlsx
The MultiMahjongClient will automate the picking up of a tile from the wall if the user has no other option.,0,Dataset6000Req.xlsx
System shall ensure that each doctor is mapped to one and only one specialty.,1,Dataset6000Req.xlsx
The Memories shall provide cloud-based storage for a limited number of user-uploaded snaps.,0,Dataset6000Req.xlsx
A Platform Administrator shall have a view of all published datasets,0,Dataset6000Req.xlsx
"User shall accommodate a minimum of 10,000 records of clients in the database.",1,Dataset6000Req.xlsx
User shall have video conversations with others.,0,Dataset6000Req.xlsx
"The user interface shall be intuitive, user-friendly, and accessible to users with varying levels of technical expertise.",1,Dataset6000Req.xlsx
"When creating a new session, the session creator shall be able to set an open and close time and date.",0,Dataset6000Req.xlsx
The system shall be intuitive and self explanatory.,1,Dataset6000Req.xlsx
The system shall display the admin home page when an admin logs in.,0,Dataset6000Req.xlsx
'The system shall display the local and exercise time in separate clocks',0,dataset_raw.csv
The software part of the system shall be able to perform without total system restart due to internal failure between system maintenance windows.,1,Dataset6000Req.xlsx
System shall provide visual feedback in the form of infographics such as numbers and progress bars for profile changes.,0,Dataset6000Req.xlsx
Client shall reset forgotten password.,0,Dataset6000Req.xlsx
"The portal shall provide a repository of informative articles, FAQs, and health tips for patients.",0,Dataset6000Req.xlsx
JavaScript code includes error handling functionality to ensure a smooth user experience.,0,Dataset6000Req.xlsx
"SplitPay's user interface will prioritize usability and clarity, featuring a visually-appealing design and leveraging informative notifications and pop-ups to guide users in the future.",1,Dataset6000Req.xlsx
"User shall have the option to modify existing tickets, including parameters such as time, date, route, and availability.",0,Dataset6000Req.xlsx
Adobe Illustrator shall run smoothly and efficiently on a system that meets the 64-bit requirements.,1,Dataset6000Req.xlsx
System shall separate the interface from the implementation of a dataset type.,1,Dataset6000Req.xlsx
System shall be able to provide the status of their booking.,0,Dataset6000Req.xlsx
The estimator shall search for available recycled parts using damaged vehicle parts information.,0,Dataset6000Req.xlsx
The system shall be secure and protect user data.,1,Dataset6000Req.xlsx
All letter requests must adhere to formatting guidelines specified by the Print Letter Utility system.,0,Dataset6000Req.xlsx
Student and instructor shall be able to login with ID and password. (Level 0),0,Dataset6000Req.xlsx
FABS user shall have read-only access to DABS for reference and information retrieval purposes.,1,Dataset6000Req.xlsx
The system shall use SSL (Secure Socket Layer) for all transactions involving confidential passenger information and automatically log out customers after a period of inactivity.,1,Dataset6000Req.xlsx
"User shall be able to access customer services by selecting options like search for issue, chat, ask community, email, or call, and submitting the problem/issue.",0,Dataset6000Req.xlsx
The system shall be easily updatable for fixes and patches.,1,Dataset6000Req.xlsx
The system shall have redundant power supplies and backup generators to ensure uninterrupted service during power outages.,1,Dataset6000Req.xlsx
FABS user shall see correct status labels on the Submission Dashboard for quick submission history overview for better tracking and monitoring.,1,Dataset6000Req.xlsx
User shall be able to add a new (unique) specialty.,0,Dataset6000Req.xlsx
System shall facilitate easy customization of the Web interface graphics/colors.,1,Dataset6000Req.xlsx
User shall be able to apply licenses to datasets to protect intellectual property rights.,0,Dataset6000Req.xlsx
"The system shall conditionally display a launcher to the Student handbook-app on the main menu, only when the Dutch language is selected.",0,Dataset6000Req.xlsx
System shall be able to support a monitor with a minimum size of 14 inches and VGA resolution.,1,Dataset6000Req.xlsx
The user shall be able to select the Subject from a drop-down box for the class.,0,Dataset6000Req.xlsx
"User shall be able to create and maintain venues, to provide location details for events.",0,Dataset6000Req.xlsx
User shall be able to reset their password if they forgot it by following the password reset process.,0,Dataset6000Req.xlsx
A customer shall be able to drag a tip denomination into a bankcard payment or a cash payment.,0,Dataset6000Req.xlsx
"The server shall be capable of supporting an arbitrary number of surface computers, tablets and displays, that is, it shall provide no limit on how many devices are in the system.",1,Dataset6000Req.xlsx
A Data Publishing User shall have a functioning Python Client for bulk data uploads.,0,Dataset6000Req.xlsx
"User authentication shall be done via username and password, with permissions assigned according to user roles.",1,Dataset6000Req.xlsx
The system shall react to user input for routine activities in two seconds or less.,1,Dataset6000Req.xlsx
The system shall transfer users to a merchant website to specify bank details for the transaction.,0,Dataset6000Req.xlsx
"The system shall provide features for adjusting font size, background color, and text-to-speech functionality.",0,Dataset6000Req.xlsx
The TCS shall provide the system functionality necessary to upload a flight route plan and payload plan (if applicable) to the AV via the selected system data link as well as direct ground connection.,0,Dataset6000Req.xlsx
User shall log into their account by entering their user-id and password.,0,Dataset6000Req.xlsx
System shall adopt a flexible service-based architecture to support future expansion and scalability.,1,Dataset6000Req.xlsx
System shall be able to connect to power through an electrical outlet and support network connections via Ethernet port and serial port jack.,1,Dataset6000Req.xlsx
A user researcher shall begin drafting a research plan.,0,Dataset6000Req.xlsx
The system shall allow staff members to manage hearing calendars to track activities and deadlines.,0,Dataset6000Req.xlsx
There will be a designated phone number that users can send texts to.,0,Dataset6000Req.xlsx
The system shall allow visitors to download Scrum-related presentations and PDFs.,0,Dataset6000Req.xlsx
Broker user shall have updated error codes reflecting logic and providing sufficient information for fixing submissions for efficient troubleshooting.,1,Dataset6000Req.xlsx
'An anonymous survey will show that 70% of customers are comfortable purchasing streaming movies after 2 weeks using the website.',1,dataset_raw.csv
"System shall let customers register on the website as a ""pay as you go"" user in under 5 minutes.'",1,dataset_raw.csv
"An OK indicator, appearing green, shall signify the absence of any diagnostic conditions.",0,Dataset6000Req.xlsx
User shall commit all data storage for user variables to the database at the time of entry for reliability.,1,Dataset6000Req.xlsx
Waiting customers shall be serviced in a fair First-Come-First-Served (FCFS) manner.,0,Dataset6000Req.xlsx
"If a question is not understood by our API, the system will send a text containing an example question after the text with the API response.",0,Dataset6000Req.xlsx
All users of the system shall login using some form of unique identification.,1,Dataset6000Req.xlsx
"When in billing mode, a surface computer shall display a representation of tip denominations that may be dragged into a payment.",0,Dataset6000Req.xlsx
The system shall be compatible with various operating systems and file formats.,1,Dataset6000Req.xlsx
'The product shall provide Asynchronous Messaging.The product shall provide asynchronous messaging to enable parallel processing and reduce the overhead in communications',1,dataset_raw.csv
User shall share a dataset type across multiple applications that include the dataset type's code in their artifacts.,0,Dataset6000Req.xlsx
"System shall ensure correctness in displaying blog details and content, preventing inaccuracies.",1,Dataset6000Req.xlsx
Users shall be able to log in only after receiving a confirmation email following verification of their restaurant owner application.,0,Dataset6000Req.xlsx
The automated diagnostic tool shall detect and identify certain performance and operational faults in chiller and cooling tower subsystems of HVAC units following specified algorithms.,1,Dataset6000Req.xlsx
User shall be able to complete matchmaking in less than 3 minutes.,1,Dataset6000Req.xlsx
'The system shall help the user avoid making mistakes while scheduling classes and clinicals for the nursing students.',1,dataset_raw.csv
"The system shall allow to Submit applications with information, plans, and documents.",0,Dataset6000Req.xlsx
System shall provide a local authentication mechanism for user login.,0,Dataset6000Req.xlsx
"Administrator shall be able to view pending requests, approve or reject them, and send notifications to requesters upon approval.",0,Dataset6000Req.xlsx
'If a lead is scored to the high range the system will supply the lead data and score to the enterprise system.',0,dataset_raw.csv
"While flying two MAE AVs Beyond Line Of Sight (BLOS), the TCS shall provide full control functionality of each AV.",0,Dataset6000Req.xlsx
"System shall ensure seamless integration with external tools and services, such as Twitter and Google Calendar.",1,Dataset6000Req.xlsx
"User shall be able to post queries, sell, or advertise products by entering personal information such as first name, last name, address, phone number, email, and password, and upon successful submission, receive replies and facilitate sales.",0,Dataset6000Req.xlsx
'Product installations and upgrades shall be handled by the middleware technology team within established launch time frames.',1,dataset_raw.csv
User shall link their email account to their profile for password recovery.,0,Dataset6000Req.xlsx
'When the hit results in sinking a ship the product shall mark the ship as sunk on the defensive grid of the defensive player.',0,dataset_raw.csv
System shall be able to include a link back to the home page when displaying No results found.,0,Dataset6000Req.xlsx
The website shall be compatible with all browsers.,1,Dataset6000Req.xlsx
System shall generate persistent URLs for datasets to ensure easy future access.,1,Dataset6000Req.xlsx
"System shall send an ""account ok"" message to the ATM if the cash card, password, and account are valid.",0,Dataset6000Req.xlsx
The system shall allow members to send emails to other members through a contact form.,0,Dataset6000Req.xlsx
'The current repair facility ratings shall be displayed to the user.',0,dataset_raw.csv
Superuser shall reply to user questions to provide assistance.,0,Dataset6000Req.xlsx
"The Student menu allows the user to access profile entry, other details, and result entry.",0,Dataset6000Req.xlsx
'The product shall operate in offline mode whenever internet connection is unavailable.',1,dataset_raw.csv
The user shall have the option to sign up using their Facebook account.,0,Dataset6000Req.xlsx
A supervisor shall be able to abort/purge a table's account/meals from the active system with no expectation of payment.,0,Dataset6000Req.xlsx
Resumes will be hidden from specific companies.,0,Dataset6000Req.xlsx
'The Disputes application shall ensure that only users with the appropriate access level are allowed to initiate dispute requests.',1,dataset_raw.csv
"The user can register attendance for the day by entering their Staff ID, name, and password and clicking the Register Attendance button.",0,Dataset6000Req.xlsx
The system shall provide redundant storage of all databases on automatic switchover computers to ensure reliability.,1,Dataset6000Req.xlsx
"VS Code shall not support application virtualization solutions (Microsoft App-V, MSIX for Windows, or third-party alternatives).",1,Dataset6000Req.xlsx
System shall change the resolution of the video and display it accordingly.,0,Dataset6000Req.xlsx
"The return process shall update the inventory system to reflect a decrease in the number of available medicines, ensuring accurate stock levels.",0,Dataset6000Req.xlsx
User shall have the option to log out by clicking on a logout button in the navigation bar.,0,Dataset6000Req.xlsx
'An anonymous survey will show that 95% of customers are comfortable using and purchasing pre-paid cards after a month of using the system.',1,dataset_raw.csv
System shall utilize sessions for transactions to ensure data consistency.,1,Dataset6000Req.xlsx
"The system shall define what data can be entered, how it should be formatted, and any rules for validating the data.",0,Dataset6000Req.xlsx
User shall be able to select a topic from the search result list.,0,Dataset6000Req.xlsx
The system shall be scalable to accommodate a growing user base.,1,Dataset6000Req.xlsx
The system shall allow admins to invite users to join the platform.,0,Dataset6000Req.xlsx
The system shall allow camp administrators to create registration forms for staff and campers.,0,Dataset6000Req.xlsx
Edited task cannot be saved if the new name of it is empty.,0,Dataset6000Req.xlsx
System shall be able to show the route planned by the navigator in the map view.,0,Dataset6000Req.xlsx
The Exit menu allows the user to confirm whether they want to continue using the application or exit.,0,Dataset6000Req.xlsx
The system should run on a good working PC that meets the hardware interface requirements specified in the system documentation.,1,Dataset6000Req.xlsx
"The system shall work on a client-server architecture and require an internet server capable of running PHP applications, supporting commonly used browsers like Internet Explorer.",0,Dataset6000Req.xlsx
Administrators shall create deposit groups.,0,Dataset6000Req.xlsx
The product shall comply with corporate color scheme.,1,Dataset6000Req.xlsx
System shall be able to send newsletters regarding promotions.,0,Dataset6000Req.xlsx
"The system shall allow public users to search for information on properties, county services, processes, and general information.",0,Dataset6000Req.xlsx
System shall support multilingual capabilities for diverse user needs.,1,Dataset6000Req.xlsx
New features can be added to the passport management system.,1,Dataset6000Req.xlsx
'The product must comply with the intranet page standards and requirements of ENET Securities. 95% of the product look & feel will be approved by the Architecture group prior to implementation. The remaining 5% will be corrected and approved within one month of product release.',1,dataset_raw.csv
The system shall be able to handle requests for case information and actions from any authorized user.,0,Dataset6000Req.xlsx
The BE system shall be able to ensure the secure delivery of all internal messages.,0,Dataset6000Req.xlsx
Reliability of the system depends on the reliability of its separate components.,1,Dataset6000Req.xlsx
"User can create profiles with health worker information, attaching usernames for identification, and supporting multiple users on a single device.",0,Dataset6000Req.xlsx
The concurrency capacity must be able to handle peak scheduling times such as early morning and late afternoon hours.,1,Dataset6000Req.xlsx
Quitting will end the game immediately.,0,Dataset6000Req.xlsx
"User shall have the option to attach files to emails, with a file size limit of 25 MB.",0,Dataset6000Req.xlsx
"User shall be able to manage the user portfolio, providing access to new users and deleting inactive employees.",0,Dataset6000Req.xlsx
Users shall sell their stocks for successful trade.,0,Dataset6000Req.xlsx
The system shall allow exporting transcripts as HTML files.,0,Dataset6000Req.xlsx
The system shall implement anonymization and aggregation techniques to securely share route information.,1,Dataset6000Req.xlsx
The platform shall experience minimal to no buffering during video playback.,1,Dataset6000Req.xlsx
System shall allow selecting the to-location from the search results obtained based on requirements UCAR215 and UCAR216 (presumably for building and POI searches).,0,Dataset6000Req.xlsx
The system shall allow users to provide feedback on their experiences and suggestions.,0,Dataset6000Req.xlsx
System shall validate the entered credentials in the database.,0,Dataset6000Req.xlsx
System shall support efficient filtering and management of trainee information for admins.,1,Dataset6000Req.xlsx
"Admins shall manage restaurant details, ratings, and reviews.",0,Dataset6000Req.xlsx
"For the system to be stable, the container and its underlying operating system shall be stable.",1,Dataset6000Req.xlsx
'If the shot was marked as a miss the product shall change the status of the offensive player to defensive',0,dataset_raw.csv
'Defect reports will be available to technical units on a 24x7 basis.',1,dataset_raw.csv
"All error messages produced by the System must be meaningful, so that they can be appropriately acted upon by the users who are likely to see them.",1,Dataset6000Req.xlsx
"The system shall leverage a Content Delivery Network (CDN) (e.g., AWS Cloudfront or Akamai CDN) to deliver videos with low latency.",1,Dataset6000Req.xlsx
Crafty kids corner shall include a rating system allowing users to rate projects based on their experience.,0,Dataset6000Req.xlsx
User shall connect the device to a network to use the application.,0,Dataset6000Req.xlsx
"In case of hardware failure or database corruption, the system shall display a replacement page and retrieve backups from the server.",1,Dataset6000Req.xlsx
'Clinical site information shall include (but not be limited to) the name of the site contact person and contact information.',0,dataset_raw.csv
The system shall provide automatic reply to the sender of the request through the use of a standard interface to the Members systems,0,Dataset6000Req.xlsx
SwRI shall provide APAF system maintenance.,1,Dataset6000Req.xlsx
"System shall implement security measures such as encryption protocols, sandboxing, and protection against malware.",1,Dataset6000Req.xlsx
The system shall be highly available with minimal downtime for maintenance.,1,Dataset6000Req.xlsx
"The system shall provide screens to view tracked metrics, set goals, and configure monitoring settings.",0,Dataset6000Req.xlsx
The system shall complete the cloning process within a reasonable timeframe (define reasonable timeframe).,1,Dataset6000Req.xlsx
System shall implement standard web security measures.,1,Dataset6000Req.xlsx
A Data Consuming User shall be able to change currency display.,0,Dataset6000Req.xlsx
User shall be able to select the support type.,0,Dataset6000Req.xlsx
FABS user shall have submission errors accurately represent FABS errors.,0,Dataset6000Req.xlsx
User shall be able to zoom into visual content.,0,Dataset6000Req.xlsx
The system shall support content delivery networks (CDNs) to distribute content efficiently across different geographic locations.,1,Dataset6000Req.xlsx
System shall allow users to limit access to cases to specified users or user groups.,1,Dataset6000Req.xlsx
'Washing parameters will be updated during scheduled maintenance hours.',1,dataset_raw.csv
'The system shall only be accessed by authorized Corporate Community Grants (CCR) employees. Users must be authenticated using their IBM intranet user name and password.',1,dataset_raw.csv
System shall ensure usability by providing an intuitive user interface for easy navigation and functionality.,1,Dataset6000Req.xlsx
Audit trail functionality must be activated without manual intervention.,1,Dataset6000Req.xlsx
System shall be able to implement robust security measures for the central system and associated software to ensure security.,0,Dataset6000Req.xlsx
The system should be responsive and handle edits and playback smoothly.,1,Dataset6000Req.xlsx
The system shall group similar whale calls.,0,Dataset6000Req.xlsx
System shall provide a book listing with all necessary columns and transaction details for both users and administrators.,0,Dataset6000Req.xlsx
The system shall allow users to customize data packaging wizards for specific data types.,0,Dataset6000Req.xlsx
System shall be able to utilize Geolocation scripts to determine the user's location.,0,Dataset6000Req.xlsx
User shall not be able to register multiple times on the system.,1,Dataset6000Req.xlsx
System shall send OTP to the user's mobile and email.,0,Dataset6000Req.xlsx
System shall ensure seamless integration with external tools and services.,1,Dataset6000Req.xlsx
The system shall display the created pin on the dashboard.,0,Dataset6000Req.xlsx
User shall be able to browse product categories and see the number of items in each category.,0,Dataset6000Req.xlsx
The system shall allow modification of the display.,0,Dataset6000Req.xlsx
"The server shall have a supported version of a common Linux distribution (Ubuntu 18.04 LTS, Ubuntu 20.04 LTS, Ubuntu 22.04 LTS, Ubuntu 22.10, CentOS, Debian, or RHEL).",0,Dataset6000Req.xlsx
Memory system shall be non-volatile to maintain data reliability.,1,Dataset6000Req.xlsx
"The TCS shall provide the capability to enter AV preset limits which, as a minimum, will include airspeed limits, altitude limits, and fuel limits.",0,Dataset6000Req.xlsx
"The operator shall be able to manually override any automatic data terminal control mode selection if desired, except during Emission Control (EMCON) and Hazards ofelectromagnetic Radiation to Ordnance (HERO) conditions.",0,Dataset6000Req.xlsx
"The BE shall be able to handle lag sets up to a maximum size of 262,144 values",1,Dataset6000Req.xlsx
The system shall allow publishers to permanently delete data packages.,0,Dataset6000Req.xlsx
System shall be able to grant access to the user's dashboard upon successful authentication.,0,Dataset6000Req.xlsx
"The system shall include measures of service quality, such as ease of booking, hassle-free check-in, efficient ticketing staff, regular announcements during flight delays, on-time performance, in-flight experience, baggage handling, and value for money.",0,Dataset6000Req.xlsx
System shall back up data every night and restore backups daily to ensure completeness and correctness.,1,Dataset6000Req.xlsx
User shall be able to log in to the system by entering their username/email and password.,0,Dataset6000Req.xlsx
System shall perform the transaction by sending a request to the bank computer and waiting for a response.,0,Dataset6000Req.xlsx
The system shall validate email address existence.,1,Dataset6000Req.xlsx
The system shall allow curators to configure deposit forms specific to collections.,0,Dataset6000Req.xlsx
User shall be able to add/remove products in the shopping cart.,0,Dataset6000Req.xlsx
Employees shall be able to maintain daily logs.,0,Dataset6000Req.xlsx
The system shall allow initiating a two-minute countdown timer visible to all participants.,0,Dataset6000Req.xlsx
The user shall be able to mention the building name for the class.,0,Dataset6000Req.xlsx
System shall provide the administrator with access to view all employee details and manage the site.,0,Dataset6000Req.xlsx
The system shall allow administrators to delete existing user accounts.,0,Dataset6000Req.xlsx
"System shall ensure that each patient consultation request generates one prescription, mapped to one and only one consultation request.",1,Dataset6000Req.xlsx
"Website should be multi-platform, capable of running on different operating systems.",1,Dataset6000Req.xlsx
1.1.1.1 The system shall allow user to specify custom meeting locations.,0,Dataset6000Req.xlsx
User shall/will be able to view their transaction history and available balance.,0,Dataset6000Req.xlsx
The system shall deliver data from its originator to its destination with an acceptable residual error rate to ensure non-corruption of transferred data.,1,Dataset6000Req.xlsx
The system shall allow administrators to approve/reject applications for Certified Scrum Practitioner (CSP) and Certified Scrum Trainer (CST) status.,0,Dataset6000Req.xlsx
"User shall be able to sign up and validate credentials, leading to access to the Snap camera screen.",0,Dataset6000Req.xlsx
The system shall allow logging in using account credentials.,0,Dataset6000Req.xlsx
Crafty kids corner shall have the ability to accommodate increasing numbers of users as the website grows in popularity.,1,Dataset6000Req.xlsx
Astrologers shall sign up by providing personal and skill details and completing an assignment.,0,Dataset6000Req.xlsx
"The system shall support concurrent users, enabling multiple users to access information simultaneously with efficient and quick display time changes.",1,Dataset6000Req.xlsx
The system shall be interoperable with any HTML browser.,1,Dataset6000Req.xlsx
The customer shall be able to easily integrate new building maps with the product throughout the product's lifecycle. Integration of new maps with the product shall be possible with little to no support from product support staff.',1,dataset_raw.csv
'The product must work with most database management systems (DBMS) on the market whether the DBMS is colocated with the product on the same machine or is located on a different machine on the computer network.',1,dataset_raw.csv
"User shall receive safety training materials and awareness campaigns within the app, promoting safe behaviors and fostering a culture of responsibility among users.",1,Dataset6000Req.xlsx
"The system shall support re-initialization in case of failure, and its software design shall prioritize modularity for efficient maintainability.",1,Dataset6000Req.xlsx
System shall notify the user when no matching product is found during the search.,0,Dataset6000Req.xlsx
"The system shall ensure continuous availability, allowing users to control and monitor devices 24/7 without interruptions.",1,Dataset6000Req.xlsx
User shall provide valid details to create an account on the STM website.,0,Dataset6000Req.xlsx
User shall have access to continuous power to ensure uninterrupted operation.,1,Dataset6000Req.xlsx
"User shall register by filling out a registration form, with success or failure based on data availability.",0,Dataset6000Req.xlsx
"User shall have a dedicated page for each class with specific information displayed, for easy class selection.",0,Dataset6000Req.xlsx
User shall be able to use Shazam to identify music by sensing audio and comparing it with a database.,0,Dataset6000Req.xlsx
"System must ensure safety by protecting from intruders, ensuring unique IDs for each user, and requiring unique admin ID.",1,Dataset6000Req.xlsx
The system shall verify if the image adheres to a standard format.,0,Dataset6000Req.xlsx
"User shall be able to search for other users, location-based stories, events, and more, with matched results displayed.",0,Dataset6000Req.xlsx
"User shall be able to set the price, quantity, upload pictures, and add details when listing an item.",0,Dataset6000Req.xlsx
System shall secure in-app purchases via encryption and use a reliable payment gateway.,1,Dataset6000Req.xlsx
"Users shall be able to search for restaurants on the mobile application using various options including price, destination, restaurant type, specific dish, and free text with the ability to combine multiple options in a single search.",0,Dataset6000Req.xlsx
The response shall be fast enough to avoid interrupting the user’s flow of thought. 90% of tasks shall complete within 5 seconds. 98% of tasks shall complete within 8 seconds.,1,Dataset6000Req.xlsx
"The System must employ a single set of user interface rules, or a small number of sets to provide a familiar and common look and feel for the application.",1,Dataset6000Req.xlsx
The CO will be able to play any version of the rules that are specified by the user who creates the game.,0,Dataset6000Req.xlsx
User shall be able to create and customize a personal emoji avatar through Bitmoji integration.,0,Dataset6000Req.xlsx
"User's personal and payment data shall be encrypted during transmission and storage, ensuring confidentiality.",1,Dataset6000Req.xlsx
System shall execute different types of queries for reporting purposes.,0,Dataset6000Req.xlsx
Users will be able to access this application on or off campus anytime on their mobile device without the need of an internet connection.,1,Dataset6000Req.xlsx
User shall integrate error prevention measures such as sanity checks and limiting free-text input for usability.,1,Dataset6000Req.xlsx
ATM cabinet cover shall be made of fiberglass for security purposes.,1,Dataset6000Req.xlsx
Admin shall monitor the whole process.,1,Dataset6000Req.xlsx
For each class within a sequence for a cohort Program Administrators and Nursing Staff Members shall be able to specify which quarter that class will be offered.,0,Dataset6000Req.xlsx
The system shall allow curators to manage user groups and permissions for collections.,0,Dataset6000Req.xlsx
"System shall allow shop owners to advertise their products, with no liability for the site regarding advertisements.",0,Dataset6000Req.xlsx
"When the data link is interrupted, the TCS shall present the last known AV status values and the time at which the last values were reported.",0,Dataset6000Req.xlsx
"When in billing mode, app shall display a representation of a cash payment for the item ordered.",0,Dataset6000Req.xlsx
Customer's credit card number shall only display the last 4 digits after retrieval from the database.,1,Dataset6000Req.xlsx
'The system shall be able to call the seller or buyer to schedule an appointment',0,dataset_raw.csv
The system shall track user data preview statistics.,1,Dataset6000Req.xlsx
"System shall send alerts (e.g., email, SMS) to users regarding actions taken on alerts upon user request.",1,Dataset6000Req.xlsx
User shall be able to upload an EAD for import from within the frontend application.,0,Dataset6000Req.xlsx
Only IT team members can access and maintain database servers locally.,1,Dataset6000Req.xlsx
"The system shall ensure multi-lingual support, with English, Turkish, Finnish, and Italian as supported languages due to replication partnerships.",1,Dataset6000Req.xlsx
System shall adhere to specified standards for operations and data handling.,1,Dataset6000Req.xlsx
System shall use C# programming language on the server side for compatibility with WF.Net and ease of manipulation of XAML.,1,Dataset6000Req.xlsx
The APAF system shall process all ASPERA-3 science data into IDFS data sets.,0,Dataset6000Req.xlsx
User shall have a registered email linked to the software.,1,Dataset6000Req.xlsx
User shall mark attendance using a selected method.,0,Dataset6000Req.xlsx
The CO will be able to perform calculations at any stage of the game.,0,Dataset6000Req.xlsx
System shall open an online payment gateway for the user to proceed with the purchase.,0,Dataset6000Req.xlsx
The system shall ensure high reliability for its 3 billion+ concurrent users and guarantee secure data storage with appropriate data anonymization techniques.,1,Dataset6000Req.xlsx
'The product shall be available for distribution as a packaged CD.',1,dataset_raw.csv
Customer shall be able to order items from wallet amount.,0,Dataset6000Req.xlsx
"Admins shall manage users, providers, and accounts.",0,Dataset6000Req.xlsx
User shall be able to enter required details in the registration form for a new LPG connection.,0,Dataset6000Req.xlsx
"User shall be able to pay bills by choosing payment options, selecting bill type (water, apartment, electricity), and entering the amount to make the payment.",0,Dataset6000Req.xlsx
The system shall allow users to browse collections and view object and component details.,0,Dataset6000Req.xlsx
User shall send and read emails by clicking on the respective links or shortcuts.,0,Dataset6000Req.xlsx
System shall display a set of events that match the search input by date or subject (as described in requirements UCAR406 and UCAR407).,0,Dataset6000Req.xlsx
User shall login to access the administrator portal.,0,Dataset6000Req.xlsx
The system shall restrict broadcast message transmission to authorized administrators only.,1,Dataset6000Req.xlsx
"The MCCC shall be a high availability type generalpurpose computer capable of supporting multiple Ethernet interfaces, COTS operating systems, and support server/host services for the CMIB operating system.",1,Dataset6000Req.xlsx
The system shall utilize database indexing for performance optimization (Developer).,1,Dataset6000Req.xlsx
The audit report shall be displayed to the user.,0,Dataset6000Req.xlsx
The software shall interact with keyboard keystrokes for data entry.,1,Dataset6000Req.xlsx
"Each object shall have its own allowed operations, such as rotating mirrors or firing the torch.",0,Dataset6000Req.xlsx
"The server shall be capable of supporting no less than 200 concurrent connections from any combination of surface computers, tablets and displays.",1,Dataset6000Req.xlsx
The PayPal network must be available 24 hours a day.,1,Dataset6000Req.xlsx
Customers shall use offers for participating restaurants.,0,Dataset6000Req.xlsx
"The automated diagnostic tool shall display and record diagnostic results. Diagnostic results to be displayed to the user will be done so in a simple, graphical and textual format.",0,Dataset6000Req.xlsx
User shall/will be able to receive automatic alerts for unusual or suspicious account activities.,0,Dataset6000Req.xlsx
System shall encrypt sensitive data to prevent unauthorized access.,0,Dataset6000Req.xlsx
System shall maintain uninterrupted connections.,1,Dataset6000Req.xlsx
The MultiMahjongServer will contain a High Scores list with the names and scores of the top MultiMahjong players.,0,Dataset6000Req.xlsx
System shall enable querying of the entire archive for reporting and analysis purposes.,1,Dataset6000Req.xlsx
A Visual Designer shall create a moodboard to aid with visual design concepts for the nsf.gov website.,0,Dataset6000Req.xlsx
System shall display the user's profile with options to edit information.,1,Dataset6000Req.xlsx
System shall authenticate users based on username and password.,0,Dataset6000Req.xlsx
The system shall be able to add restaurant information upon administrator login.,0,Dataset6000Req.xlsx
The TCS shall have the functionality to receive and process UAV mission plans from service specific mission planning systems.,0,Dataset6000Req.xlsx
The system shall be designed such that a student can view a page of information by choosing from one of the options given on the welcome screen. Selection shall be performed with a simple keypad.,0,Dataset6000Req.xlsx
The system shall be available to all instructors through Information Systems during their normal hours of operation.,1,Dataset6000Req.xlsx
The system shall allow users to export scores to a visual format.,0,Dataset6000Req.xlsx
"The product shall encompass a broad scope, providing music streaming and downloadable web applications accessible to users of all ages.",1,Dataset6000Req.xlsx
The preferred repair facility ratings shall be saved by the system.,0,Dataset6000Req.xlsx
The system shall allow staff members to assign plans for review to appropriate plan reviewers.,0,Dataset6000Req.xlsx
There must be an emergency phone located outside the cabin for safety purposes.,1,Dataset6000Req.xlsx
'Only adjusters with a supervisor role can update preferred repair facility ratings. Users without the supervisor role cannot access the repair facility ratings.',1,dataset_raw.csv
"Upon touching the how to play button on the menu screen, the how to play screen shall be displayed, and users shall be able to see screenshots of tutorial screens by sliding the windows.",0,Dataset6000Req.xlsx
Frequently-executed transactions must be completed with minimal interactions.,1,Dataset6000Req.xlsx
"User shall have a view showing all attendee information attached to their training node, so trainers can see class attendance.",0,Dataset6000Req.xlsx
The user shall be able to remove an item they no longer wish to sell/exchange by tapping the Remove the item button.,0,Dataset6000Req.xlsx
The system shall offer a mobile app for computers and mobile devices for accessing OneDrive.,1,Dataset6000Req.xlsx
"The system shall be able to self-monitor and automatically take actions to address various issues including hardware failures, software crashes, performance degradation, errors, and communication disruptions.",1,Dataset6000Req.xlsx
"The system shall allow associating names, subjects, and rights information with components.",0,Dataset6000Req.xlsx
"HPIMS shall generate patient reports including patient’s PHN, name, ward name, bed number, and assigned doctor’s name.",0,Dataset6000Req.xlsx
The system shall allow agents to optionally encrypt messages.,0,Dataset6000Req.xlsx
"In case of failure, the program will undergo re-initialization.",1,Dataset6000Req.xlsx
"The Disputes System shall record user names and dates for all case-related activities, maintaining detailed audit history.",0,Dataset6000Req.xlsx
System shall be able to display a list of all sites sorted alphabetically (A-Z) by site name when user clicks a Browse Sites link on the homepage.,0,Dataset6000Req.xlsx
System shall redirect user to the particular company's portal upon selecting a company from the list.,0,Dataset6000Req.xlsx
The system shall allow camp administrators to modify enrolled campers' information.,0,Dataset6000Req.xlsx
"User shall be limited to 1000 calls per day, with total calls being the sum of all user accounts.",0,Dataset6000Req.xlsx
The user shall select and delete a task in one action.,0,Dataset6000Req.xlsx
'The product shall allow a user to identify himself or herself as a player.',0,dataset_raw.csv
"System shall be able to process account-related issues and send a message ""account issues"" to the central system.",0,Dataset6000Req.xlsx
System administrators shall have control over dropdown lists and list boxes throughout the site.,0,Dataset6000Req.xlsx
User shall push posted content to their Twitter feed via Neurohub.,0,Dataset6000Req.xlsx
User shall expect secure transactions with SSL encryption.,1,Dataset6000Req.xlsx
The user shall be able to add the Classroom number for the class.,0,Dataset6000Req.xlsx
A non-clinical class shall specify the course name lecture room requirements and instructor needs.,0,Dataset6000Req.xlsx
The system shall be able to process a mapping received from the Generic Question Construction unit.,0,Dataset6000Req.xlsx
"System shall restrict access to modules based on user roles, preventing students from updating marks.",1,Dataset6000Req.xlsx
The system shall offer a password reminder via email.,0,Dataset6000Req.xlsx
Users shall be able to log in to the mobile application with credentials stored on the phone for automatic future login.,0,Dataset6000Req.xlsx
Program Administrators and Nursing Staff Members shall be able to add a new clinical site into the system.,0,Dataset6000Req.xlsx
"Commercial databases and application servers shall maintain the system's database, with efficient reinitialization in case of failure.",1,Dataset6000Req.xlsx
'Formula substitutionary ingredients shall be kept in persisted order',0,dataset_raw.csv
System shall be able to update the device status in the central system after action completion.,0,Dataset6000Req.xlsx
Managers shall be able to add new tasks.,0,Dataset6000Req.xlsx
"User shall be able to see a list of all summits, to explore available options.",0,Dataset6000Req.xlsx
User shall have the ability to change their password.,0,Dataset6000Req.xlsx
User shall be able to change their password (client function).,0,Dataset6000Req.xlsx
System shall check whether the account exists or not.,0,Dataset6000Req.xlsx
The system shall allow camp administrators to modify added parents' information.,0,Dataset6000Req.xlsx
The Khan Academy platform shall provide opportunities for students to learn independently.,0,Dataset6000Req.xlsx
"System shall require users to comply with applicable laws and regulations governing data privacy, security, and intellectual property rights, including legal notices related to licensing, copyrights, trademarks, and usage restrictions in production environments.",1,Dataset6000Req.xlsx
"The login interface shall include a ""Forgot Password?"" link.",0,Dataset6000Req.xlsx
The system shall integrate with various data analysis and storage platforms.,1,Dataset6000Req.xlsx
The system shall display a launcher to the News-app version 3.1.4 on the main menu.,0,Dataset6000Req.xlsx
System shall be able to store the initialized parameters.,0,Dataset6000Req.xlsx
Managers shall be able to edit existing tasks.,0,Dataset6000Req.xlsx
User shall/will be able to request one or more consultation requests linked back to a specialty.,1,Dataset6000Req.xlsx
The system shall encrypt collection data and maintain checksums for verification.,0,Dataset6000Req.xlsx
System shall guarantee security by not sharing or selling any personal information to third-party companies.,1,Dataset6000Req.xlsx
"In case of hardware failure or database corruption, a replacement page will be displayed, and backups will be retrieved and saved by the administrator.",1,Dataset6000Req.xlsx
System shall require customers to log in with a valid ID to access the site.,0,Dataset6000Req.xlsx
System shall handle up to 500 simultaneous users without performance degradation.,1,Dataset6000Req.xlsx
User shall create log book pages for experiments and attach files or directories to them as a researcher.,0,Dataset6000Req.xlsx
The system shall collect and store user data in accordance with privacy regulations and user consent.,1,Dataset6000Req.xlsx
System shall validate the OTP.,0,Dataset6000Req.xlsx
User inputs their UPI ID into the designated fields.,0,Dataset6000Req.xlsx
The Stop Diagnostics menu item in the Status menu shall be enabled only when diagnostics are running and disabled otherwise.,0,Dataset6000Req.xlsx
"In case of extensive database damage, a backup method will restore a previous copy of the database and switch to backup servers to keep the site operational.",1,Dataset6000Req.xlsx
"User shall be able to complete transactions, including managing the shopping cart.",0,Dataset6000Req.xlsx
"The system shall deliver videos across various devices (mobiles, PCs, TVs) by employing different video encoding formats.",1,Dataset6000Req.xlsx
"User shall be able to make payments securely through integrated payment gateways like PayPal, InterSwitch, etc.",1,Dataset6000Req.xlsx
Restaurants shall receive notifications once orders are delivered.,0,Dataset6000Req.xlsx
'The Disputes application shall ensure that only authorized users are allowed to logon to the application.',1,dataset_raw.csv
"If paying by cash on delivery, user shall enter address details for order confirmation.",0,Dataset6000Req.xlsx
Contact information will be optionally hidden.,0,Dataset6000Req.xlsx
Maintenance of the database shall be performed using a commercial database system.,1,Dataset6000Req.xlsx
The system shall allow users to rename scores they own.,0,Dataset6000Req.xlsx
A clinical class shall specify the course name lecture room requirements clinical site needs lecture instructor needs and clinical lab instructor needs.,0,Dataset6000Req.xlsx
'The system shall be built such that it is as secure as possible from malicious interference.',1,dataset_raw.csv
"System shall be compatible with Internet Explorer, Mozilla Firefox, Google Chrome, and Safari browsers.",1,Dataset6000Req.xlsx
"User shall access fallback mechanisms in situations where offline resources are unavailable, assisting in understanding foreign language content.",0,Dataset6000Req.xlsx
The system shall be able to retrieve 200 products per second.,1,Dataset6000Req.xlsx
System shall display Liked Videos section showing all the videos liked by the user.,0,Dataset6000Req.xlsx
System shall enable users to view their signed-up summits for confirmation.,1,Dataset6000Req.xlsx
System shall authenticate user credentials from the database upon sign in.,0,Dataset6000Req.xlsx
User shall execute acceptance tests against a Neurohub installation and view the results.,0,Dataset6000Req.xlsx
The system shall allow camp administrators to add campers with details for tracking purposes.,0,Dataset6000Req.xlsx
The system shall allow agents to multicast messages to all other agents subscribed to the same multicast address.,0,Dataset6000Req.xlsx
System shall display an error message and return the card if a transaction is unsuccessful.,0,Dataset6000Req.xlsx
"Consumers shall be able to purchase agricultural products by searching the database for items for sale, and upon successful search, be redirected to the search results page.",0,Dataset6000Req.xlsx
"The system shall securely store and manage patient electronic health records, including medical history, diagnoses, treatments, and lab results.",0,Dataset6000Req.xlsx
A Data Publishing User shall be able to update their dataset automatically with source file changes.,1,Dataset6000Req.xlsx
The system shall be highly available and minimize downtime.,1,Dataset6000Req.xlsx
"The system should be accessible to users more than 98% of the time, ideally aiming for 99% or even continuous uptime.",1,Dataset6000Req.xlsx
User shall be able to access the site on all electronic devices.,0,Dataset6000Req.xlsx
A waiter shall be able to log out of a tablet.,0,Dataset6000Req.xlsx
The user shall be able to receive email notifications when their request is processed.,0,Dataset6000Req.xlsx
"User shall have a training landing page with an intro section and a list of all training offerings, to easily shop for training.",0,Dataset6000Req.xlsx
System shall be able to display a No results found message when no search results are found.,0,Dataset6000Req.xlsx
'Out of 1000 accesses to the system the system is available 999 times.',1,dataset_raw.csv
Sensed data used in or supporting diagnostic analyses shall be saved to permanent storage.,0,Dataset6000Req.xlsx
System shall generate a username and password for the customer upon confirmation and convert temporary data to permanent storage.,0,Dataset6000Req.xlsx
"User shall be able to register students through the website, and the admin shall be able to register new students.",0,Dataset6000Req.xlsx
System shall display the number of people who have given up LPG subsidy.,1,Dataset6000Req.xlsx
'The product shall retain user preferences in the event of a failure.',0,dataset_raw.csv
"User shall be able to track message status to determine if messages have been read by the recipient, indicated by tick marks.",0,Dataset6000Req.xlsx
Users will be able to Save their game if playing in single player mode.,0,Dataset6000Req.xlsx
"Users shall input their date of birth, address, and phone number.",0,Dataset6000Req.xlsx
"The system is not designed for emergency medical use; in case of an emergency, users should contact emergency services such as 108 or their primary doctor.",1,Dataset6000Req.xlsx
Statistics on resume views by interested employers shall be available.,0,Dataset6000Req.xlsx
The app shall run on a smart phone with Android OS least version 2.3 .,1,Dataset6000Req.xlsx
The system shall allow users to edit and modify existing forms.,0,Dataset6000Req.xlsx
System shall provide an interface for Application Administrators to reset user passwords.,0,Dataset6000Req.xlsx
User shall be able to use automated backup scheduling for ensuring data availability.,0,Dataset6000Req.xlsx
"System shall provide a confirmation to the user upon the creation of a ticket retrieval request, including the dispute case number, type of retrieval requested, and due date for the merchant response.",0,Dataset6000Req.xlsx
The system must be available for use between 7:00AM and 11:59PM all days of the year.',1,dataset_raw.csv
"The system shall recommend content based on user profiles, news events, and image/video similarity.",0,Dataset6000Req.xlsx
A team member shall meet with DIS/cloud.gov to determine requirements for the beta.nsf.gov ATO.,0,Dataset6000Req.xlsx
The THEMAS system shall control the heating and cooling units that are designated as part of the THEMAS system.,0,Dataset6000Req.xlsx
System shall identify each thermostat using unique identifiers.,0,Dataset6000Req.xlsx
The system shall allow repository managers to define access controls for collections.,0,Dataset6000Req.xlsx
User shall experience portability between Microsoft Windows and Linux platforms for both intranet and internet versions of the system.,1,Dataset6000Req.xlsx
'The product must comply with Sarbanes-Oxley.',1,dataset_raw.csv
Booking will be locked for editing only when an employee is assigned to serve the client.,0,Dataset6000Req.xlsx
System shall activate heating or cooling units based on temperature trigger exceedance.,0,Dataset6000Req.xlsx
Admin shall have a dashboard showing usage stats and locations for insights.,0,Dataset6000Req.xlsx
Bank shall provide security only for its own computer and software.,0,Dataset6000Req.xlsx
"User shall access a variety of meal plans based on target calorie intake per day, with options for daily or weekly plans.",0,Dataset6000Req.xlsx
'System shall let administrator add/remove movies on the website in under 5 minutes. Entered movie information will be stored in the database and will now be available on the website.',1,dataset_raw.csv
Program Administrators and Nursing Staff Members shall be able to specify the preferred sequence of classes for a given cohort.,0,Dataset6000Req.xlsx
The application shall operate in offline or low data mode.,0,Dataset6000Req.xlsx
User shall be able to apply lenses and filters to snaps before or after capture using AI technology.,0,Dataset6000Req.xlsx
The system shall allow processing of prescriptions received electronically or manually.,0,Dataset6000Req.xlsx
System shall be highly available and reliable with minimal downtime.,1,Dataset6000Req.xlsx
"User shall have access to auditing features in MySQL to track database access and modifications, including the generation of audit logs for compliance and security purposes.",1,Dataset6000Req.xlsx
'The process must fit within the processing time conditions set forth by the Auto Rep Assignment process in which a lead is assigned within 3 minutes of the total life cycle.',1,dataset_raw.csv
"User shall be able to create a consultation request by entering symptoms, uploading reports, and defining the request mode (offline/appointment).",0,Dataset6000Req.xlsx
System shall automatically adjust the available quantity of returned medicines in the inventory.,0,Dataset6000Req.xlsx
The system shall allow starting a round by entering an item in a multi-line text field.,0,Dataset6000Req.xlsx
The system shall allow archivists to search by material type and image using image upload.,0,Dataset6000Req.xlsx
User shall experience optimal performance above 40 kbps internet speed.,1,Dataset6000Req.xlsx
User's will be able to chat with each other in real time.,0,Dataset6000Req.xlsx
User shall have the ability to shortlist or save properties they are interested in for future reference.,0,Dataset6000Req.xlsx
The BE shall be able to perform Fourier Transform the lag set time series.,0,Dataset6000Req.xlsx
"User shall access the main menu on the home screen, which includes options like ""Care Give Support"", ""Track your Child"", and ""Hospital Information"".",0,Dataset6000Req.xlsx
The TCS shall provide the capability to enter waypoint data in alphanumeric format.,0,Dataset6000Req.xlsx
User shall be able to login to the system as an authorized administrator using a username and password.,0,Dataset6000Req.xlsx
Job seekers shall control the privacy level of their information visible to employers through resume searches.,0,Dataset6000Req.xlsx
The system shall be able to do encryption and decryption of data for the password which is given by the user for login.,1,Dataset6000Req.xlsx
System shall be flexible.,1,Dataset6000Req.xlsx
User shall be able to access Gmail from multiple devices and platforms seamlessly.,0,Dataset6000Req.xlsx
The TCS shall provide an interactive display for the purpose of controlling the data link terminal.,0,Dataset6000Req.xlsx
The system shall allow the initiator to view the information of any meetings which they initiated.,0,Dataset6000Req.xlsx
The website shall offer a payment option for users to pay application fees for exams.,0,Dataset6000Req.xlsx
The trigger values shall reside in an initialization file.,0,Dataset6000Req.xlsx
The software activation process shall allow users to access and use their licensed copy of Adobe Illustrator CC with all its features and functionalities.,0,Dataset6000Req.xlsx
User shall be able to log in with a valid login ID and password.,0,Dataset6000Req.xlsx
"The server shall be capable of supporting no less than 200 concurrent connections from any combination of computers, tablets, and displays.",1,Dataset6000Req.xlsx
"User shall have access to an ""Edit application status"" page.",0,Dataset6000Req.xlsx
Users who give up subsidy will be displayed on the Scroll of Honor.,1,Dataset6000Req.xlsx
The system shall protect user data from unauthorized access or modification.,1,Dataset6000Req.xlsx
User shall save the dividend released by each company for client information.,0,Dataset6000Req.xlsx
Transmission of roll data must occur in under 5 seconds.,1,Dataset6000Req.xlsx
The system shall allow camp administrators to store their information for future reference.,0,Dataset6000Req.xlsx
Information about a certain person will be restricted to what is available on the employee pages of the TU/e Encyclopedia.,1,Dataset6000Req.xlsx
The diagnostic history window shall display data in intervals of one week or greater.,0,Dataset6000Req.xlsx
The user shall be able to experience high performance with a high-speed network and high connectivity.,1,Dataset6000Req.xlsx
System shall provide a clear and easily navigable map interface.,1,Dataset6000Req.xlsx
Users shall be able to add an assignment to a list of assignments.,0,Dataset6000Req.xlsx
User shall have ALFRED encourage real interaction between users and not just ICT tools.,0,Dataset6000Req.xlsx
Only authorized users shall have access to students' personal information.',1,dataset_raw.csv
"Users shall purchase stocks, specifying the number of shares and order type (e.g., market order, limit order).",0,Dataset6000Req.xlsx
System shall display the initial screen if no cash card is present.,0,Dataset6000Req.xlsx
The system shall allow users to import MIDI files.,0,Dataset6000Req.xlsx
"The system shall allow users to select specific data to clone (e.g., contacts, messages, call history).",0,Dataset6000Req.xlsx
2 out of 3 Program Administrators/Nursing Staff Members shall successfully be able to use the system to manage the scheduling of classes and clinicals.,1,Dataset6000Req.xlsx
System shall facilitate smooth registration for summits.,1,Dataset6000Req.xlsx
This program shall be your one-stop shop for getting things done and achieving peace of mind.,1,Dataset6000Req.xlsx
The TCS shall have the capability to command the AV to use the navigation methods inherent to the selected AV.,0,Dataset6000Req.xlsx
"The administrator will be able to manage user portfolio, providing access to new users and deleting inactive employees.",0,Dataset6000Req.xlsx
Login communication must be 100% encrypted to prevent usernames and passwords from being intercepted during data exchange between the application and server.,1,Dataset6000Req.xlsx
User shall be guided through the application functions with a graphics-oriented startup guide.,0,Dataset6000Req.xlsx
"Users shall be able to log in using a username and password, which must match the authentication criteria. If the login is successful, users can access the provided functionalities of the system.",0,Dataset6000Req.xlsx
System shall generate reports on attendance data based on specified criteria.,0,Dataset6000Req.xlsx
User shall be able to send composed emails by clicking on the send button.,0,Dataset6000Req.xlsx
'All registered customer information shall be stored and maintained in the database even after the customer cancels their account.',0,dataset_raw.csv
User account names shall be associated with passwords chosen by the user.,1,Dataset6000Req.xlsx
"User shall be able to submit complaints about deliveries or other issues, providing details for the admin to handle and resolve the complaint.",0,Dataset6000Req.xlsx
The product shall allow for intuitive searching of available conference rooms.,1,Dataset6000Req.xlsx
Add task page will be opened consisting of minimum three fields.,0,Dataset6000Req.xlsx
System shall facilitate efficient backup and recovery of Neurohub data for system administrators.,1,Dataset6000Req.xlsx
Moderators shall be able to combine groups with other groups.,0,Dataset6000Req.xlsx
'The website shall be available for use 24 hours per day 365 days per year.',1,dataset_raw.csv
User shall prevent data corruption by applying possible backup procedures and techniques for reliability.,1,Dataset6000Req.xlsx
System shall provide a dashboard widget for recent submissions.,0,Dataset6000Req.xlsx
"The Disputes System must provide Search functionality allowing search by dispute case number, merchant account number, cardmember account number, and issuer number, with filtering options by date range, dispute type, case status, and reason code.",0,Dataset6000Req.xlsx
User shall login to access the examiner portal.,0,Dataset6000Req.xlsx
"The system shall display search results, filtered content, and sorted content accordingly.",0,Dataset6000Req.xlsx
The product shall have a conservative and professional appearance.,1,Dataset6000Req.xlsx
"System shall provide tools for tracking and analyzing sales performance, including metrics such as total sales, top-selling medicines, and sales trends over time.",0,Dataset6000Req.xlsx
Students shall be able to choose courses.,0,Dataset6000Req.xlsx
System shall provide error handling and logging to identify and communicate import errors effectively.,1,Dataset6000Req.xlsx
The ATM shall provide customers with 24-hour service for consistent availability.,1,Dataset6000Req.xlsx
The system shall allow a real estate agent to query MLS information.,0,Dataset6000Req.xlsx
"User shall be able to log in as a student, admin, or company.",0,Dataset6000Req.xlsx
System shall verify the mobile number and prompt for first name and last name.,0,Dataset6000Req.xlsx
'Changes to revenue and expense formulae must be applied to the RFS system every year prior to the budgeting process start. Revenue and expense formulae will be updated within one week of their receipt after which 2 weeks will be allotted to testing of the budget calculations to be conducted jointly by the project development team and PCG Finance.',1,dataset_raw.csv
The system shall automatically stop publishing job ads 30 days after posting.,0,Dataset6000Req.xlsx
The system shall generate a PDF report of all transactions and send a copy to the customer's email address and another copy to the system database for monthly transaction calculation.,0,Dataset6000Req.xlsx
System shall display different versions of datasets clearly to aid users in selecting the appropriate version.,1,Dataset6000Req.xlsx
The system shall be highly available with minimal downtime.,1,Dataset6000Req.xlsx
Accounts managers shall consult with the administrator regarding payment details for updating the database.,0,Dataset6000Req.xlsx
"User shall have a maximum of three attempts to enter the password, after which an email notification will be sent if there's an additional attempt.",1,Dataset6000Req.xlsx
User shall notify the user when no matching product is found on the search.,0,Dataset6000Req.xlsx
User shall be able to know who is responsible for the DMP.,0,Dataset6000Req.xlsx
The system shall provide charts for the Activity or Event actual versus assumed time.,0,Dataset6000Req.xlsx
The web server used shall provide services like session management to maintain application sessions.,1,Dataset6000Req.xlsx
All users shall be able to navigate to the Catalogue using the sub navigation icons.,1,Dataset6000Req.xlsx
The system shall prompt scientists to review subjects based on annotations and comments.,0,Dataset6000Req.xlsx
User shall be able to read serial number and device information.,0,Dataset6000Req.xlsx
System shall complete data processing tasks within 2 seconds under normal workload conditions.,1,Dataset6000Req.xlsx
All error messages must be meaningful and accompanied by explanatory text.,1,Dataset6000Req.xlsx
The system shall display a list of courses matching the search criteria.,0,Dataset6000Req.xlsx
'The product shall be able to store new room equipment.',0,dataset_raw.csv
The system assumes that each user will have only one role assigned at a time.,0,Dataset6000Req.xlsx
System shall ensure that database data remains intact and is only modified through authorized updates.,1,Dataset6000Req.xlsx
System shall ensure the stability and accuracy of acceptance tests executed against Neurohub installations.,1,Dataset6000Req.xlsx
The system shall allow camp administrators to remove campers who no longer attend the camp.,0,Dataset6000Req.xlsx
System shall harvest metadata on funded research outputs for analysis and strategy refinement.,1,Dataset6000Req.xlsx
User shall be able to delegate deposition tasks to others on their behalf.,0,Dataset6000Req.xlsx
System shall maintain a quick response rate.,1,Dataset6000Req.xlsx
System shall be compatible with AIMS security standards.,1,Dataset6000Req.xlsx
"The user shall be able to search by price and destination, entering integers for their desired values, and be informed if they enter an invalid input.",0,Dataset6000Req.xlsx
'When the hit results in sinking a ship the product shall notify the players that the ship was sunk.',0,dataset_raw.csv
Response times shall remain within acceptable limits even during periods of heavy usage.,1,Dataset6000Req.xlsx
Agency user shall be able to leave off the last 4 digits of the ZIP without an error.,0,Dataset6000Req.xlsx
Reliability of the system and roll information shall be achieved through database manipulation.,1,Dataset6000Req.xlsx
"The healthcare portal shall be accessible and optimized for mobile devices, ensuring a seamless user experience across different screen sizes and orientations.",0,Dataset6000Req.xlsx
System shall be able to display the initial interface.,0,Dataset6000Req.xlsx
User shall experience response times of 1 second or less when accessing patient information.,1,Dataset6000Req.xlsx
"User shall be able to view the latest movies and television shows by clicking ""Latest.""",0,Dataset6000Req.xlsx
The software must adhere to security and performance quality standards.,1,Dataset6000Req.xlsx
System shall be able to check if the user account is valid.,0,Dataset6000Req.xlsx
The system shall allow publishers to restore deleted data packages using the command-line interface.,0,Dataset6000Req.xlsx
System shall enforce limitations on duplicate registrations to maintain system integrity.,1,Dataset6000Req.xlsx
"System shall be able to manage bills for clients, including clearance receipt, freight fare, and delivery charges, and maintain complete records of payments.",0,Dataset6000Req.xlsx
Reports must be easy to generate. Reports must be generated within one button click and exported within one button click (after selecting the report)',1,dataset_raw.csv
Developer shall provide FABS groups that function under the FREC paradigm.,0,Dataset6000Req.xlsx
The TCS shall be capable of being interoperable with the installed payloads across the 5 levels of UAV interaction.,1,Dataset6000Req.xlsx
System shall cross-verify entered credentials with the stored user database.,0,Dataset6000Req.xlsx
"In case of a network connection error, the system shall handle the error and prevent transaction processing.",0,Dataset6000Req.xlsx
"User shall receive clear validation messages on both client and server sides, with failed fields highlighted and focus directed to them.",1,Dataset6000Req.xlsx
"The system shall provide separate interfaces for students, faculty, and administrators.",0,Dataset6000Req.xlsx
"User shall have training options clearly marked with all necessary information listed, for easy browsing and selection.",0,Dataset6000Req.xlsx
User shall benefit from a modularized and well-documented system for ease of maintenance and future enhancements.,1,Dataset6000Req.xlsx
The system ensures the security of personal health data to prevent unauthorized disclosure.,1,Dataset6000Req.xlsx
'The leads washing functionality will insert all leads captured by the web service.',0,dataset_raw.csv
System shall provide accessibility features to accommodate users with disabilities and support multiple languages for international users.,1,Dataset6000Req.xlsx
'The streaming server will support a maximum of 700 movies; new servers can be added to support more movies.',1,dataset_raw.csv
"User shall be able to make Skype-to-Skype calls, calls to mobile and landline phones, and group calls, and use Skype numbers.",0,Dataset6000Req.xlsx
"User shall be able to delete a patient profile, provided no consultation requests have been made in the last 3 years.",0,Dataset6000Req.xlsx
User shall/will have passwords stored securely using industry-standard hashing algorithms.,1,Dataset6000Req.xlsx
"User shall be able to register with ID, password, PIN, email, and ticket number. (Level 1)",0,Dataset6000Req.xlsx
Admin shall have the authority to cancel any bus route or make it unavailable for any reason.,0,Dataset6000Req.xlsx
System shall use two levels of security: ATM card and PIN verification authenticated by CMS software.,1,Dataset6000Req.xlsx
'The product interface should be fast. The response time of the product interface should not exceed 2 seconds 90% of the time. For 10% of the time the response time should not be more than 10 seconds.not be more than 10 seconds.',1,dataset_raw.csv
System shall match the player with another player upon selection of the play icon.,0,Dataset6000Req.xlsx
The system shall enable users to write comments on posts.,0,Dataset6000Req.xlsx
The system shall be able to add requests to a waiting queue for processing.,0,Dataset6000Req.xlsx
The system shall allow authorized users to edit existing car information.,0,Dataset6000Req.xlsx
"User shall be able to paste items by clicking the ""Paste"" button.",0,Dataset6000Req.xlsx
"After registration, users shall be directed to a profile customization page.",0,Dataset6000Req.xlsx
System shall operate on compatible software platforms and environments.,1,Dataset6000Req.xlsx
Admins shall add promo codes/offers.,0,Dataset6000Req.xlsx
The maintenance of the product will fall within the established corporate maintenance windows.,1,Dataset6000Req.xlsx
"User shall add items to the shopping cart with a response time of less than 1 second, enhancing the shopping experience.",1,Dataset6000Req.xlsx
System shall be able to display a set of employees that match the search input when a user performs a search by name (as described in requirements UCAR501 and UCAR502).,0,Dataset6000Req.xlsx
System shall empower customer care representatives to provide feasible solutions to customers' complaints and queries.,0,Dataset6000Req.xlsx
System shall return the user to the login page when the session expires.,0,Dataset6000Req.xlsx
User shall generate reports at the Admin Login page by clicking on the link provided.,0,Dataset6000Req.xlsx
User shall digitally record responses made by subjects when completing paper-based forms.,0,Dataset6000Req.xlsx
Light My Way shall exclusively run on Android OS without cross-platform compatibility.,1,Dataset6000Req.xlsx
'The preferred repair facility shall be returned to the user.',0,dataset_raw.csv
User shall experience quick and seamless authentication processes facilitated by the application.,1,Dataset6000Req.xlsx
The THEMAS system shall control the heating and cooling units that are defined as part of the THEMAS system.,0,Dataset6000Req.xlsx
"The Start Diagnostics menu item in the Status menu shall be enabled only when diagnostics aren't running, otherwise, it shall be disabled.",0,Dataset6000Req.xlsx
Users can ask questions and receive answers on the platform.,0,Dataset6000Req.xlsx
The system shall allow the mediator to solve a location conflict.,0,Dataset6000Req.xlsx
"User shall be able to view a list of sponsors, so that they can thank all the awesome sponsors.",0,Dataset6000Req.xlsx
"System shall support privileged access for external collaborators, ensuring effective collaboration.",1,Dataset6000Req.xlsx
The system shall display a launcher to the Employee-finder-app version 3.1.6 on the main menu.,0,Dataset6000Req.xlsx
Users shall be required to log into the system for all operations except the operations on the login page.,0,Dataset6000Req.xlsx
"The system shall include ""grammar"" checks to ensure proper placement of slurs and ties.",0,Dataset6000Req.xlsx
"User shall be able to perform sudden movements upward from solid ground, as a necessary movement mechanic.",0,Dataset6000Req.xlsx
"The system shall allow users to add expenses with details including amount, date, payer, and optional split among participants.",0,Dataset6000Req.xlsx
The system shall allow editors to add articles to the site.,0,Dataset6000Req.xlsx
System shall support network connections via Ethernet port and serial port jack.,1,Dataset6000Req.xlsx
User shall be able to configure application settings according to state requirements.,0,Dataset6000Req.xlsx
Adobe Illustrator shall provide access to advanced features and functionality with 64-bit support.,1,Dataset6000Req.xlsx
System shall provide a seamless and reliable installation process for ALFRED.,1,Dataset6000Req.xlsx
"User shall have their daily calorie goals recorded, and reminders will be sent if a workout is missed.",0,Dataset6000Req.xlsx
The GUI will have a “Send” button which sends text from the textbox to the API when clicked,0,Dataset6000Req.xlsx
System shall implement a CAPTCHA module to prevent spam robots.,1,Dataset6000Req.xlsx
'The product shall display a map of the company building showing conference room locations.',0,dataset_raw.csv
The server must have UPS support with at least 8 hours of backup power in case of power failure.,1,Dataset6000Req.xlsx
Deposit envelopes shall be 9 inches long and 4 inches wide.,0,Dataset6000Req.xlsx
'Only valid data shall be entered into the system. No invalid data shall be entered into the system.',1,dataset_raw.csv
The system hardware shall be able to receive fixes and patches over an internet connection.,1,Dataset6000Req.xlsx
Instructors must enter a password to take roll or edit database information.,1,Dataset6000Req.xlsx
The admin or user can log in to the system with their unique username and password.,0,Dataset6000Req.xlsx
The system shall be designed for intuitive use by first-time users.,1,Dataset6000Req.xlsx
User's password shall be displayed in the web browser with special characters representing typed characters.,1,Dataset6000Req.xlsx
The system shall allow for password protection of spreadsheets to restrict access.,0,Dataset6000Req.xlsx
TCS shall provide the capability to monitor payload adherence to the uplinked mission plan.,0,Dataset6000Req.xlsx
Delivery boy shall be able to start the shift.,0,Dataset6000Req.xlsx
The system shall allow users to export Data Packages from their Excel spreadsheets and NetCDF files.,0,Dataset6000Req.xlsx
"The system shall be able to retrieve and display a recently accessed (within the last 2 months) case within 5-8 seconds, regardless of storage capacity or the number of cases in the system.",1,Dataset6000Req.xlsx
'The Disputes application shall be available 24x7x365 with the exception of the following scheduled maintenance windows. Monday â€“ Saturday 3:00am to 4:00am EST Sunday 1:00amd to 5:00am EST',1,dataset_raw.csv
User shall be able to perform the weekly roster of employees.,0,Dataset6000Req.xlsx
The system shall allow staff members to schedule meetings.,0,Dataset6000Req.xlsx
The system shall notify the realtor when a seller or buyer responds to an appointment request.,0,Dataset6000Req.xlsx
System shall ensure easy access to the registration form from the menu.,1,Dataset6000Req.xlsx
ATM power supply shall have a 10/220 V AC manual switch.,0,Dataset6000Req.xlsx
Candidates shall be able to opt-in and create Job Agents to receive daily notifications of matching jobs.,0,Dataset6000Req.xlsx
"System shall maintain and display marks obtained by students in different semesters, including internal and external marks, total marks, and credits.",0,Dataset6000Req.xlsx
"The learning website shall implement security measures to prevent unauthorized access, modification, or deletion of data.",1,Dataset6000Req.xlsx
"User shall be able to create a new account by providing their email address and password, which must meet specific criteria.",0,Dataset6000Req.xlsx
"The information link for each result should be clear, easy to identify, and open with just a single click.",1,Dataset6000Req.xlsx
"The system shall prefilter content using low-level and high-level asset information (metadata, tags).",0,Dataset6000Req.xlsx
Individual or package job adverts shall be purchasable by credit card.,0,Dataset6000Req.xlsx
User shall be able to navigate to the next product by swiping left to right.,0,Dataset6000Req.xlsx
The system shall provide clear and informative messages to users.,1,Dataset6000Req.xlsx
The system shall display a launcher to the Map-app version 3.1.3 on the main menu.,0,Dataset6000Req.xlsx
'The Disputes System shall provide the users the ability to view the history of all activities that have occurred on the dispute case.',0,dataset_raw.csv
'The product shall run on the existing hardware for all environments.',1,dataset_raw.csv
"While a fast internet connection is optional, the system shall be designed to perform optimally with a fast connection.",1,Dataset6000Req.xlsx
"Data terminal control shall include, but is not limited to, antenna pointing control, transmitter control, and receiver control.",0,Dataset6000Req.xlsx
"Choosing the option button from the menu screen shall display the options screen, where users can adjust game music and sounds using horizontal sliders, and change their nicknames from the textbox.",0,Dataset6000Req.xlsx
User shall be able to access reports containing details of research projects classified as sensitive or highly sensitive.,0,Dataset6000Req.xlsx
Email input shall be optional during sign-up.,0,Dataset6000Req.xlsx
"User shall receive adherence to SLAs for uptime and performance, including monitoring of database performance and alerts for potential issues.",1,Dataset6000Req.xlsx
Crafty kids corner shall offer user management features in the admin panel for managing accounts and permissions.,0,Dataset6000Req.xlsx
The system shall be able to support a multilingual interface.,1,Dataset6000Req.xlsx
"The system shall be capable of restoring itself to its previous state in the event of failure (e.g., a system crash or power loss).",1,Dataset6000Req.xlsx
The product shall allow for customization of start page and views preferences.,1,Dataset6000Req.xlsx
User shall be able to know when the DMP was created or last updated.,0,Dataset6000Req.xlsx
User shall experience initial load time based on internet connection strength and the media used to run the product.,1,Dataset6000Req.xlsx
"User shall select a preferred payment method, such as credit card or cash on delivery.",0,Dataset6000Req.xlsx
The system shall detect moving objects in images.,0,Dataset6000Req.xlsx
"User shall be able to interact with databases using multiple interfaces such as the Command-Line Interface (CLI), Graphical User Interface (GUI) tools like MySQL Workbench, and Application Programming Interfaces (APIs) for various programming languages.",1,Dataset6000Req.xlsx
The system shall be able to anonymize text by replacing identified keywords with generic terms and provide a mapping between them.,0,Dataset6000Req.xlsx
'All of the users shall be able to use the system after one day of training.',1,dataset_raw.csv
"System shall offer video editing tools such as trim, cut, crop, merge, copy/duplicate, collage, and looping video clips on the storyboard.",0,Dataset6000Req.xlsx
The system will notify affected parties when changes occur affecting cohorts including but not limited to changes to the sequence for a cohort’s program of study and changes to a given week’s schedule.,0,Dataset6000Req.xlsx
"Users shall select the relevant category of forms, fill them, and submit.",0,Dataset6000Req.xlsx
The system shall provide a link to the Facebook settings menu.,0,Dataset6000Req.xlsx
"System shall be able to print a receipt, update system parameters, and dispense money upon a successful transaction.",0,Dataset6000Req.xlsx
System shall provide comprehensive documentation and training resources for users and administrators.,1,Dataset6000Req.xlsx
User shall be able to maintain a master list of symptoms for patient consultation requests.,0,Dataset6000Req.xlsx
The system shall be able to use the app on different platforms like different versions of OS/Mobiles.,1,Dataset6000Req.xlsx
User shall configure examination settings and schedules.,0,Dataset6000Req.xlsx
System shall provide access to Bath data for external collaborators off-campus to support collaboration.,1,Dataset6000Req.xlsx
"The system shall allow users to perform basic mathematical operations (+, -, *, /) on data in cells.",0,Dataset6000Req.xlsx
The system shall allow consumers to be notified of changes to specific data packages.,0,Dataset6000Req.xlsx
System shall require users to have Java plug-ins enabled and CSS functioning properly.,1,Dataset6000Req.xlsx
The system shall display data from the Sync Matrix 1.0 and Exercise Management Tool 1.0 applications,0,Dataset6000Req.xlsx
The system shall provide an interface for verification department employees to send status reports to finance and legal contract departments.,0,Dataset6000Req.xlsx
The user shall be able to terminate the introductory movie and return to the main menu by clicking the mouse.,0,Dataset6000Req.xlsx
"In the ingame screen, users can choose emote buttons by touching them, and upon selection, the chosen emote shall be displayed to the other user.",0,Dataset6000Req.xlsx
System shall validate the entered OTP.,0,Dataset6000Req.xlsx
System shall implement security measures to protect the database from unauthorized access.,1,Dataset6000Req.xlsx
"User shall be able to post jobs with detailed descriptions including job title, company name, location, salary, job type, work type, and required skills.",0,Dataset6000Req.xlsx
The system shall allow authorized users to add new car information.,0,Dataset6000Req.xlsx
"The system shall be available at all times, accessible via any web browser, even with low browsing speed.",1,Dataset6000Req.xlsx
User shall experience a consistent look and feel across all web pages of the e-store.,1,Dataset6000Req.xlsx
User shall be able to track downloads and citations of deposited datasets to demonstrate impact.,0,Dataset6000Req.xlsx
JavaScript functions process user actions and update the cart display accordingly.,0,Dataset6000Req.xlsx
User shall be able to add donation centers as favorites on their profile.,0,Dataset6000Req.xlsx
System shall check the validity of the bank code upon request from the ATM.,0,Dataset6000Req.xlsx
Resumes will have options for private/public/confidential settings.,0,Dataset6000Req.xlsx
HEC rules shall be implemented while creating the system.,1,Dataset6000Req.xlsx
User shall be able to perform validity checks on inputs.,0,Dataset6000Req.xlsx
'The RMS System shall have Windows XP look and feel and use GUI futures making its use intuitive.',1,dataset_raw.csv
"The system should be able to handle parameter changes in three ways: single parameter, subset of settings, and pre-defined parameter set switching.",0,Dataset6000Req.xlsx
'system shall be able to handle all of the user requests/usage during business hours.',1,dataset_raw.csv
Accounts managers shall track payment transactions and update payment information.,0,Dataset6000Req.xlsx
"The course details shall include title, description, price, duration, instructor information, and enrollment details.",0,Dataset6000Req.xlsx
The system shall allow users to preview data within Data Packages before download.,1,Dataset6000Req.xlsx
System shall update the car status accordingly.,0,Dataset6000Req.xlsx
"Users shall select the relevant performa category, fill the form, and submit it.",0,Dataset6000Req.xlsx
The system shall be intuitive enough for 90% of new users to start displaying Events or Activities within 90 minutes of initial use.,1,Dataset6000Req.xlsx
"System shall analyze emails and categorize them automatically into primary, social, or promotional categories.",0,Dataset6000Req.xlsx
The menu items named Configure Diagnostics and Exit in the main menu entitled File shall be enabled at all times,0,Dataset6000Req.xlsx
"The system will be developed using Waterfall methodology, Object-Oriented Programming in Java, targeting Android devices 2.3 onwards with a mandatory internet connection.",1,Dataset6000Req.xlsx
"The system shall be able to create a complete audit trail for all case access, activities, and related documents or data.",1,Dataset6000Req.xlsx
The system requires end users to provide their symptoms accurately to avoid false predictions.,1,Dataset6000Req.xlsx
"User shall be able to anonymously view public information, such as recycling centers near their location, before creating an account.",0,Dataset6000Req.xlsx
'PME Subsystem shall allow building product menus based on the list of products kept in the accounting system.',0,dataset_raw.csv
On a 56k connection the system response time for all operations must be no more than 6 seconds 90% of the time.',1,dataset_raw.csv
System shall allow users to add custom properties to repository records.,0,Dataset6000Req.xlsx
System shall integrate cancellation deadlines into registration workflows.,1,Dataset6000Req.xlsx
The database of Webble shall reliably support up to 20 user accounts and associated data.,1,Dataset6000Req.xlsx
System shall restore data if a database crash occurs.,1,Dataset6000Req.xlsx
User shall be able to add interests.,0,Dataset6000Req.xlsx
"The system shall be compatible with all major web browsers (Chrome, Safari, Mozilla Firefox, etc.) and operating systems (Windows, Linux, Mac Mavericks, etc.).",1,Dataset6000Req.xlsx
The system shall produce high-quality scanned documents with clear and legible text.,1,Dataset6000Req.xlsx
"User shall be able to enter payment information and have their card charged for an individual sponsorship, for easy sponsorship payment.",0,Dataset6000Req.xlsx
The system shall display the date of digitization for files.,0,Dataset6000Req.xlsx
The system shall be scalable to accommodate a growing user base and increasing amount of data without performance degradation.,1,Dataset6000Req.xlsx
The system shall predict diseases or illnesses based on the user's selected symptoms and display the results.,0,Dataset6000Req.xlsx
"The system shall integrate with various third-party applications (e.g., SurveyMonkey, Eventbrite) to enhance functionality.",0,Dataset6000Req.xlsx
The system shall render complex projects faster with a compatible graphics card.,1,Dataset6000Req.xlsx
User shall check the current status of their application using the application number.,0,Dataset6000Req.xlsx
The homepage of Apollo hospitals system shall serve as the main interface for users.,0,Dataset6000Req.xlsx
The developed website must be highly reliable and secure to prevent any leakage of applicant information.,1,Dataset6000Req.xlsx
User shall test the functionality of a Neurohub installation with a script.,0,Dataset6000Req.xlsx
System shall be able to authenticate user credentials and grant access to the user account.,0,Dataset6000Req.xlsx
The TCS shall permit the operator to control the payload using all methods supported by the payload installed in the selected AV,1,Dataset6000Req.xlsx
The system shall provide a secure login mechanism using advanced encryption algorithms.,1,Dataset6000Req.xlsx
System shall rebuild all cached data during every startup for availability.,1,Dataset6000Req.xlsx
User shall be able to log in as a restaurant owner upon successful authentication.,0,Dataset6000Req.xlsx
User shall/will have access to a system with a mean time between failures of at least 500 hours.,1,Dataset6000Req.xlsx
"System shall be able to place a marker for each historical site on the map, including the site name, a short description, and a link to the sites page.",0,Dataset6000Req.xlsx
User shall be able to enter URL to access the homepage.,0,Dataset6000Req.xlsx
'The search for recycled parts shall take no longer than 15 seconds. The search results shall be returned in under 15 seconds.',1,dataset_raw.csv
"System shall allow users to search and book tours by specifying place and number of travelers, providing tour plans with costs, destinations, and accommodations, with redirection to payment gateway for booking.",0,Dataset6000Req.xlsx
User shall be able to maintain different types of specialties.,0,Dataset6000Req.xlsx
Customers shall be able to track delivery boy details.,0,Dataset6000Req.xlsx
All access to cases and related activities must be stored in the audit trail for legal admissibility and data recovery.,1,Dataset6000Req.xlsx
The user shall be able to initiate the game by clicking a button or learn more by following a link to the Denominators' web page.,0,Dataset6000Req.xlsx
The feature of the application shall provide the optimized route for the given addresses,0,Dataset6000Req.xlsx
System shall provide information and tools for users to specify security measures for data.,0,Dataset6000Req.xlsx
The TCS shall have the functionality to transmit UAV mission plans to service specific mission planning systems.,0,Dataset6000Req.xlsx
The user shall be able to enter their Seat number for the exam.,0,Dataset6000Req.xlsx
"Increased RAM shall improve the software's ability to handle complex projects, multiple layers, and large file sizes.",1,Dataset6000Req.xlsx
System shall automatically update the available quantity of each medicine after a sale is completed.,0,Dataset6000Req.xlsx
User shall/will be able to generate and download account statements.,0,Dataset6000Req.xlsx
"The Backend System shall ensure input data fidelity and dynamic range integrity across all processing, manipulation, and I/O functions.",1,Dataset6000Req.xlsx
Delivery boy shall be able to receive customer details from the restaurant.,0,Dataset6000Req.xlsx
User interface shall include a 10-inch VGA color display with 256 color resolution and touch screen support.,0,Dataset6000Req.xlsx
The user shall be able to manage information through a web form.,0,Dataset6000Req.xlsx
Administrator shall be able to cancel subscriptions and receive confirmation of successful cancellation.,0,Dataset6000Req.xlsx
"The system, designed as a web service, shall ensure portability to facilitate integration across various platforms within enterprise applications.",1,Dataset6000Req.xlsx
The system shall allow inviting estimators to a game via a unique URL.,0,Dataset6000Req.xlsx
Restaurant shall be able to accept or cancel orders depending on the order received and availability of items.,0,Dataset6000Req.xlsx
System shall provide attendance reports for all students in a class.,0,Dataset6000Req.xlsx
System shall support the creation and editing of Rights Management statements with appropriate permissions.,1,Dataset6000Req.xlsx
"User shall be able to find session information, to explore available sessions.",0,Dataset6000Req.xlsx
'Only users with Update access must be able to initiate dispute requests.',1,dataset_raw.csv
Administrators shall be able to change the stylistic map.,0,Dataset6000Req.xlsx
System shall maintain and display elective subject choices made by students for different semesters.,0,Dataset6000Req.xlsx
The system shall provide a merchant for transactions.,0,Dataset6000Req.xlsx
User shall be able to manage multiple versions of datasets transparently to maintain research integrity.,0,Dataset6000Req.xlsx
The system shall allow users to print spreadsheets or specific ranges of data.,0,Dataset6000Req.xlsx
System shall be able to locate the user through a geolocation feature.,0,Dataset6000Req.xlsx
"The system shall allow defining user roles and permissions for form access (e.g., create, edit, view).",0,Dataset6000Req.xlsx
The user shall be able to view the detailed attributes of a single assignment.,0,Dataset6000Req.xlsx
User shall be able to initiate the investigation process for registered complaints.,0,Dataset6000Req.xlsx
The system shall allow the user to view pending meetings.,0,Dataset6000Req.xlsx
User shall be able to access the system using a web browser without restrictions.,1,Dataset6000Req.xlsx
"User shall/will be able to pay bills online, such as utility bills, credit card bills, and loan payments.",0,Dataset6000Req.xlsx
User shall/will experience a system capable of supporting the addition of new features without requiring a complete system overhaul.,1,Dataset6000Req.xlsx
User must file a First Information Report (FIR) and present a copy for card blocking in case of lost ATM card.,1,Dataset6000Req.xlsx
"System shall interact with hardware components including power supply, card reader, receipt printer, statement printer, receipt dispenser, and envelope depository.",0,Dataset6000Req.xlsx
'The product shall be robust.The product shall have fault avoidance based on standards adoption.',1,dataset_raw.csv
'The System shall allow on demand generation of all Inventory Quantity Adjustment documents since certain point of time.',0,dataset_raw.csv
"User shall be able to view venue details, to get a sense of the location and see events happening there.",0,Dataset6000Req.xlsx
The system should efficiently handle medium-sized information databases without significant performance degradation.,1,Dataset6000Req.xlsx
System shall provide login functionality for users.,0,Dataset6000Req.xlsx
After installing the Application from iTunes or the App store the user will be asked to login.,0,Dataset6000Req.xlsx
Software design will prioritize modularity for efficient maintainability.,1,Dataset6000Req.xlsx
"Users shall view a list of their stocks, including current price, change percentage, and total value.",0,Dataset6000Req.xlsx
System shall be robust.,1,Dataset6000Req.xlsx
'The users should be able to easily use the system to successfully complete their budgets within the stipulated time for completion. With a week of training prior to product implementation 98% of the users shall complete their budgets within the stipulated time.',1,dataset_raw.csv
User shall be able to start a game once two users are connected.,0,Dataset6000Req.xlsx
System shall prompt customers with clear error messages.,1,Dataset6000Req.xlsx
Users' inputs shall be validated to ensure data integrity and system security.,1,Dataset6000Req.xlsx
"The system will enforce unique usernames during user account creation, prompting users to choose a different username if their desired one is already taken.",1,Dataset6000Req.xlsx
'The response time shall be fast enough to maintain the flow of the game. The response time shall be no more than 2 seconds for 95% of responses and no more than 4% for the remaining responses.',1,dataset_raw.csv
System shall show upcoming events on the title screen when the agenda app is started.,0,Dataset6000Req.xlsx
"System shall display course details, fee structure, and notices for students on the site.",0,Dataset6000Req.xlsx
"The user shall be able to create a new exam by tapping the ""Add"" button.",0,Dataset6000Req.xlsx
User shall be able to initialize system parameters.,0,Dataset6000Req.xlsx
"The system must support 10,000 concurrent users with a maximum response time of 2 seconds.",1,Dataset6000Req.xlsx
The system shall remind the user of the task with their chosen ringtone.,0,Dataset6000Req.xlsx
"The user shall access the application for installation, updates, and feedback via the Google Play Store.",1,Dataset6000Req.xlsx
There shall be a setting to allow new ideas to be added to the top of the list.,0,Dataset6000Req.xlsx
'The product shall be available 99% of the time. Rationale: To avoid service interruption during busiest customer service response periods. The product shall be available 99.99% of the time for regular business days.',1,dataset_raw.csv
The system shall remove background noise from audio files.,0,Dataset6000Req.xlsx
'The Disputes System must allow the users to select disputable transactions (based on the age of the transaction) from a user interface and initiate a dispute (ticket retrieval request or chargeback notification) on the selected transaction.',0,dataset_raw.csv
'The vendor will verify the invalid lead.',0,dataset_raw.csv
"User shall be able to add events to ""my schedule"" if there is a schedule feature on the site, to schedule their event experience.",0,Dataset6000Req.xlsx
The system shall allow applicants to request a plan review meeting with plan review staff.,0,Dataset6000Req.xlsx
System shall be able to collect and sort a list of all sites by name.,0,Dataset6000Req.xlsx
"As and objective, the TCS shall be interoperable with the Integrity Beacon Landing System (IBLS)",1,Dataset6000Req.xlsx
System shall implement access constraints for different types of users.,1,Dataset6000Req.xlsx
System shall be able to build URLs for each sites page.,0,Dataset6000Req.xlsx
The system shall support the use of key signatures in scores.,0,Dataset6000Req.xlsx
The system shall allow editing account details.,0,Dataset6000Req.xlsx
System shall ensure response time between requests and completion is minimal.,1,Dataset6000Req.xlsx
'The product shall allow for intuitive searching of available conference rooms.',1,dataset_raw.csv
The user shall be able to set the name of an assignment.,0,Dataset6000Req.xlsx
The system shall be capable of processing 100% of nursing students and their classes for the next 10 years.,1,Dataset6000Req.xlsx
Apple Silicon processors shall offer enhanced performance and power efficiency.,1,Dataset6000Req.xlsx
Connections for chats and calls must remain uninterrupted.,1,Dataset6000Req.xlsx
User shall assign certain functions to different modules for security.,1,Dataset6000Req.xlsx
User shall be able to import metadata captured with a metadata tool into a Data Management Plan (DMP).,0,Dataset6000Req.xlsx
The system shall allow archivists to manage scans of archival material and loan documentation.,0,Dataset6000Req.xlsx
The Disputes System shall provide users with the ability to view the history of all activities on dispute cases.,0,Dataset6000Req.xlsx
"If the items are in stock, the system shall display the items; if not, it shall display that the items are out of stock.",0,Dataset6000Req.xlsx
"User shall be able to edit assets belonging to their department if authorized, at administrative, faculty, or university levels.",0,Dataset6000Req.xlsx
The system shall provide marks information in PDF format.,0,Dataset6000Req.xlsx
"Customers shall receive notifications for accepted orders, order pickup, and delivery.",0,Dataset6000Req.xlsx
System shall have an availability of 99.99%.,1,Dataset6000Req.xlsx
"The user can manipulate and view exam details, including subject name, date of the exam, total marks, and pass marks.",0,Dataset6000Req.xlsx
System shall utilize the Dropzone JavaScript library for drag-and-drop functionality.,0,Dataset6000Req.xlsx
User shall allow the user to reset all options and stored user variables to default settings for maintainability.,1,Dataset6000Req.xlsx
Administrator shall be able to change the super password.,0,Dataset6000Req.xlsx
'The product shall allow the user to select a chosen language from one of the target market countries.',1,dataset_raw.csv
The software design shall prioritize modularity for efficient maintenance.,1,Dataset6000Req.xlsx
Users shall be able to select product thumbnail images after choosing a category.,0,Dataset6000Req.xlsx
"This system will convert an input question about a specific entity and property (e.g., building closing time) into a generic answer sentence (e.g., building closes at specific time).",0,Dataset6000Req.xlsx
The APAF system shall acquire from ESOC the telemetry data of the ASPERA-3 Experiment and Mars Express Orbit/Attitude.,0,Dataset6000Req.xlsx
"At every waypoint and every 5 minutes, the TCS shall compute the AV's flight range based on remaining fuel.",0,Dataset6000Req.xlsx
The system shall securely transfer data between the source and target phones.,0,Dataset6000Req.xlsx
"The system shall allow creating an account with name, email, password, and username.",0,Dataset6000Req.xlsx
'The product shall record different meeting types.',0,dataset_raw.csv
The system shall be able to use the app in different platforms like different versions of OS/Mobiles.,1,Dataset6000Req.xlsx
The THEMAS system shall be able to control all defined heating and cooling units.,0,Dataset6000Req.xlsx
The user shall be able to select the Year/Term or add a new Year/Term for the class.,0,Dataset6000Req.xlsx
"When the user presses add, system must check if the the name, date and time fields are completed.",0,Dataset6000Req.xlsx
Extensive usage statistics for various categories shall be accessible.,0,Dataset6000Req.xlsx
The system shall be highly available and accessible to users most of the time.,1,Dataset6000Req.xlsx
User shall select the type of passport (Tatkaal or normal).,0,Dataset6000Req.xlsx
"System shall handle different negative responses from the bank, such as incorrect password, unsupported bank code, or account issues, and reject the card.",0,Dataset6000Req.xlsx
The system shall store all databases on redundant computers with automatic switchover.,1,Dataset6000Req.xlsx
User shall benefit from MySQL's support for replication to ensure data redundancy and fault tolerance.,1,Dataset6000Req.xlsx
System shall provide a replacement page in case of hardware failure or database corruption.,1,Dataset6000Req.xlsx
An API User shall be able to use metadata to retrieve data from multiple datasets.,0,Dataset6000Req.xlsx
A MySQL database will be used to store all information required to answer questions.,0,Dataset6000Req.xlsx
A user researcher shall recruit for the last round of user research.,0,Dataset6000Req.xlsx
The TCS shall provide the capability to pass control of an AV to another TCS,0,Dataset6000Req.xlsx
The system shall be easy to learn.,1,Dataset6000Req.xlsx
The system shall allow browsing video thumbnails and segments.,0,Dataset6000Req.xlsx
"The TCS shall receive, process, and present payload data to the operator so that the status of the payload can be determined.",1,Dataset6000Req.xlsx
System shall require approval for scheduled data disposal to prevent accidental loss of required data.,1,Dataset6000Req.xlsx
The interface shall be appealing to callers and supervisors. In the interface and usability survey 80% of beta testers must report that the interface is appealing.',1,dataset_raw.csv
System shall support wholesale import of Bath data from external data centers to prevent data loss.,1,Dataset6000Req.xlsx
"User shall be able to transfer assets between departments with approval from a DA group member and a faculty group member, unless initiated by a higher-level group.",0,Dataset6000Req.xlsx
"Bidders shall score points based on their predictions, with point values varying depending on the point difference between the two teams playing.",0,Dataset6000Req.xlsx
The system shall provide preservation managers with information for monitoring file integrity.,0,Dataset6000Req.xlsx
System may send alerts for tardiness or absences.,0,Dataset6000Req.xlsx
"User shall be able to delete a connection by selecting it and clicking the ""Delete"" button.",0,Dataset6000Req.xlsx
A tablet shall be capable of interfacing with a register to facilitate the accurate processing of a payment.,0,Dataset6000Req.xlsx
User shall be able to add the location of the property by clicking on the map to add a marker.,0,Dataset6000Req.xlsx
Multiple registration accounts for colleagues shall be set up.,0,Dataset6000Req.xlsx
"If the validation succeeds, user shall be redirected to the ""Password reset"" page.",0,Dataset6000Req.xlsx
Paid features such as making offers bold or highlighting shall be available.,0,Dataset6000Req.xlsx
"System shall design components with simplicity to avoid complexity, thereby enhancing overall performance.",1,Dataset6000Req.xlsx
The system shall be able to acquire shipping charges in less than 2 seconds.,1,Dataset6000Req.xlsx
Curators shall require authentication for object access.,0,Dataset6000Req.xlsx
System shall be able to display a set of buildings that match the search input for queries described in requirements UCR201 and UCA202.,0,Dataset6000Req.xlsx
System shall generate a unique Student ID for each student.,0,Dataset6000Req.xlsx
Content ratings and reviews shall be visible to other users.,0,Dataset6000Req.xlsx
The system shall allow qualified programmers to extend functionality through adding sub-apps and launchers.,1,Dataset6000Req.xlsx
User shall modify or branch experimental protocols while retaining the original.,0,Dataset6000Req.xlsx
System shall be able to create the user within the system if the user grants location services permission.,0,Dataset6000Req.xlsx
Each user shall select different modes and maps.,0,Dataset6000Req.xlsx
System shall display forum threads and replies for user engagement.,1,Dataset6000Req.xlsx
System shall generate alarm data for invalid temperature values or temperature limit exceedance.,0,Dataset6000Req.xlsx
The user shall be able to learn and master the system within 2 to 4 hours.,1,Dataset6000Req.xlsx
Crafty kids corner shall have a responsive design that adapts to different screen sizes and devices.,1,Dataset6000Req.xlsx
The system shall have a minimum of 1 GB of RAM available.,1,Dataset6000Req.xlsx
The user shall be able to play or learn about Mahjong.,1,Dataset6000Req.xlsx
A customer shall be able to drag a meal into a bankcard payment or a cash payment.,0,Dataset6000Req.xlsx
System shall be able to verify the password with the central system and accept or reject authorization.,0,Dataset6000Req.xlsx
System shall encrypt collection data and maintain checksums.,0,Dataset6000Req.xlsx
A server shall host the Swiggy App and provide system data processing and storage capability.,0,Dataset6000Req.xlsx
Administrator shall have exclusive editing access to databases.,1,Dataset6000Req.xlsx
System shall customize search results by criminal/accused or by cases.,0,Dataset6000Req.xlsx
The system shall be designed and implemented to meet relevant regulations and document how it complies.,0,Dataset6000Req.xlsx
The system shall be able to scale to accommodate an increasing number of users and forms.,1,Dataset6000Req.xlsx
User shall/will be able to access the system using specified pincodes (zones).,1,Dataset6000Req.xlsx
The system shall allow consumers to browse and find publishers.,0,Dataset6000Req.xlsx
The website shall provide information about marks scored by candidates in exams.,0,Dataset6000Req.xlsx
Modular design principles shall be employed to the maximum extent possible,1,Dataset6000Req.xlsx
System shall allow purchase managers to manage product stocks.,0,Dataset6000Req.xlsx
"User shall access different modes for adding filters and effects to scenes and images, enhancing versatility and customization options.",1,Dataset6000Req.xlsx
The BE system shall be able to receive data packets from the Correlator on the Backend network interface.,0,Dataset6000Req.xlsx
"The system shall offer a menu with in-game help, a link to play the game, and a link to the Denominators' web page.",0,Dataset6000Req.xlsx
Users shall remain authenticated until they choose to log out.,0,Dataset6000Req.xlsx
'Fit Criterion: Dr Susan Poslusny and Karen Sysol are the only people who shall have access to the final class section scheduling for the system that interfaces with CampusConnect.',1,dataset_raw.csv
The system shall allow staff members to manage bonds throughout their lifecycle.,0,Dataset6000Req.xlsx
'The product shall be platform independent.The product shall enable access to any type of development environment and platform.',1,dataset_raw.csv
A player will be able to quit the game at any time.,0,Dataset6000Req.xlsx
The system shall allow staff members to track draft proffers submitted by applicants.,0,Dataset6000Req.xlsx
"Upon selecting a category, the system shall show the corresponding content.",0,Dataset6000Req.xlsx
Products will be organized into multi-tiered categories in inventory management.,0,Dataset6000Req.xlsx
"Authorized personnel only, such as admins, shall access private data, and users shall only view their user page with valid credentials.",1,Dataset6000Req.xlsx
"The system shall allow users to compare two versions of a score side-by-side, differentiated by measure.",0,Dataset6000Req.xlsx
The product shall comply with insurance regulations regarding claims processing.,1,Dataset6000Req.xlsx
The user shall be able to submit their school start date.,0,Dataset6000Req.xlsx
System shall support sponsorship opportunities matching sponsor brands.,1,Dataset6000Req.xlsx
"User shall be able to withdraw cash by entering the desired amount, and the ATM shall check if the amount is within predefined limits.",0,Dataset6000Req.xlsx
The audit report shall include the total score of the audit which sums the individual line items.,0,Dataset6000Req.xlsx
'The system shall filter data by: Venues and Key Events.',0,dataset_raw.csv
The system shall be able to display a printable summary for individual clinical sites which will include information on labs being held at that site for the given quarter.,0,Dataset6000Req.xlsx
'Program Administrators/Nursing Staff Members shall be able to create a new Program of Study.',0,dataset_raw.csv
"System conducts health surveys to identify disease outbreaks, storing data offline if connectivity fails.",0,Dataset6000Req.xlsx
'The product shall be intuitive and self-explanatory. Nine out ten users shall be able to successfully complete a game with no training.',1,dataset_raw.csv
User shall upload images of prescriptions for illness records.,0,Dataset6000Req.xlsx
System shall display a login window on the theaa.com website for each user.,0,Dataset6000Req.xlsx
"The system shall return a user-friendly message like Sorry, I didn't understand that when it encounters an error parsing the input.",0,Dataset6000Req.xlsx
'The leads washing functionality will verify the users authentication and rights to make parameter updates.',0,dataset_raw.csv
User shall have the option to select flexible pick-up times for recycling services.,0,Dataset6000Req.xlsx
User shall be able to book LPG cylinder online by registering on the website and selecting the company to be redirected to their portal for booking.,0,Dataset6000Req.xlsx
System shall avoid or manage potential disasters and errors autonomously.,1,Dataset6000Req.xlsx
User shall be able to upload videos to their channel.,0,Dataset6000Req.xlsx
The search for recycled parts must be completed within 15 seconds.,1,Dataset6000Req.xlsx
"User interface is in English only, and the system requires admin approval for sellers to access the system; a client machine needs at least 256 MB RAM for operation.",1,Dataset6000Req.xlsx
Users from every age group shall find the music streaming and downloading web application easy to navigate and use.,1,Dataset6000Req.xlsx
User shall be able to view order reports displaying product details and customer information.,0,Dataset6000Req.xlsx
The system shall allow inspection supervisor to assign inspections to ensure appropriate inspectors receive the work.,0,Dataset6000Req.xlsx
The user shall be able to set the Duration of the exam.,0,Dataset6000Req.xlsx
The system shall have a simple yet high-quality user interface.,1,Dataset6000Req.xlsx
The user shall be able to select a subject from a drop-down menu or add a new subject.,0,Dataset6000Req.xlsx
Passwords shall be 6-14 characters long and not contain the user's name.,1,Dataset6000Req.xlsx
'The table side of the display shall be split into 2 regions: sequential and temporal.',1,dataset_raw.csv
Developer shall quickly access Broker application data for investigation.,0,Dataset6000Req.xlsx
The system shall locate the preferred repair facility with the highest ratings for the input criteria.,0,Dataset6000Req.xlsx
"User shall be able to accumulate a Snapchat score based on usage, displayed below the user's selfie.",0,Dataset6000Req.xlsx
'System shall let existing customers log into the website with their email address and password in under 5 seconds.',1,dataset_raw.csv
User shall receive alerts from ALFRED about low battery levels when leaving the house.,0,Dataset6000Req.xlsx
The system shall allow users to change their information at any time.,0,Dataset6000Req.xlsx
"The system shall allow trainers to mark courses/events as ""Other"" and charge a listing fee.",0,Dataset6000Req.xlsx
System shall manage and adjust operations based on given parameters.,0,Dataset6000Req.xlsx
System shall verify the details and navigate to the home page upon correct input.,0,Dataset6000Req.xlsx
The system shall respond to user input from drawing tools with high speed and responsiveness.,0,Dataset6000Req.xlsx
"Alternatively, the user can push the delete key of the keyboard to delete the activity.",0,Dataset6000Req.xlsx
System shall provide functionality to display finding aids for collections/Resources.,0,Dataset6000Req.xlsx
'Program Administrators/Nursing Staff Members shall have the ability to modify information relating to a Clinical Lab Section including the clinical site name the department/section for the lab the class instructor day and time of lab and contact information.',0,dataset_raw.csv
User shall be able to log in with valid credentials.,0,Dataset6000Req.xlsx
"Stockify shall seamlessly integrate with various external news sources, stock exchanges, and other financial APIs.",1,Dataset6000Req.xlsx
The system shall encrypt all sensitive information via https.,1,Dataset6000Req.xlsx
"Alternatively, the user can push the ""Ctrl+X"" key combination or right-click the mouse and select the ""Cut Item"" button from the context menu.",0,Dataset6000Req.xlsx
"System shall be able to send a message ""invalid password"" to the central system for an invalid password and update the count for invalid password attempts.",0,Dataset6000Req.xlsx
The system shall allow users to search for suggested doctors for consultation based on their symptoms or predicted diseases.,0,Dataset6000Req.xlsx
Deposit transaction time after envelope insertion must not exceed 5 seconds under normal workload and 6 seconds under peak workload.,1,Dataset6000Req.xlsx
'Total lead cycle time must be completed in 5 minutes for 90% of lead volume between the business hours of 8AM CST to 8PM CST; then 3 minutes for 99% of lead volume during off business hours.',1,dataset_raw.csv
'The product shall comply with the estimatics laws relating to recycled parts usage.',1,dataset_raw.csv
System shall be able to allow users to zoom in and out of the map view.,0,Dataset6000Req.xlsx
'The product shall be available during normal business hours. As long as the user has access to the client PC the system will be available 99% of the time during the first six months of operation.',1,dataset_raw.csv
The system shall maintain a history of executed commands for users to reference and repeat or modify as needed.,0,Dataset6000Req.xlsx
The system shall allow trainers to update or delete their courses/events.,0,Dataset6000Req.xlsx
System shall scale to accommodate growth.,1,Dataset6000Req.xlsx
"The TCS shall display the AV status, to include but not be limited to the AV location and flight and avionics system status.",0,Dataset6000Req.xlsx
The system shall receive products' IDs from the bar code reader and weight readings from the automatic weighing scale.,0,Dataset6000Req.xlsx
User shall download attached files from experiments using a web browser or a network drive.,0,Dataset6000Req.xlsx
The TCS shall be capable of automatically selecting the proper mode of operation for the selected data terminal.,0,Dataset6000Req.xlsx
System shall complete data processing tasks within 5 seconds under peak workload conditions.,1,Dataset6000Req.xlsx
"System shall ensure availability by implementing precautions against server failures, such as checkpoints and regular backups, to maintain a stable state for users.",1,Dataset6000Req.xlsx
"The user shall be able to save all the data by tapping on ""Save"".",0,Dataset6000Req.xlsx
Customers shall be able to rate restaurants and delivery boys.,0,Dataset6000Req.xlsx
System shall display a prediction graph based on the user-selected timeframe.,0,Dataset6000Req.xlsx
Admin shall be able to manage delivery boy details.,0,Dataset6000Req.xlsx
User shall be able to see the most searched items on the title screen when starting the student handbook app.,0,Dataset6000Req.xlsx
User shall receive a notification if login credentials are invalid.,0,Dataset6000Req.xlsx
System shall ensure secure and efficient refund processing via Stripe.,1,Dataset6000Req.xlsx
The system shall allow agents to send medical reports of customers to the verification department.,0,Dataset6000Req.xlsx
User shall expect continuous system availability.,1,Dataset6000Req.xlsx
An API User shall be able to calculate relative percentages within datasets.,0,Dataset6000Req.xlsx
"System shall suggest videos, diets, and schedule them on the calendar for the user.",0,Dataset6000Req.xlsx
The web-based displays defined by the ASPERA-3 team to be used for science analysis shall be password protected until the ASPERA-3 data is made public.,0,Dataset6000Req.xlsx
User shall/will be able to interact with the system with responses within two seconds under normal operating conditions.,1,Dataset6000Req.xlsx
The system shall prefilter nudity content.,0,Dataset6000Req.xlsx
The system shall be restarted by the administrator in the event of a failure.,1,Dataset6000Req.xlsx
'The system will display a blank set of ratings if there are not ratings yet defined.',0,dataset_raw.csv
"Users shall be able to search for items by filtering by price, location, and category.",0,Dataset6000Req.xlsx
User shall/will be able to register and create accounts in the BMS.,0,Dataset6000Req.xlsx
System shall implement advanced secure login algorithms to provide secure login to users.,1,Dataset6000Req.xlsx
"All layout shall be according to the TU/e corporate identity, unless in conflict with the guidelines of requirements UCOR003-UCOR006.",1,Dataset6000Req.xlsx
"System shall set the book status to Available if the book is not currently borrowed, allowing members to reserve it.",0,Dataset6000Req.xlsx
System shall ensure high availability and reliability of remote access to ALFRED.,1,Dataset6000Req.xlsx
"System shall perform checks on deposited datasets for quality, compliance, and licensing before public release.",1,Dataset6000Req.xlsx
Delivery boys shall receive cash payments upon order completion.,0,Dataset6000Req.xlsx
"When creating a new session, the session creator shall assign one or more moderators.",0,Dataset6000Req.xlsx
'The product shall allow a player to initiate a game by selecting another available player from the list of players.',0,dataset_raw.csv
"Users shall be able to view the profiles of doctors within the PRACTO network and fetch their complete profiles in a single request, returning multiple results for convenient search.",0,Dataset6000Req.xlsx
The system shall display the searched information to the user.,0,Dataset6000Req.xlsx
System shall be able to manage and track data storage locations throughout its lifecycle.,0,Dataset6000Req.xlsx
The TCS shall notify the operator of all discrepancies found during the mission plan check as well as indicate successful completion of the mission plan check.,0,Dataset6000Req.xlsx
System shall support privileged access management to enable efficient collaboration among depositors and collaborators.,0,Dataset6000Req.xlsx
User shall display only 10 matching results on the current screen.,0,Dataset6000Req.xlsx
Delivery boy shall be able to receive incoming request from restaurant.,0,Dataset6000Req.xlsx
The system shall be able to email customer and vendor in less than 1 second.,1,Dataset6000Req.xlsx
The system shall guide users through the process of creating and publishing a form.,0,Dataset6000Req.xlsx
The system shall allow admins to view key usage metrics.,0,Dataset6000Req.xlsx
"System shall support multiple command-line interface modes such as Fastkramch, Bcturch, Muhturch, and ]madbtanam, offering different functionalities based on user requirements.",0,Dataset6000Req.xlsx
The system shall provide curators with a dashboard widget for recent submissions.,0,Dataset6000Req.xlsx
The user shall be able to view their list of assignments grouped by class.,0,Dataset6000Req.xlsx
'100% of cardmember services representatives shall be able to successfully create a dispute case on the first encounter after completing the training course.',1,dataset_raw.csv
The system shall display a launcher to the Agenda-app version 3.1.5 on the main menu.,0,Dataset6000Req.xlsx
The TCS shall support a LOS data link and SATCOM data link capability,0,Dataset6000Req.xlsx
'The Disputes application shall manipulate and view business data. Users will not have direct access to data files or databases.',1,dataset_raw.csv
"The user shall be able to select Scheduling options: Classes occur on the same day every week, Weekly rotations, Daily rotations.",0,Dataset6000Req.xlsx
The system shall be easy to migrate or backed up via another usb drive.,1,Dataset6000Req.xlsx
System shall be easy to port to other environments (developed with Apache).,1,Dataset6000Req.xlsx
Restaurant shall be able to CRUD items from its menu.,0,Dataset6000Req.xlsx
User shall choose to download the article.,0,Dataset6000Req.xlsx
User shall be able to receive predictions as top 5 recommendations relevant to their data.,0,Dataset6000Req.xlsx
User shall calculate transaction amount by multiplying shares by current stock rate.,0,Dataset6000Req.xlsx
User shall be able to log in.,0,Dataset6000Req.xlsx
The application server shall be responsible for maintaining the website.,1,Dataset6000Req.xlsx
The system shall allow users to convert a score to a playable format.,0,Dataset6000Req.xlsx
The website shall offer forms and downloads so users can request certificates online.,0,Dataset6000Req.xlsx
User shall/will be able to operate the system with a Dual Core or above processor.,1,Dataset6000Req.xlsx
"The Disputes System shall allow users to create chargeback requests, prompting for required information and resulting in printed notifications sent to merchants if proof of disputed transactions is not provided.",0,Dataset6000Req.xlsx
The system shall allow customer login using a valid user ID and password.,0,Dataset6000Req.xlsx
Customers shall cancel orders.,0,Dataset6000Req.xlsx
"The system shall support the following operating systems - Windows 10/11 (32-bit or 64-bit) and Windows Server 2022, Windows Server 2019, Windows Server 2016, or Windows Server 2012 (including R2)",0,Dataset6000Req.xlsx
"The system shall implement stringent access controls, possibly using biometric authentication or secure access codes.",1,Dataset6000Req.xlsx
System shall display the problem statement and coding environment based on the user's selection of problem category and difficulty level.,1,Dataset6000Req.xlsx
"The system shall create logs of all changes, updates, or fixes that are done to the site.",1,Dataset6000Req.xlsx
User shall have access to new apps in the ALFREDO platform to meet changing demands.,0,Dataset6000Req.xlsx
"The automated diagnostic tool shall input sensed data in real time from data acquisition devices and the HVAC unit under diagnosis as well as from data files containing previously acquired data, though not simultaneously.",0,Dataset6000Req.xlsx
The calendar shall allow jumping to the current date by tapping the calendar icon in the top right corner of the screen.,0,Dataset6000Req.xlsx
"During installation, the system shall have additional free space available beyond the minimum requirement.",1,Dataset6000Req.xlsx
System shall provide notification and reminders for DMP updates and reviews.,1,Dataset6000Req.xlsx
System shall monitor user attendance data and send notifications for tardiness or absences.,0,Dataset6000Req.xlsx
Performance requirements The capability of the computer depends on the performance of the software. The software can take any number of inputs provided the database size is larger enough. This would depend on the available memory space.,1,Dataset6000Req.xlsx
System shall load maximum number of concurrently running heating or cooling units from initialization data.,0,Dataset6000Req.xlsx
'Program Administrators/Nursing Staff Members shall have the ability to modify information relating to a Clinical Site including the clinical site name site contact person contact information and address.',0,dataset_raw.csv
The system shall allow camp administrators to view camp group schedules and notify counselors.,0,Dataset6000Req.xlsx
The system shall securely store campers' emergency information for easy access.,0,Dataset6000Req.xlsx
User shall be able to authenticate using LDAP.,0,Dataset6000Req.xlsx
The system shall be easy to use by callers and supervisors. Callers and supervisors must be able to accomplish any system task within 2 minutes.',1,dataset_raw.csv
"Customers shall view menus, categories, and subcategories.",0,Dataset6000Req.xlsx
'The PHP code will comply with PEAR standards.',1,dataset_raw.csv
Radford University students shall use their RU credentials to access automatic class schedule and assignment sharing.,1,Dataset6000Req.xlsx
Users shall be able to send messages to each other.,0,Dataset6000Req.xlsx
"System shall provide robust search functionality for locating resource, accession, and digital object records within repositories.",1,Dataset6000Req.xlsx
User shall have metadata automatically filled from University systems and remembered from previous deposits.,0,Dataset6000Req.xlsx
90% of untrained realtors shall be able to install the product on their device without printed instructions.,1,Dataset6000Req.xlsx
Administrator shall be able to send newsletters to clients.,0,Dataset6000Req.xlsx
IDFS data access software developed by SwRI shall be made available to the ASPERA-3 Co-Is.,0,Dataset6000Req.xlsx
User shall be able to submit their solutions to coding problems.,0,Dataset6000Req.xlsx
"User shall have an admin view to track registration status for each attendee, so that attendance status can be monitored.",0,Dataset6000Req.xlsx
'The product shall use a standard navigation menu familiar to most web users.',1,dataset_raw.csv
User shall be able to register on STM by providing valid information.,0,Dataset6000Req.xlsx
The system shall be able to display the web-portal in Swedish upon administrator selection.,0,Dataset6000Req.xlsx
The MultiMahjongServer will be able to save preferences to a file and read from that file at start-up.,0,Dataset6000Req.xlsx
The system shall maintain a record of prescribed medications and dosages for each patient.,0,Dataset6000Req.xlsx
System shall be able to check if the transaction amount adheres to predefined limits and fail the transaction if the amount exceeds the limit.,0,Dataset6000Req.xlsx
The app shall maintain a list of assignments associated with each class in the list of classes.,0,Dataset6000Req.xlsx
The application requires a GPS connection for functionality.,1,Dataset6000Req.xlsx
The system shall allow consumers to search for data packages.,0,Dataset6000Req.xlsx
User shall theme the Web interface graphics/colours as a lab administrator.,0,Dataset6000Req.xlsx
The system shall authenticate users at the beginning each session.,0,Dataset6000Req.xlsx
"The user shall be able to choose the type of task (Assignment, Reminder, Revision) from a drop-down menu.",0,Dataset6000Req.xlsx
System shall provide documentation and support resources for users to effectively utilize DMP functionalities.,1,Dataset6000Req.xlsx
Restaurants shall be able to CRUD items from the menu.,0,Dataset6000Req.xlsx
'The system shall offer a display of all the Events in the exercise.',0,dataset_raw.csv
The system shall support real-time messaging and notifications for instant communication.,0,Dataset6000Req.xlsx
System shall be easily updatable for fixes and patches.,1,Dataset6000Req.xlsx
"The user shall be able to create a new task by tapping the ""+"" icon in the bottom right corner of the screen.",0,Dataset6000Req.xlsx
"User shall be able to select a restaurant from the map or list and navigate there using the phone's GPS, then return to the search page upon arrival.",0,Dataset6000Req.xlsx
"Upon starting up the application, the first viewable screen shall contain buttons for play game options.",0,Dataset6000Req.xlsx
The system shall display car information in a user-friendly format.,0,Dataset6000Req.xlsx
'The product is expected to run on Windows CE and Palm operating systems.',1,dataset_raw.csv
The Employee menu allows the user to access staff entry and attendance details.,0,Dataset6000Req.xlsx
User shall be asked for re-submission of documents if necessary.,0,Dataset6000Req.xlsx
The user shall be able to select a button to proceed either to the game sequence component or the Denominators' web page.,0,Dataset6000Req.xlsx
System shall ensure data integrity and reliability during the import and export of archival data.,1,Dataset6000Req.xlsx
"User shall ensure that when deploying a new version of an app including a different version of a dataset type deployed by another app, and if this app shares a dataset instance with the other app, the deployment fails with a version conflict error.",0,Dataset6000Req.xlsx
The system shall allow IT group members to create new spaces and modify the floor structure upon receiving an exception request from any administrative level.,0,Dataset6000Req.xlsx
The system shall generate reports on car information upon request.,1,Dataset6000Req.xlsx
The system shall allow curators to perform author and item authority control.,0,Dataset6000Req.xlsx
The system shall allow users to grant other users permission to modify scores they own.,0,Dataset6000Req.xlsx
The system shall have a professional appearance.,1,Dataset6000Req.xlsx
"In the event of hardware failure or database corruption, a replacement page shall be displayed.",1,Dataset6000Req.xlsx
System shall be able to display the user's profile with options to edit information.,0,Dataset6000Req.xlsx
System shall display available payment methods for the user to choose from during checkout.,0,Dataset6000Req.xlsx
System shall allow deposit of data in documented folder structures.,0,Dataset6000Req.xlsx
The system shall be scalable to accommodate numerous concurrent users.,1,Dataset6000Req.xlsx
User passwords shall include at least 1 numerical digit.,1,Dataset6000Req.xlsx
The system shall search for train schedules based on the provided origin and destination.,0,Dataset6000Req.xlsx
System shall provide functionality to link datasets with associated publications in Opus.,0,Dataset6000Req.xlsx
System shall facilitate linking datasets with associated project DMPs to demonstrate compliance with data management requirements.,0,Dataset6000Req.xlsx
The user shall be able to browse the catalogue or use the search function upon successful login.,0,Dataset6000Req.xlsx
User shall be able to comment on videos.,0,Dataset6000Req.xlsx
"System shall be able to efficiently write client-side data to the disk and retrieve database data on the server side, with a target time of approximately 0.5 seconds for each operation.",1,Dataset6000Req.xlsx
"User shall easily navigate the system with a simple web page design, ensuring accessibility for all users.",1,Dataset6000Req.xlsx
"User shall be able to view trailers of upcoming shows and movies by clicking ""Upcoming.""",0,Dataset6000Req.xlsx
"The system shall support language agnostic operation for portability, including English, Turkish, Finnish, and Italian for the identified replication partners.",1,Dataset6000Req.xlsx
The system shall be able to populate the database with extracted information prior to full system initialization.,0,Dataset6000Req.xlsx
System shall operate on any Windows-based operating system.,1,Dataset6000Req.xlsx
Touch screen and button response time must not exceed 5000 milliseconds.,1,Dataset6000Req.xlsx
User shall view examination schedules and details.,0,Dataset6000Req.xlsx
The system must comply with specifications and maintain an acceptable level of performance.,1,Dataset6000Req.xlsx
The ratings shall be from a scale of 1-10.,0,Dataset6000Req.xlsx
The system shall enable users to save scanned documents in a designated location.,0,Dataset6000Req.xlsx
The CO must play moves according to the Chinese rules of Mahjong.,0,Dataset6000Req.xlsx
"User shall find the user interface of the software simple yet efficient, suitable for users with varying levels of technical expertise.",1,Dataset6000Req.xlsx
"The system shall qualify the certainty of each sensed data item during acquisition, flagging doubtful data due to errors or unexpected values.",0,Dataset6000Req.xlsx
The Exams screen shall display the user's exams.,0,Dataset6000Req.xlsx
System shall display a replacement page in case of hardware failure or database corruption.,1,Dataset6000Req.xlsx
'Daily usage statistics should be logged and accessible by the administrator.',1,dataset_raw.csv
User shall be given the choice of playing single or multiplayer.,0,Dataset6000Req.xlsx
System shall provide different levels of access for dispute case initiation and follow-up actions.,0,Dataset6000Req.xlsx
"Once a company selects a candidate, they shall not be allowed to reject them; otherwise, the company will be blacklisted.",1,Dataset6000Req.xlsx
The search radius shall be between 1 and 30 miles.,0,Dataset6000Req.xlsx
The system shall provide basic usage metrics for administrators,1,Dataset6000Req.xlsx
System shall display an error message and return the cash card if the account has insufficient funds.,0,Dataset6000Req.xlsx
"The system shall recognize user selection (by mouse) across the entire width of an item, including its diagnostic indicators, in main, systems, and condition windows.",0,Dataset6000Req.xlsx
A surface computer shall not require a user to log in.,1,Dataset6000Req.xlsx
The system shall allow the initiator to send and receive messages from users.,0,Dataset6000Req.xlsx
The tool shall be designed to permit the addition of diagnostic algorithms for other subsystems of HVAC units.,1,Dataset6000Req.xlsx
System shall use secure sockets for all transactions involving confidential customer information.,1,Dataset6000Req.xlsx
The MCCC shall have all required disk and file system facilities installed locally such that the system can boot and run in a stand-alone configuration.,1,Dataset6000Req.xlsx
"The system shall respond to user actions within an acceptable time frame (e.g., 2 seconds).",1,Dataset6000Req.xlsx
User shall be able to search for videos or channels by typing their names.,0,Dataset6000Req.xlsx
"The system performance shall be responsive for uploading, searching, and downloading files.",1,Dataset6000Req.xlsx
"The system shall allow users to search for Snapchatters, location-based stories, and events in their vicinity, along with other functionalities.",0,Dataset6000Req.xlsx
"The LMS shall enable librarians to add, delete, and modify items in the database and check their availability.",0,Dataset6000Req.xlsx
The user shall be able to enter the Module for the exam.,0,Dataset6000Req.xlsx
System shall enable customers to compare and choose products from the available options.,0,Dataset6000Req.xlsx
'The product shall provide Portals.The product shall help System Administrators to analyze the transactions with ad-hoc reporting and KPIs (Key Performance Indicators)',1,dataset_raw.csv
'The system shall color code events according to their variance from current time.',1,dataset_raw.csv
Admin will set criteria for users and manage static content updates.,0,Dataset6000Req.xlsx
'The System shall meet all applicable accounting standards. The final version of the System must successfully pass independent audit performed by a certified auditor.',1,dataset_raw.csv
While streaming a movie buffering should only occur if there is latency in the user's connection.',1,dataset_raw.csv
System shall notify the seller about the delivery of the product to the consumer.,0,Dataset6000Req.xlsx
"The system shall offer various order fulfillment options (in-store pickup, delivery).",0,Dataset6000Req.xlsx
User shall have the option to enable two-factor authentication for added security.,0,Dataset6000Req.xlsx
A display shall provide a Delivery Boy with all Delivery boy system functionality.,0,Dataset6000Req.xlsx
Delivery boy shall be able to receive notifications for restaurant details and customer payment details.,0,Dataset6000Req.xlsx
Employees shall be able to log into the system.,0,Dataset6000Req.xlsx
'The system shall be intuitive and self explanatory.',1,dataset_raw.csv
"User shall be able to view a very clear map showing the buildings and rooms, so that they can make it to class on time.",0,Dataset6000Req.xlsx
"The system shall render its layout adaptively to different screen sizes, including automatic font size and image adjustments.",1,Dataset6000Req.xlsx
System shall load thermostat definitions from initialization data.,0,Dataset6000Req.xlsx
System shall notify the seller about the customer's reasons and feedback regarding the product.,0,Dataset6000Req.xlsx
The system shall allow parents to share camp photos of their children (with proper permissions).,0,Dataset6000Req.xlsx
The information extraction unit shall populate the database before system startup to ensure immediate data accessibility.,0,Dataset6000Req.xlsx
"User shall have the ability to search resumes by keywords, job category, and days since posted.",0,Dataset6000Req.xlsx
Crafty kids corner shall regularly update security measures and patches to protect against vulnerabilities.,1,Dataset6000Req.xlsx
Bidders shall be able to view the team leaderboard in ascending order of points and use the information for bidding decisions.,0,Dataset6000Req.xlsx
'The ratings shall be from a scale of 1-10',0,dataset_raw.csv
User shall receive a message for any successful or unsuccessful action performed.,1,Dataset6000Req.xlsx
"The system shall allow users to view friends' stories, browse global stories, share stories, take screenshots, and report spam content.",0,Dataset6000Req.xlsx
The system shall allow creating and managing patient profiles with medical history and allergies.,0,Dataset6000Req.xlsx
'The system shall achieve 95% up time.',1,dataset_raw.csv
User shall be able to receive information from ALFRED through speech technology.,0,Dataset6000Req.xlsx
"User shall be able to record exercises, repetitions, and the followed diet within the application.",0,Dataset6000Req.xlsx
User shall be able to play multiplayer Mahjong without requiring advanced knowledge of TCP/IP networking.,1,Dataset6000Req.xlsx
"The database must be securely accessed and its data integrity maintained, especially considering the presence of personal user information.",1,Dataset6000Req.xlsx
Admin shall be able to manage restaurant rate and reviews.,0,Dataset6000Req.xlsx
"Access to sensitive user data, such as credit card information, shall be restricted to authorized personnel only, with proper access controls in place.",1,Dataset6000Req.xlsx
The system shall allow archivists to apply licenses and rights statements to files.,0,Dataset6000Req.xlsx
System shall enable sponsors to link attendees to their sponsorship page.,1,Dataset6000Req.xlsx
The TCS shall provide the necessary system capabilities required for payload control beyond line of sight via uplink command of two air vehicles of the same type using sequential communication techniques.,1,Dataset6000Req.xlsx
The audit report shall be available to other adjusters at later points in time.,0,Dataset6000Req.xlsx
'Recreation of Inventory Quantity Adjustment for the period of previous 30 days shall take no more than 30min.',1,dataset_raw.csv
User shall be able to dispense money if the transaction is successful.,0,Dataset6000Req.xlsx
User shall input a new password.,0,Dataset6000Req.xlsx
'The interface shall be easy to use. 90% of users should be able to successfully use the system to generate a report on their first use. The interface should adhere to IBM usability standards.',1,dataset_raw.csv
Users shall be limited to three attempts to enter their password.,1,Dataset6000Req.xlsx
System shall provide an option for users to set up automatic email forwarding rules.,0,Dataset6000Req.xlsx
System shall be easy to operate and manage.,1,Dataset6000Req.xlsx
System shall generate dedicated pages for each training class.,1,Dataset6000Req.xlsx
The user shall be able to change the Academic Year/Term of their Subjects.,0,Dataset6000Req.xlsx
"The user shall be able to save the new task by tapping ""Save"" after filling in all the fields.",0,Dataset6000Req.xlsx
"The system shall allow administrators to delete restaurant types, removing them from the list.",0,Dataset6000Req.xlsx
System shall interconnect with other systems.,1,Dataset6000Req.xlsx
System shall add products to the shopping cart within 2ms.,1,Dataset6000Req.xlsx
System shall: Show the user's current location on the map view.,0,Dataset6000Req.xlsx
'The product shall be easy to use by Adjusters and Collision Estimators. 95% of Adjusters and Collision Estimators shall find the product easy to use.',1,dataset_raw.csv
"Lab in-charge shall be able to view open lab requests, update the status, and perform actual sample collection and lab tests offline, with reports submitted to patients offline.",0,Dataset6000Req.xlsx
User shall include the code of a dataset type in their app artifact and create a dataset of that type when deploying the app.,0,Dataset6000Req.xlsx
"The system shall be able to support 10,000 concurrent users.",1,Dataset6000Req.xlsx
"System shall guarantee uninterrupted service, with downtime limited to scheduled server maintenance.",1,Dataset6000Req.xlsx
The system shall allow the user to view past attended meetings.,0,Dataset6000Req.xlsx
The system shall be able to generate reports.,0,Dataset6000Req.xlsx
User shall be able to create a profile and set credentials for authentication.,0,Dataset6000Req.xlsx
System shall be accessible to users with disabilities.,1,Dataset6000Req.xlsx
Customer shall able to receive delivery boy details once order picked up,0,Dataset6000Req.xlsx
"System shall allow users to search for blogs based on a query string, displaying matching results.",0,Dataset6000Req.xlsx
System shall send a feedback form to users after the journey for them to share their feedback.,0,Dataset6000Req.xlsx
"System shall send a ""bad bank code"" message to the ATM if the bank code is invalid.",0,Dataset6000Req.xlsx
System shall notify the recipient user of a connection request and allow them to accept or decline.,0,Dataset6000Req.xlsx
Customer shall able to order item from wallet amount,0,Dataset6000Req.xlsx
The system shall allow visitors to search for articles using a full-text search.,0,Dataset6000Req.xlsx
User shall manage user portfolio.,0,Dataset6000Req.xlsx
System shall allow users to reset their passwords through a user-friendly and secure method. It should include verifying identity through security questions or sending verification codes to the registered email or phone number.,1,Dataset6000Req.xlsx
The system shall be designed to be interactive and provide fast updates.,1,Dataset6000Req.xlsx
User shall be able to perform data conversion as needed.,0,Dataset6000Req.xlsx
"The user connecting to the server shall have a supported shell (bash, dash, fish, csh, tcsh, ksh, or zsh).",0,Dataset6000Req.xlsx
System shall securely manage user login credentials and patient data confidentiality.,1,Dataset6000Req.xlsx
The system shall store estimation results anonymously for research purposes (Researcher).,1,Dataset6000Req.xlsx
The system shall allow staff members to record internal notes for collaboration on records.,0,Dataset6000Req.xlsx
"If any required field in the registration form is not properly filled, the system shall display a warning message.",0,Dataset6000Req.xlsx
The system shall allow multiple users to edit a score simultaneously and gracefully handle any conflicts.,0,Dataset6000Req.xlsx
"The system shall utilize a web browser compatible with the Flash plug-in (requirements in ""Playback"" section).",1,Dataset6000Req.xlsx
The system shall allow users to collaborate on spreadsheets with others (may require additional configurations).,0,Dataset6000Req.xlsx
"The system shall display ""video not found"" if the requested video is not available.",1,Dataset6000Req.xlsx
'The product shall provide Dynamic Change Support and Transparent resource addition.The product shall support Transparent Resource addition and Dynamic Change support to provide scalability and avoid service interruptions of more than 1 day.',1,dataset_raw.csv
The system shall provide clear instructions and error messages to guide users.,1,Dataset6000Req.xlsx
The product will require collaboration with a database management system (DBMS). The DBMS may be located on the same machine as the product or on a separate machine residing on the same computer network.,1,Dataset6000Req.xlsx
System shall utilize a secured database to ensure data security.,1,Dataset6000Req.xlsx
"Adobe Creative Cloud shall provide users with access to other Adobe creative applications (e.g., Photoshop, Premiere) to enhance their creative workflow by enabling seamless integration.",1,Dataset6000Req.xlsx
The system shall allow publishers to publish data packages using a publish command.,0,Dataset6000Req.xlsx
The system shall continuously calculate statistics and update Snapchat scores.,0,Dataset6000Req.xlsx
The TCS shall facilitate automated processing of mission plan data received via C4I interfaces in order to extract the appropriate mission planning data.,0,Dataset6000Req.xlsx
Authorized healthcare providers shall have access to view and update patient EHRs.,0,Dataset6000Req.xlsx
The system shall allow agents to broadcast messages to all other agents on the same local network.,0,Dataset6000Req.xlsx
"The system shall present information on the screen in a user-friendly way using short sentences, clear sections, and bullet points for easy reading and understanding.",1,Dataset6000Req.xlsx
System shall support interoperability with external metadata tools and systems.,1,Dataset6000Req.xlsx
System shall be able to navigate from a building to a POI on the campus.,0,Dataset6000Req.xlsx
"After submitting the complaint, the system shall display a validation form for every user.",0,Dataset6000Req.xlsx
The system shall be available 24/7.,0,Dataset6000Req.xlsx
"The system shall be able to validate and monitor time series data for correct order, valid values, and out-of-tolerance conditions.",0,Dataset6000Req.xlsx
The system shall be compatible with various operating systems and hardware configurations.,1,Dataset6000Req.xlsx
System shall respond to user interactions within 2 seconds.,1,Dataset6000Req.xlsx
The system shall operate smoothly and respond to user actions with minimal delay.,1,Dataset6000Req.xlsx
'Program Administrators and Nursing Staff Members shall be able to add a listing of students to a cohort.',0,dataset_raw.csv
System shall maintain database availability through failover mechanisms in case of server failures.,1,Dataset6000Req.xlsx
The system shall allow admin users to disable another user as needed.,0,Dataset6000Req.xlsx
Receipt printing time must not exceed 3 seconds under both normal and peak workloads.,1,Dataset6000Req.xlsx
"The user shall be able to create a menu entry by providing a dish name, description, and price.",0,Dataset6000Req.xlsx
User shall be advised to use genuine antivirus software.,1,Dataset6000Req.xlsx
"System shall update the car information, delete irreparable car data, and adjust car rent accordingly.",0,Dataset6000Req.xlsx
On a 112k connection or faster the system response time for all operations must be no more than 3 seconds 90% of the time.',1,dataset_raw.csv
'The application shall run on a web application server.',1,dataset_raw.csv
The system shall restrict the entry of dates in a specific field to only those prior to the current date.,0,Dataset6000Req.xlsx
The system shall have a user-friendly interface that is intuitive and easy to navigate for users with varying technical skills.,1,Dataset6000Req.xlsx
"The System must be able to display several entities (cases, suspects) simultaneously.",1,Dataset6000Req.xlsx
User shall manage user accounts and permissions.,0,Dataset6000Req.xlsx
"The system shall provide uninterrupted functionality both with and without an internet connection. In offline mode, users should still be able to access certain features. In online mode, the system should operate smoothly.",1,Dataset6000Req.xlsx
"Admin shall be able to declare match results, including the names of the winning and losing teams and the final score.",0,Dataset6000Req.xlsx
'The adjuster shall review the collision estimate.',0,dataset_raw.csv
User shall be able to register complaints with the police.,0,Dataset6000Req.xlsx
User will submit their issue or problem.,0,Dataset6000Req.xlsx
There shall be a network connection between SwRI and NISN.,1,Dataset6000Req.xlsx
"User shall access the system through a web browser, subject to server downtime.",1,Dataset6000Req.xlsx
User shall search and download human-readable experimental protocols.,0,Dataset6000Req.xlsx
System shall present users with a clear login interface requiring username/email and password inputs.,0,Dataset6000Req.xlsx
"In the Twitter settings menu, the user shall be able to save their username and password for Twitter.",0,Dataset6000Req.xlsx
The software shall run on Linux or Windows OS.,1,Dataset6000Req.xlsx
"When a player performs a Chow/Pung/Kong/Mahjong, the tiles involved will be animated.",0,Dataset6000Req.xlsx
'All updates to data files or database must be initiated from the Disputes System.',0,dataset_raw.csv
Customers can revise and update orders if incorrect.,0,Dataset6000Req.xlsx
"User will be prompted to grant permission to access the camera if they initially deny access, allowing the app to utilize camera functionality.",0,Dataset6000Req.xlsx
The system shall allow staff members to manage approved proffers to ensure compliance.,0,Dataset6000Req.xlsx
Tester shall access test features in environments other than Staging for comprehensive testing.,1,Dataset6000Req.xlsx
User shall be allowed up to three login attempts before the card is blocked.,1,Dataset6000Req.xlsx
The product shall allow the user to save the property search results.,0,Dataset6000Req.xlsx
"The system shall be able to condense the output sentence from the Generic Question Construction unit (R4.2.1.3) into a single, concise sentence.",0,Dataset6000Req.xlsx
"System shall provide a seamless experience for merging clips, cutting, cropping, and looping video clips on the storyboard.",1,Dataset6000Req.xlsx
System shall help police personnel in planning and executing tasks efficiently.,0,Dataset6000Req.xlsx
There will be CO's of different playing styles that the user can choose from.,0,Dataset6000Req.xlsx
"The system shall allow searching files by keyword, tag, and across collections.",0,Dataset6000Req.xlsx
"User shall have access to the system at all times, ensuring 24/7 availability.",1,Dataset6000Req.xlsx
The system shall track the usage of internal camp facilities to avoid scheduling conflicts.,0,Dataset6000Req.xlsx
The system will notify affected parties when changes occur affecting cohorts including but not limited to changes to the sequence for a cohort's program of study and changes to a given week's schedule (lab cancelled this week due to instructor illness).',0,dataset_raw.csv
The Disputes System shall generate a User Report that details any new users that have been added and any changes to an existing user's access level. The report will be reviewed for auditing purposes.',0,dataset_raw.csv
"The system shall offer built-in analytics to track marketing activities, user sessions, engagement metrics, and campaign performance.",0,Dataset6000Req.xlsx
User shall select a specific car from the list.,0,Dataset6000Req.xlsx
"The system shall be able, in accordance with the rules on delays for each transaction, to automatically transmit alert messages to senders/replier/administrator when, f.i. a onstraint on delay for reply is not fulfilled.",0,Dataset6000Req.xlsx
Users shall be able to authenticate to the application using their Radford University username and password.,0,Dataset6000Req.xlsx
"A user with administrative privileges shall be able to delegate some or all their authorized actions to another user, granting them the inventory administrator role.",0,Dataset6000Req.xlsx
The admin-side business logic shall be completely separate from the student interface to ensure optimal performance.,1,Dataset6000Req.xlsx
The system shall allow Administrators to delete requests but not enter or approve them.,0,Dataset6000Req.xlsx
The system shall allow trainers to view course survey results.,0,Dataset6000Req.xlsx
The dispute panel shall manage customer requests for order replacements or cancellations if items are not available.,0,Dataset6000Req.xlsx
The system shall encrypt messages but cannot guarantee confidentiality due to potential decryption by unauthorized parties.,1,Dataset6000Req.xlsx
"Users shall be able to browse profiles of other users, including usernames, profile photos, and their items.",0,Dataset6000Req.xlsx
"System shall allow customers to view and edit their personal details, payment information, and service details.",0,Dataset6000Req.xlsx
The system shall maintain a memory buffer to store lag frames and track the status of each record in the buffer.,0,Dataset6000Req.xlsx
System shall verify if the applicant is eligible for the job and send an email for further procedures if applicable.,0,Dataset6000Req.xlsx
The system shall allow users to analyze responses through charts and graphs.,0,Dataset6000Req.xlsx
"System shall display a registration window on the STM website for each user (pedestrians, vehicle owners, traffic police).",0,Dataset6000Req.xlsx
The system shall allow staff members to apply and remove holds on applications to manage workflow.,0,Dataset6000Req.xlsx
The product shall be able support 1000 simultaneous users.,1,Dataset6000Req.xlsx
'A user shall be able to use the system without instruction after a short amount of time. After one use a user should understand and remember 90% of the system usage and navigation.',1,dataset_raw.csv
The system shall allow archivists to distinguish between preservation and access digital objects.,0,Dataset6000Req.xlsx
'The System shall allow generation of Inventory Quantity Adjustment documents on demand.',0,dataset_raw.csv
User shall be prompted to sign in to access their account.,0,Dataset6000Req.xlsx
System shall be able to complete the authorization process and start the transaction dialog.,0,Dataset6000Req.xlsx
A class shall be either a non-clinical class or a clinical class.,0,Dataset6000Req.xlsx
System shall be able to show events for a selected day in the calendar.,0,Dataset6000Req.xlsx
The system shall prioritize continuous operation and ensure that any interruptions can be demonstrably attributed to a trusted operating system issue.,1,Dataset6000Req.xlsx
System shall adhere to usability standards outlined by the World Wide Web Consortium (W3C) for intuitive and user-friendly interface design.,1,Dataset6000Req.xlsx
"The primary attribute of this application will be usability given the large amounts of data and information that will be presented on such a small screen, as well as the user’s ability to input data into the device in a reasonable manner that should not be that much more difficult than if they were at an actual computer.",1,Dataset6000Req.xlsx
"User shall be able to tag blog posts for consumption by Drupal Planet, for increased visibility.",0,Dataset6000Req.xlsx
Regular maintenance and monitoring procedures shall be established to identify and address potential reliability issues proactively.,1,Dataset6000Req.xlsx
'The product shall produce search results in an acceptable time',1,dataset_raw.csv
Full lists of job seekers and employers along with their contact information can be printed.,0,Dataset6000Req.xlsx
"The TCS shall provide the capability to implement an emergency action plan, if supported by the AV, to control the AV during equipment failures.",0,Dataset6000Req.xlsx
'The product shall ensure that only company employees or external users with company-approved user IDs may have product access. 100% of all logons shall be by either company employees or external users with company-approved user IDs.',1,dataset_raw.csv
System shall be able to check if the withdrawal amount is within predefined policy and start or re-initiate the transaction dialog.,0,Dataset6000Req.xlsx
System downloads disease data offline to minimize typing in surveys.,0,Dataset6000Req.xlsx
System shall be able to navigate from a street on the campus to another location on the campus.,0,Dataset6000Req.xlsx
The system shall support Dutch as a user interface language.,0,Dataset6000Req.xlsx
User shall be able to customize preferences in ALFRED's functionalities.,0,Dataset6000Req.xlsx
System must maintain audit trail for at least the life of associated cases and make it accessible on request.,1,Dataset6000Req.xlsx
The system shall utilize periodic 120-second keep-alive messages between mobile and the server to monitor app operational status.,1,Dataset6000Req.xlsx
User will be able to log in to their Quora.com account.,0,Dataset6000Req.xlsx
"User shall be able to process data, with reloading if necessary, and accurately handle attributes for recommendations.",1,Dataset6000Req.xlsx
All data processing functions shall be chainable (outputs pipeable to inputs) and repeatable in the processing pipeline in cases where this makes computational sense.,1,Dataset6000Req.xlsx
'PME Subsystem shall allow for a product to exist in more than one submenu',0,dataset_raw.csv
"User shall be able to easily find a link in the menu to the registration form, for quick access.",0,Dataset6000Req.xlsx
VS Code shall require less than 500 MB of disk space after installation.,0,Dataset6000Req.xlsx
"User shall be able to modify all fields of an asset except IDs, and bulk entry files can be used for modifications.",0,Dataset6000Req.xlsx
The MultiMahjongClient will have a graphical user interface that the user will be able to interact with using a mouse and a keyboard.,1,Dataset6000Req.xlsx
System shall enable persistent web links between articles and underlying datasets for robust research referencing.,1,Dataset6000Req.xlsx
User shall be able to like or dislike videos using buttons.,0,Dataset6000Req.xlsx
The system shall provide basic data visualizations like charts and graphs for response analysis.,0,Dataset6000Req.xlsx
The system shall detect consecutive failed login attempts,1,Dataset6000Req.xlsx
"The system shall display the selected notification, showing the pins associated with it.",0,Dataset6000Req.xlsx
The system shall allow users to create new spreadsheets or open existing ones.,0,Dataset6000Req.xlsx
'All changes updates and additions to the WCS system shall be updated in the WCS Developer and WCS User Guides. Every change must be reflected in WCS system documentation',1,dataset_raw.csv
The system shall offer comprehensive online help and documentation for users of all skill levels.,1,Dataset6000Req.xlsx
"The TCS shall allow the operator to enter as well as review mission plan parameters, including AV flight parameters, payload control parameters, data link control parameters, AV VCR control parameters (if applicable to the selected AV), and AV loiter patterns. [SSS068]",0,Dataset6000Req.xlsx
ATM shall be manually restarted by maintenance personnel after an abnormal shutdown.,1,Dataset6000Req.xlsx
The product must make use of web/application server technology. Open source examples include Apache web server Tomcat and the JBoss application server.,1,Dataset6000Req.xlsx
Website must be connected to a web server to make it available worldwide.,1,Dataset6000Req.xlsx
The system shall display and allow the manager to print the profit statistics in the requested format.,0,Dataset6000Req.xlsx
System shall verify if the ride has not yet been confirmed before allowing cancellation.,0,Dataset6000Req.xlsx
'The product shall make the users want to use it. 80% of the users surveyed report they are regularly using the product after the first 2 weeks post-launch.',1,dataset_raw.csv
"If the validation succeeds, user shall be redirected to the user-home page.",0,Dataset6000Req.xlsx
"System shall use AJAX calls for deleting properties, utilizing jQuery on the client side.",0,Dataset6000Req.xlsx
The system shall be capable of responding in a loss-less manner to I/O and processing changes arising from Correlator mode changes.,1,Dataset6000Req.xlsx
The system shall allow camp administrators to quickly log daily attendance.,0,Dataset6000Req.xlsx
"The vehicle data shall include vehicle year, make, and model.",0,Dataset6000Req.xlsx
'For each turn the product shall allow the offensive player to define a shot.',0,dataset_raw.csv
The system may be adaptable to different languages and currencies.,1,Dataset6000Req.xlsx
': The product shall continue to operate during upgrade change or new resource addition.The product shall be able to continue to operate with no interruption in service due to new resource additions.',1,dataset_raw.csv
The system shall be able to delete restaurant information upon administrator confirmation.,0,Dataset6000Req.xlsx
"User shall be able to utilize the device's camera, gallery, and microphone functionalities.",1,Dataset6000Req.xlsx
User shall check data integrity for critical variables for security.,1,Dataset6000Req.xlsx
The system shall allow the user to modify the equipment requirement set of an already submitted meeting response.,0,Dataset6000Req.xlsx
The system shall be able to sit at idle and resume operations with minimal (amount TBD) delay.,1,Dataset6000Req.xlsx
'When the hit results in sinking a ship the product shall mark the ship as sunk on the offensive grid of the offensive player.',0,dataset_raw.csv
'The user shall search for the preferred repair facility using vehicle vehicle location and radius in miles',0,dataset_raw.csv
Administrative staff in the ward shall be able to update the beds-available list with recently vacated beds.,0,Dataset6000Req.xlsx
"Job Search Agents will be added, edited, activated, or deleted.",0,Dataset6000Req.xlsx
User shall be able to log in using email or mobile number.,0,Dataset6000Req.xlsx
"TCS shall provide the capability to monitor specific telemetry elements real-time, and record all telemetry elements for future review and processing.",1,Dataset6000Req.xlsx
System shall provide help material accessible in both offline and online modes.,1,Dataset6000Req.xlsx
System shall grant access and allow further actions if the ID card is valid.,0,Dataset6000Req.xlsx
User shall receive notifications about new uploads in their channel after logging in.,0,Dataset6000Req.xlsx
The system shall allow users to create embeddable data summaries for websites.,0,Dataset6000Req.xlsx
System shall automate tasks related to investigation after initial entries are made during registration.,0,Dataset6000Req.xlsx
The system shall allow Data Entry group members to create requests but restrict approval and deletion permissions.,0,Dataset6000Req.xlsx
'The Disputes System shall accurately provide a list of possible reason codes for a given transaction. The list of possible reason codes must be derived based on the type of transaction and the industry that the merchant belongs to according to the business rules defined for the Disputes System.',1,dataset_raw.csv
The system shall respond to user interactions with minimal latency.,1,Dataset6000Req.xlsx
"The system shall encrypt data items to prevent unauthorized access, tampering, and eavesdropping.",1,Dataset6000Req.xlsx
User shall be able to view cancellation charges based on cancellation time availability and receive refunds through their payment gateway.,0,Dataset6000Req.xlsx
"System shall enable users to search and book hotels by specifying place and date, providing a list of available hotels with cost information, and redirecting to the payment gateway when booking.",0,Dataset6000Req.xlsx
"Users are advised to change their password every 30 days, and maximum 3 login attempts should be allowed.",1,Dataset6000Req.xlsx
System shall minimize the response time between user requests and task completion.,1,Dataset6000Req.xlsx
System shall display an error message and terminate installation if the authorization dialog receives a negative answer from the service provider.,0,Dataset6000Req.xlsx
The product shall be installed by an untrained realtor without recourse to separately-printed instructions.,1,Dataset6000Req.xlsx
"The user shall be able to add a new task from the dashboard by tapping on ""NewTask"".",0,Dataset6000Req.xlsx
The system shall offer a customer support portal for managing customer relationships and resolving post-service issues.,0,Dataset6000Req.xlsx
"Automated backup procedures shall be implemented to create regular backups of critical data and configurations, reducing the risk of data loss in case of hardware failures or disasters.",1,Dataset6000Req.xlsx
The system shall provide a link to the Twitter settings menu.,0,Dataset6000Req.xlsx
User shall be able to watch videos by selecting them.,0,Dataset6000Req.xlsx
"User shall be able to view the list of book details, including Book Id, Book Name, Author, Status (Reserved / Borrowed / Cancelled/ Available), Due date, Reservation date, Borrowed User (if status is ""Borrowed"").",0,Dataset6000Req.xlsx
User shall be able to observe system responses to abnormal situations.,0,Dataset6000Req.xlsx
"The MultiMahjongServer shall automate game initialization functions including random tile order, seating positions, and storing game info.",0,Dataset6000Req.xlsx
System shall provide continued access in case of server failure.,1,Dataset6000Req.xlsx
User shall be able to log in to Gmail using their email id and password.,0,Dataset6000Req.xlsx
Users shall be able to search for websites using the site name or description.,0,Dataset6000Req.xlsx
The system shall offer a logout option for customers after shopping or browsing.,0,Dataset6000Req.xlsx
"User shall be able to access the application without interruption, demonstrating scalability.",1,Dataset6000Req.xlsx
"Defaults for data entry must be persistent and include user-definable, previous, and context-derived values.",1,Dataset6000Req.xlsx
"User shall be able to create user credentials by entering first name, last name, address, email, and password, and upon successful creation, be redirected to the dashboard with a confirmation message.",0,Dataset6000Req.xlsx
System shall handle abnormal situations by providing error handling and recovery.,0,Dataset6000Req.xlsx
"System shall process the request to the account and upon the other user's acceptance, establish a friendship between these two users.",0,Dataset6000Req.xlsx
"System shall be able to display a list of thumbnail images for a site, sorted from oldest to newest by year, when on the sites page.",0,Dataset6000Req.xlsx
'The system shall have a MDI form that allows for the viewing of the graph and the data table.',0,dataset_raw.csv
The product shall use a standard navigation menu familiar to most web users.,1,Dataset6000Req.xlsx
The system shall allow recruiters to extend job ad listings for another 30 days.,0,Dataset6000Req.xlsx
HTML code generates the cart display based on the current contents of the cart.,0,Dataset6000Req.xlsx
System shall provide a seamless and reliable installation process for the Neurohub node.,1,Dataset6000Req.xlsx
"Restaurant owner account creation prioritizes security by enforcing unique usernames, requiring them to choose a different option if their desired name is unavailable.",1,Dataset6000Req.xlsx
System shall support the attachment of subject-specific metadata to datasets to enhance discoverability within specific research disciplines.,0,Dataset6000Req.xlsx
The LMS shall grant access to both the previous Access-based database and online databases.,0,Dataset6000Req.xlsx
'The product shall be able to support multiple remote users',0,dataset_raw.csv
The user shall be able to select a product from the search results and proceed to the product details page.,0,Dataset6000Req.xlsx
"User shall access the application free of charge, as it is non-profit and aimed at benefiting the public without special admin roles or payment gateways.",1,Dataset6000Req.xlsx
The user shall be able to view tasks.,0,Dataset6000Req.xlsx
An antivirus has been installed on the system for safety purposes as it is connected via LAN and MAN.,1,Dataset6000Req.xlsx
The calendar shall be viewable in either week or month format by tapping on a drop-down menu.,0,Dataset6000Req.xlsx
"User shall be able to find information about the coding lounge location and opening hours, for coding sessions.",0,Dataset6000Req.xlsx
'viewing a movie details the website will display the movies description actor and director entered in by the administrator.',0,dataset_raw.csv
"In case of a Revision task, the user shall be able to select the exam the revision is for.",0,Dataset6000Req.xlsx
"The user shall be able to edit their profile information and choose the app language (Swedish, English, Spanish, French) on the profile page.",0,Dataset6000Req.xlsx
"The system shall use industry-standard, commonly available, and widely used operating system, message passing middleware, and programming languages.",1,Dataset6000Req.xlsx
System shall maintain response time under 200 milliseconds for peak workload conditions.,1,Dataset6000Req.xlsx
User shall be able to view the full text regarding a topic by clicking on it.,0,Dataset6000Req.xlsx
"Adobe Photoshop shall be designed to achieve a rapid operational restart, minimizing customer inconvenience.",1,Dataset6000Req.xlsx
The system shall be able to call the seller or buyer to schedule an appointment.,0,Dataset6000Req.xlsx
User shall receive a message to call the team if they enter a wrong serial key three times in a row.,0,Dataset6000Req.xlsx
The system display shall support a minimum resolution of 1024 x 576 pixels.,1,Dataset6000Req.xlsx
"The user shall be able to choose from different secure payment options, such as debit or credit card, check, or bank draft, provided by third-party services like Paytm.",0,Dataset6000Req.xlsx
"The system shall ensure scalability to accommodate an increasing number of users, accounts, and transactions.",1,Dataset6000Req.xlsx
"The user shall be able to discard all the changes by tapping on ""Close Exam View"".",0,Dataset6000Req.xlsx
User shall be able to return to the product category page using the back button in the top corner.,0,Dataset6000Req.xlsx
"The user can manipulate and view course details, including department-wise and description.",0,Dataset6000Req.xlsx
Interface will be compatible with major web browsers.,0,Dataset6000Req.xlsx
The system shall only allow one personal account per user.,0,Dataset6000Req.xlsx
The software shall allow users to adjust the size and angle of brushes on the touch-screen.,0,Dataset6000Req.xlsx
The system shall be responsive and perform actions promptly.,1,Dataset6000Req.xlsx
'The system shall allow modification of the display.',0,dataset_raw.csv
System shall provide limited-time cashback offers valid during specific intervals.,0,Dataset6000Req.xlsx
"The system shall generate reports summarizing group expenses, individual balances, and settlement history.",0,Dataset6000Req.xlsx
The system shall be scalable to accommodate police stations of all sizes and caseloads.,1,Dataset6000Req.xlsx
"The application shall be built for the Android operating system, limiting compatibility with other systems; it may not function on other operating systems due to system-dependent technologies.",1,Dataset6000Req.xlsx
The user shall be able to download the catalogue PDF for viewing on their mobile device.,0,Dataset6000Req.xlsx
A chef shall be able to reject a customers order item through a display.,0,Dataset6000Req.xlsx
"The system shall ensure reliability, earning users' trust with their information.",1,Dataset6000Req.xlsx
The TCS shall allow the operator to set the LOL delay timer(s) during mission planning.,0,Dataset6000Req.xlsx
'Only authorized personnel can access customer records in the database.',1,dataset_raw.csv
The system shall allow donor representatives to submit incremental accruals to collections.,0,Dataset6000Req.xlsx
"System shall search the database for individuals matching the entered qualifications and preferences, displaying their complete details.",0,Dataset6000Req.xlsx
'The RFS system should be available 24/7 especially during the budgeting period. The RFS system shall be available 90% of the time all year and 98% during the budgeting period. 2% of the time the system will become available within 1 hour of the time that the situation is reported.',1,dataset_raw.csv
The system shall allow consumers to view data packages online.,0,Dataset6000Req.xlsx
The BE System shall have sufficient (amount TBD) memory with sufficient (rate TBD) access speeds to accomplish all processing tasks while avoiding loss or delay on the input and output data streams,1,Dataset6000Req.xlsx
The System must allow only admin-users to set up user profiles and allocate users to groups.,1,Dataset6000Req.xlsx
The system shall allow users to view videos.,0,Dataset6000Req.xlsx
The application shall perform smoothly with minimal lag or crashes during regular usage.,1,Dataset6000Req.xlsx
User shall contact vendors and grant permission for selling products on the site after quality testing.,0,Dataset6000Req.xlsx
System shall ensure secure password reset functionality to protect user accounts.,1,Dataset6000Req.xlsx
System shall be able to display a confirmation message upon successful registration.,0,Dataset6000Req.xlsx
'The system shall be easy to use by the Program Administrators/Nursing Staff Members.',1,dataset_raw.csv
User shall be able to enroll a student's biometric data using fingerprint scanning.,0,Dataset6000Req.xlsx
The system shall allow users to translate EML datasets to Data Packages.,0,Dataset6000Req.xlsx
The main window shall list buildings monitored and summarizing the current diagnostic status of all contained monitored units.,0,Dataset6000Req.xlsx
The TCS shall be capable of being interoperable with Predator and Outrider UAVs across the 5 levels of UAV interaction.,0,Dataset6000Req.xlsx
"The system shall allow administrators to verify restaurant owners, granting them login access and sending confirmation emails.",0,Dataset6000Req.xlsx
System shall support basic archival description creation and updates.,0,Dataset6000Req.xlsx
Job categories management console shall be available.,0,Dataset6000Req.xlsx
"The system shall be able to condense a generic answer from the Generic Answer Construction unit into a single, concise sentence.",0,Dataset6000Req.xlsx
Software Coding Practices software system and application code shall be well documented and written in a generally familiar language or languages.,1,Dataset6000Req.xlsx
The preferred repair facility shall be returned to the user.,0,Dataset6000Req.xlsx
The system shall allow deposit of data in documented folder structures.,0,Dataset6000Req.xlsx
'A Program Administrator/Nursing Staff Member shall be able to add a new nursing student to the system.',0,dataset_raw.csv
"The Flight Route Plan, as a minimum, shall include AV flight path information, Loss of Link plan, AV VCR control tasking (if applicable to the selected AV), and data link control information.",0,Dataset6000Req.xlsx
System shall be able to search for the to-location by the address of a building.,0,Dataset6000Req.xlsx
'2 out of 3 Program Administrators/Nursing Staff Members shall successfully be able to use the system to manage the scheduling of classes and clinicals.',1,dataset_raw.csv
The system shall allow users to import/export data from MS-SQL databases using Data Packages.,0,Dataset6000Req.xlsx
The audit report shall include the number of available recycled parts from the original search results.,0,Dataset6000Req.xlsx
The system shall allow archivists to create quality scans and automatically generate access derivatives.,0,Dataset6000Req.xlsx
'The website shall protect itself from intentional abuse and notify the administrator at all occurrences.',1,dataset_raw.csv
"User shall be able to sponsor a summit matching their brand, for exposure and recognition.",0,Dataset6000Req.xlsx
User shall be able to link datasets to external repositories to avoid duplication of deposition.,0,Dataset6000Req.xlsx
"Admin accounts will be secured by a 30-minute lockout following three failed login attempts, preventing access from that IP address during the lockout period.",1,Dataset6000Req.xlsx
Employee shall receive quick notifications for prompt action.,1,Dataset6000Req.xlsx
User shall specify security measures and access controls.,1,Dataset6000Req.xlsx
The task shall be stored in database.,0,Dataset6000Req.xlsx
City endpoint client shall pull and push data between endpoints and cache.,0,Dataset6000Req.xlsx
'Data integrity scripts will be run on a weekly basis to verify the integrity of the database.',1,dataset_raw.csv
The system shall allow users to search for videos using keywords or other criteria.,0,Dataset6000Req.xlsx
Banner management application for serving and tracking banner ads shall be provided.,0,Dataset6000Req.xlsx
User shall be able to remove properties from their list of shortlisted properties.,0,Dataset6000Req.xlsx
The system shall filter data by: Venues and Key Events.,0,Dataset6000Req.xlsx
"Only eligible students shall apply for scholarships, which shall be verified by the admin.",1,Dataset6000Req.xlsx
The system shall accurately display the average rating for each content item.,0,Dataset6000Req.xlsx
System shall output invalid temperature status if temperature data is outside valid range.,0,Dataset6000Req.xlsx
System shall provide robust search functionality for retrieving experimental protocols and files.,1,Dataset6000Req.xlsx
'No lead evaluation will complete in a time period longer than 25 seconds for 97% of all leads processed.',1,dataset_raw.csv
User shall have ALFRED integrated into a wearable device like a bracelet or necklace.,0,Dataset6000Req.xlsx
System shall facilitate the addition of new blogs by validating input data and updating the database accordingly.,0,Dataset6000Req.xlsx
User shall be able to use ALFRED to communicate with friends and family.,0,Dataset6000Req.xlsx
Maintenance and updates of the site will be carried out by developers and a team of software engineers.,1,Dataset6000Req.xlsx
"The search response time for the system must consistently be within two seconds, with an ideal goal of one second, based on measurments from 1000 searches during testing.",1,Dataset6000Req.xlsx
System shall acquire shipping charges within 2 seconds.,1,Dataset6000Req.xlsx
"The system shall allow users to deliver presentations in various modes, including full-screen mode and slide sorter view.",0,Dataset6000Req.xlsx
"The application should ideally use less than 10 MB of storage space, with a hard limit of 20 MB.",1,Dataset6000Req.xlsx
Agency user shall submit data elements surrounded by quotation marks to prevent Excel from stripping leading and trailing zeroes.,0,Dataset6000Req.xlsx
User shall have a spreadsheet hosted within Neurohub for collaborative editing and cost calculation.,0,Dataset6000Req.xlsx
User shall be able to use ALFRED as much as possible with speech interaction.,0,Dataset6000Req.xlsx
"Alternatively, the user can push the ""Ctrl+C"" key combination or right-click the mouse and select the ""Copy Item"" button from the context menu.",0,Dataset6000Req.xlsx
Users shall input a unique username.,0,Dataset6000Req.xlsx
'The system shall be used by realtors with no training.',1,dataset_raw.csv
"System shall be able to display an ""About"" page when the user clicks an ""About"" link.",0,Dataset6000Req.xlsx
The system shall generate profit statistics based on the database's cost and selling price of the particular product for every transaction during the specified period.,0,Dataset6000Req.xlsx
'When a game is ended the product shall allow each player to remove himself or herself from the list of players.',0,dataset_raw.csv
User shall be able to make a booking (client function).,0,Dataset6000Req.xlsx
Data of the user should be regularly synchronized between their device and the database for auto save functionality.,1,Dataset6000Req.xlsx
The system shall allow camp administrators to delete campers from the database.,0,Dataset6000Req.xlsx
User shall have the option to add photographs of the property using either drag-and-drop functionality or by selecting images from their files.,0,Dataset6000Req.xlsx
"User shall easily maintain the system due to its modular design, especially concerning frequent changes in database contents.",1,Dataset6000Req.xlsx
The system shall show all estimates simultaneously after everyone submits.,0,Dataset6000Req.xlsx
"System shall generate reports including student lists for each year, student subject choice lists for each batch year, semester-wise mark lists, and rank-wise lists.",0,Dataset6000Req.xlsx
'System shall let the administrator add/remove categories on the website in under 5 minutes.',1,dataset_raw.csv
Developer shall provide FABS groups functioning under the FREC paradigm for consistency and efficiency.,1,Dataset6000Req.xlsx
The ASPERA-3 and MEX OA telemetry data shall be stored on a local SwRI archive.,0,Dataset6000Req.xlsx
System shall allow users to examine deposited files and metadata to assess usefulness without downloading entire datasets.,1,Dataset6000Req.xlsx
'Every user of the system shall be authenticated and authorized.',1,dataset_raw.csv
"After checkout, the system shall send the list of ordered products to the grocery store owner.",0,Dataset6000Req.xlsx
The system must be safely housed in a physically secure cabin.,1,Dataset6000Req.xlsx
Users are advised to change their passwords regularly and not share their user ID and password with anyone.,1,Dataset6000Req.xlsx
"If the user enters correct username and password, they shall be redirected to the relevant page of the system.",0,Dataset6000Req.xlsx
The system will notify affected parties when changes occur affecting classes including but not limited to class cancellations class section detail changes and changes to class offerings for a given quarter.,0,Dataset6000Req.xlsx
User shall select the desired article.,0,Dataset6000Req.xlsx
The system shall allow the restaurant owner to select French as the preferred language for the web portal interface.,0,Dataset6000Req.xlsx
"System shall let customers register on the website as a ""unlimited movie subscriber"" user in under 10 minutes.'",1,dataset_raw.csv
The subsystems window shall list subsystems monitored for a specific building and summarizing the current diagnostic status of all monitored subsystems.,0,Dataset6000Req.xlsx
System shall provide tools for database backup and restoration.,0,Dataset6000Req.xlsx
"User shall benefit from a simple UI design with easily navigable screens and features, facilitating user interaction and understanding.",1,Dataset6000Req.xlsx
The Moderator shall know who has not finished casting their votes.,0,Dataset6000Req.xlsx
System shall store and organize DMP details for ethics compliance review.,0,Dataset6000Req.xlsx
User shall/will be able to have different levels of access and privileges based on their roles.,0,Dataset6000Req.xlsx
Guest accounts shall not be allowed.,1,Dataset6000Req.xlsx
The system shall be able to present an introductory cinematic to establish the game's narrative and provide in-game tutorials to aid users in solving fraction problems.,0,Dataset6000Req.xlsx
'The same hardware supporting the current website will be used to support the new system.',1,dataset_raw.csv
System shall be able to operate without storing any personal user data.,0,Dataset6000Req.xlsx
System shall validate Client ID format as AADDMMYYYY99 before proceeding.,0,Dataset6000Req.xlsx
System shall be able to display the most recent items on the title screen when the Encyclopedia app is launched.,0,Dataset6000Req.xlsx
User shall share their progress within the app and have the ability to copy custom workout sessions.,0,Dataset6000Req.xlsx
System shall identify and generate appropriate event data for each event occurrence.,0,Dataset6000Req.xlsx
An API User shall be able to use data to retrieve data from multiple datasets.,0,Dataset6000Req.xlsx
The system shall allow camp administrators to add parents for camper enrollment.,0,Dataset6000Req.xlsx
Students shall be able to attend lectures at the scheduled time or view them later on request.,0,Dataset6000Req.xlsx
The system shall allow users to have multiple work/school accounts with OneDrive.,0,Dataset6000Req.xlsx
Users shall be able to add a class to a list of classes in which they are enrolled.,0,Dataset6000Req.xlsx
User shall experience a UI load time within 30 milliseconds for quick and responsive user interactions.,1,Dataset6000Req.xlsx
The configuration window shall have a button labeled Save that when clicked will present the user with a window by which to enter a disk file or database name in which to save the modifiable data in the window.,0,Dataset6000Req.xlsx
The system shall allow administrators to edit any member profile.,0,Dataset6000Req.xlsx
The user shall be able to do payment with secured bank payment mode which is given by user for login.,1,Dataset6000Req.xlsx
Companies shall be able to post jobs and add job details.,0,Dataset6000Req.xlsx
System shall provide role-based control for functionalities within the system.,1,Dataset6000Req.xlsx
The BE shall be able to make time stamp adjustments as required by the observational mode and correlator output parameters.,0,Dataset6000Req.xlsx
System shall ensure data integrity and accuracy throughout the DMP lifecycle.,1,Dataset6000Req.xlsx
The system shall document who can enter data by defining user roles and permissions.,0,Dataset6000Req.xlsx
Automated testing procedures shall be implemented to detect and mitigate software bugs and errors before deployment.,1,Dataset6000Req.xlsx
"Upon tapping a specific date, the calendar shall display detailed descriptions in the lower screen section.",0,Dataset6000Req.xlsx
System shall display user contact of the seller and Flipkart support desk.,0,Dataset6000Req.xlsx
"These additional non-functional requirements aim to further enhance the performance, security, user experience, reliability, and availability of the system.",1,Dataset6000Req.xlsx
'The product will notify employees of meeting invitations.',0,dataset_raw.csv
The system shall allow staff members to process appeals to track outcomes and record impacts.,0,Dataset6000Req.xlsx
"System shall offer integration with other Google services such as Google Drive, Google Calendar, and Google Contacts for enhanced productivity.",0,Dataset6000Req.xlsx
User shall be able to share videos on other social media platforms by pressing the share button.,0,Dataset6000Req.xlsx
'The leads washing functionality will validate all leads received by the web service for valid data',0,dataset_raw.csv
System shall offer a fast/slow motion editor for users to choose the best video speed.,1,Dataset6000Req.xlsx
System shall facilitate the minting of DOIs for deposited datasets to enhance discoverability and citation tracking.,0,Dataset6000Req.xlsx
The system shall allow the user to specify an ascending or descending sorting order when viewing meetings.,0,Dataset6000Req.xlsx
The system shall be available and accessible to users most of the time.,1,Dataset6000Req.xlsx
"The system shall function as a high availability computer for real-time tasks including correlation, hardware management, and remote updates.",1,Dataset6000Req.xlsx
The system shall include backup and disaster recovery mechanisms to safeguard against data loss.,1,Dataset6000Req.xlsx
The TCS shall provide the capability to control the AV flight commands as well as to release the AV to an autonomous flight control mode.,0,Dataset6000Req.xlsx
The Khan Academy platform shall be engaging for students.,1,Dataset6000Req.xlsx
"Multiple membership options with varying prices, time periods, and access levels shall be configurable.",0,Dataset6000Req.xlsx
'The IQA subsystem shall take into account current inventory status and adjust inventory of substitutionary ingredients accordingly.',0,dataset_raw.csv
"User ID and password shall not be shared with anyone, including students, faculty, or any other individuals.",1,Dataset6000Req.xlsx
The system shall be able to display content in the user's preferred language upon selection.,0,Dataset6000Req.xlsx
'The system shall provide a history report of changes made to the Activity or Event data',0,dataset_raw.csv
The system shall generate reports and visualizations to track progress towards digital wellbeing goals.,0,Dataset6000Req.xlsx
'The system must use a point and click interface. 100% of all selection and navigation functionality must be able to be activated/selected by either a mouse or a keyboard',1,dataset_raw.csv
System shall offer an intuitive admin view for tracking registration status.,1,Dataset6000Req.xlsx
The system shall provide role-based landing pages to users to assist with navigating the CCTNS application.,0,Dataset6000Req.xlsx
User shall report inappropriate content if encountered.,0,Dataset6000Req.xlsx
System shall utilize interchangeable plugins.,1,Dataset6000Req.xlsx
"User shall ensure that the learning time for the application is between 2 to 4 hours, catering to working students.",1,Dataset6000Req.xlsx
System shall check course prerequisites upon student registration. (Level 1),0,Dataset6000Req.xlsx
"System shall display cancellation charges based on cancellation time, availability, and process refunds through the user's payment gateway.",0,Dataset6000Req.xlsx
"User shall be able to browse items and see their pictures, prices, and other features.",0,Dataset6000Req.xlsx
User shall be able to verify and approve/disapprove applications in the verification department interface.,0,Dataset6000Req.xlsx
"User shall have administrator options to reboot, shut down, block, or disable services.",0,Dataset6000Req.xlsx
System shall ensure consistent security for users through the use of passwords.,0,Dataset6000Req.xlsx
System shall allow dataset developers to assign explicit versions to the code of a dataset type.,1,Dataset6000Req.xlsx
A content designer shall demonstrate the value of user-centered content design.,1,Dataset6000Req.xlsx
"The system shall implement access control measures, such as secure validation methods on the cabin door.",1,Dataset6000Req.xlsx
Temporary password shall be mailed to the user in case of forgotten password.,0,Dataset6000Req.xlsx
User access should be limited to the permissions granted to their role(s) Each level in the PCG hierarchy will be assigned a role and users will be assigned to these roles. Access to functionality within RFS system is dependent on the privileges/permission assigned to the role.',1,dataset_raw.csv
The system shall allow staff members to conduct and track plan amendments and planning studies.,0,Dataset6000Req.xlsx
The customer shall receive notifications upon both order acceptance and order delivery.,0,Dataset6000Req.xlsx
The graphics card should have at least 1 GB of VRAM and support OpenGL version 4.0 for enabling GPU Performance (optional feature for enhanced performance with graphic-intensive tasks).,1,Dataset6000Req.xlsx
"The product should enhance the productivity of Collision Estimators, with 80% agreeing their productivity has increased within one month.",1,Dataset6000Req.xlsx
"User shall be able to add videos to their list by clicking ""Add to Mylist"" and view them on the Mylist page.",0,Dataset6000Req.xlsx
The system shall have a user-friendly and intuitive interface.,1,Dataset6000Req.xlsx
System shall be able to allow customers to apply for loans and check their application status.,0,Dataset6000Req.xlsx
The estimator shall search by zipcode with a radius of 30 miles if no parts are found for the preferred parts suppliers.,0,Dataset6000Req.xlsx
'The system shall notify customers of changes to its information policy.',0,dataset_raw.csv
Program Administrators and Nursing Staff Members shall be able to add a new clinical lab section for an existing clinical class into the System.,0,Dataset6000Req.xlsx
System shall be able to run test credit card transactions.,1,Dataset6000Req.xlsx
"The system shall be maintainable through modular code structure, allowing for easy future modifications by separating functionalities into subscenes within the main Flash game.",1,Dataset6000Req.xlsx
The system shall provide temporary color-coded highlighting to show edits and changes made by other users.,0,Dataset6000Req.xlsx
System shall enable trainers to edit their training nodes independently.,1,Dataset6000Req.xlsx
The system shall display Events in a vertical table by time.,0,Dataset6000Req.xlsx
"User shall be able to request money by entering recipient's name or email ID, selecting currency and request amount, and specifying the amount to be requested.",0,Dataset6000Req.xlsx
The system shall allow users to collaborate on creating and editing Data Packages.,0,Dataset6000Req.xlsx
The admin login system must always block unauthorized access and notify admins of failed login attempts with non-existent accounts.,1,Dataset6000Req.xlsx
System shall use SSL (secured socket layer) in all transactions involving confidential customer information.,1,Dataset6000Req.xlsx
"The system shall allow users to format cells and worksheets for presentation purposes (e.g., fonts, borders, colors).",0,Dataset6000Req.xlsx
Crafty kids corner shall include interactive features where users can comment on projects and engage in discussions.,0,Dataset6000Req.xlsx
System shall record event descriptions and timestamps in a database for future reference.,0,Dataset6000Req.xlsx
The system shall utilize a memory buffer with backup disk storage to store all processed spectra.,0,Dataset6000Req.xlsx
The system shall be able to create a test environment for the web order system.,1,Dataset6000Req.xlsx
"User shall have access to LLU phone numbers, emails, local resources, personal contacts, and healthcare providers on the Contacts page.",0,Dataset6000Req.xlsx
The system shall have a user-friendly interface for various user roles.,1,Dataset6000Req.xlsx
The administrator shall have the capability to modify the expected range of sensed data against which the data will be validated.,0,Dataset6000Req.xlsx
System shall display online help and FAQs upon request.,0,Dataset6000Req.xlsx
'If the shot was marked as a miss the product shall change the status of the defensive player to offensive',0,dataset_raw.csv
User shall be able to generate mark sheets for students.,0,Dataset6000Req.xlsx
"Crafty kids corner shall include accessibility features such as easy navigation, clear labels, and high contrast for readability.",1,Dataset6000Req.xlsx
System shall send a temporary password to the user's email for password reset (client function).,0,Dataset6000Req.xlsx
Sales managers shall monitor product stocks and notify the administrator when stocks are low.,0,Dataset6000Req.xlsx
"The system shall log every state and state change of every surface computer, tablet and display to provision recovery from system failure.",1,Dataset6000Req.xlsx
The system shall support the integration of external systems for importing and exporting EHR data.,0,Dataset6000Req.xlsx
System shall provide pop-up messages prompting profile updates for children.,0,Dataset6000Req.xlsx
"System shall offer comprehensive documentation for installation, configuration, and usage, as well as troubleshooting guides and FAQs for resolving common issues.",1,Dataset6000Req.xlsx
"Users can view, update, or delete their own profile.",0,Dataset6000Req.xlsx
"Cache shall store relevant intelligence items, expiring after 12 hours or longer if liked by a traveler.",0,Dataset6000Req.xlsx
User shall be able to enter their consumer number to verify and abandon the subsidy.,0,Dataset6000Req.xlsx
The system shall determine when Zoonibot should comment or provide explanations to volunteers.,0,Dataset6000Req.xlsx
"The system shall allow authorized users to create, update, and delete sensitive user information.",0,Dataset6000Req.xlsx
"The system shall be able to delete a restaurant owner upon administrator confirmation, also removing all associated restaurant information.",0,Dataset6000Req.xlsx
Password resets shall be retrievable by automated email.,0,Dataset6000Req.xlsx
User shall be able to receive an activation email upon filling all necessary registration fields.,0,Dataset6000Req.xlsx
System shall enforce access constraints for different types of users.,1,Dataset6000Req.xlsx
The response time of general student management tasks shall take no longer than 5 seconds and the response time of schedule generation shall take no longer than 30 seconds.,1,Dataset6000Req.xlsx
The system shall automatically detect egg-laying time in Worm Watch Lab videos.,0,Dataset6000Req.xlsx
The TCS shall have the capability to control and monitor multiple types of AVs.,0,Dataset6000Req.xlsx
User shall be able to handle the initial withdrawal sequence.,0,Dataset6000Req.xlsx
'The product shall record the transportation status of equipment reserved.',0,dataset_raw.csv
System shall generate order reports containing information about ordered products and customers' details for undelivered orders.,0,Dataset6000Req.xlsx
System shall provide an option for users to organize emails into folders or labels for better management.,0,Dataset6000Req.xlsx
'The system shall allow a real estate agent to query MLS information',0,dataset_raw.csv
"Administrator shall be able to save contact details such as number, address, and pin code and display a ""Contact Us"" button.",0,Dataset6000Req.xlsx
'Once a game is initiated the product shall display an offensive grid to each player.',0,dataset_raw.csv
"User will choose from options including searching for their issue, chatting with customer support, asking the community, emailing customer support, or calling customer support.",0,Dataset6000Req.xlsx
'The product shall comply with corporate User Interface Guidelines',1,dataset_raw.csv
User shall click on any particular passport for checking data.,0,Dataset6000Req.xlsx
The website shall be user-friendly and require minimal effort to operate.,1,Dataset6000Req.xlsx
The overall accuracy of the Web API's response will be measured using a developer-made testing set.,1,Dataset6000Req.xlsx
The system shall be able to support concurrent multiplayer Mahjong games for up to 10 tables with a maximum of 40 players.,1,Dataset6000Req.xlsx
The administrator shall have the ability to block all access to the system for all users or selectively by user.,1,Dataset6000Req.xlsx
"User shall be able to search for trains by providing destination, boarding place, and date of journey, receiving a display of available trains matching the search criteria.",0,Dataset6000Req.xlsx
The system shall provide uninterrupted and stable connections between devices for consistent performance.,1,Dataset6000Req.xlsx
"System shall be able to change the icons used in the user interfaces of the sub-apps and main application, excluding external resources.",0,Dataset6000Req.xlsx
The system shall be available for use between the hours of 8am and 6pm.,1,Dataset6000Req.xlsx
Backup operations should be executed periodically to ensure data safety.,1,Dataset6000Req.xlsx
User shall be able to access the manager homepage after login.,1,Dataset6000Req.xlsx
"User shall be able to see specific details on summits, to learn more and register.",0,Dataset6000Req.xlsx
The system shall operate within the Windows XP Professional operating system.,1,Dataset6000Req.xlsx
User shall/will be able to utilize the system with a minimum requirement of 80GB hard disk space.,1,Dataset6000Req.xlsx
System shall use initialization data to determine heating and cooling units in the system.,0,Dataset6000Req.xlsx
Back-end servers shall only be accessible to authenticated users.,1,Dataset6000Req.xlsx
"System shall ensure protection against various types of failures, damage, or harm, including physical, social, financial, and psychological.",1,Dataset6000Req.xlsx
System shall respond to user actions promptly.,1,Dataset6000Req.xlsx
The system shall identify the number of whales in audio files.,0,Dataset6000Req.xlsx
Customer shall able to give rating for restaurant and delivery boy,0,Dataset6000Req.xlsx
'The Disputes application must maintain a detailed history of every action that a user takes on a dispute case. This ensures a complete audit trail if questions arise later on with regard to a particular dispute case.',1,dataset_raw.csv
An API User shall be able to persistently store visualization states.,0,Dataset6000Req.xlsx
"The TCS shall provide the system functionality necessary to generate a payload plan that, as a minimum, shall include the following information:",0,Dataset6000Req.xlsx
System shall be able to construct an Ajax Response to update the home page with links to nearby sites.,0,Dataset6000Req.xlsx
The system shall be scalable to accommodate increasing document volumes without performance degradation.,1,Dataset6000Req.xlsx
"Any administrative level or authorized inventory group member can view and approve pending requests, with users notified by email upon request treatment and updates made to the waiting for execution list.",0,Dataset6000Req.xlsx
'The product shall be able to be installed in the specified environment within 1 working day.',1,dataset_raw.csv
"User shall have the option to connect their social media accounts like Facebook, Twitter, and LinkedIn.",1,Dataset6000Req.xlsx
"User shall be limited to one registration per day per authenticated user, to prevent duplicate spaces.",0,Dataset6000Req.xlsx
FABS user shall be able to download the uploaded FABS file.,0,Dataset6000Req.xlsx
"System shall redirect control to the mail screen, providing options to read or send emails to the administrator.",0,Dataset6000Req.xlsx
Delivery boys shall reach restaurants and check order details.,0,Dataset6000Req.xlsx
Students shall have the ability to view the status of their job applications.,0,Dataset6000Req.xlsx
"User shall experience optimized resource usage, minimizing storage space, processing power, and battery consumption during offline usage.",0,Dataset6000Req.xlsx
"User shall receive form validation for the input of name, email, and password, with a confirmation message if the inputs are valid.",0,Dataset6000Req.xlsx
System shall be able to assign different levels of access and privileges to users based on their roles.,0,Dataset6000Req.xlsx
System shall facilitate easy customization of the Web interface graphics/colours for lab administrators.,1,Dataset6000Req.xlsx
The system shall allow administrators to restore previous versions of objects.,0,Dataset6000Req.xlsx
System shall play the selected video.,0,Dataset6000Req.xlsx
'For each shot the product shall examine the defensive grid of the defensive player to determine whether the shot was a hit or miss.',0,dataset_raw.csv
"User shall be able to see a list of attendees signed up for a specific summit, for communication purposes.",0,Dataset6000Req.xlsx
The realtor shall be notified of new client appointments after automatic synchronization with office system.,0,Dataset6000Req.xlsx
"The server shall host the Swiggy Clone App, providing system data processing and storage capability.",0,Dataset6000Req.xlsx
"The different search options should be evident, simple and easy to understand.",1,Dataset6000Req.xlsx
"User shall be able to pause the game by touching the pause button, which shall immediately display the pause screen, and the game shall be continued when any player touches the resume button in the pause screen.",0,Dataset6000Req.xlsx
System shall display a search form on the home page.,0,Dataset6000Req.xlsx
"System shall display a list of blogs on the homepage upon user request, accessible to all users.",0,Dataset6000Req.xlsx
"User shall be able to create purchase orders for medicines from authorized distributors, specifying details like quantity and expiration dates.",0,Dataset6000Req.xlsx
"Transparency shall be accomplished in manner that is transparent to processing, communications and I/O software functions with the possible exception of recompilation of executables.",1,Dataset6000Req.xlsx
"User shall be able to capture photos or videos, apply various effects, and share the resulting snap.",0,Dataset6000Req.xlsx
Newsletter subscription or unsubscription shall be possible.,0,Dataset6000Req.xlsx
User shall be able to create and edit Event records.,0,Dataset6000Req.xlsx
The system shall allow inspection staff to provide results to customers.,0,Dataset6000Req.xlsx
"The system shall have a login functionality for doctors, patients, chemists, and labs, with default passwords set up by the admin, and users can change passwords and log in using their own credentials.",0,Dataset6000Req.xlsx
"The system shall define data formats (e.g., ePUB, PDF) for uploading and displaying ebooks.",0,Dataset6000Req.xlsx
The system shall handle complex projects and large files without lag or slowdown.,0,Dataset6000Req.xlsx
'For any systematic (non-user initiated) action that occurs on a case such as the disputes aging process a case activity will be generated. Upon the next logon the user that initiated the dispute case must be notified that a systematic action has occurred on the dispute case.',0,dataset_raw.csv
The system shall allow authorized users to delete car information.,0,Dataset6000Req.xlsx
'The user interface shall have standard menus buttons for navigation',1,dataset_raw.csv
"POST requests shall be used for transferring sensitive information, such as authentication details and property data, through forms.",1,Dataset6000Req.xlsx
The TCS shall provide override of payload automated as well as preprogrammed inputs.,0,Dataset6000Req.xlsx
The platform shall allow translation of data type hierarchies for embedded viewers.,1,Dataset6000Req.xlsx
"User database shall persist membership, trajectories, and karma.",0,Dataset6000Req.xlsx
User shall be able to remove items from their listings by tapping Remove Item.,0,Dataset6000Req.xlsx
"User shall upload necessary files such as birth proof, residence proof, etc.",0,Dataset6000Req.xlsx
The system shall have failover mechanisms in place to switch to backup servers seamlessly in the event of hardware failures or network disruptions.,1,Dataset6000Req.xlsx
The system shall store camper records from previous years for reference.,0,Dataset6000Req.xlsx
"Upon finding a matched user, the ingame screen shall prompt the matched user's name.",0,Dataset6000Req.xlsx
A supervisor shall be able to do everything a waiter can.,0,Dataset6000Req.xlsx
A Moderator shall be able to limit the maximum number of nodes that can be created in a session.,0,Dataset6000Req.xlsx
'The system shall be able to display a printable summary for individual cohorts which will include the students enlisted the Program of study sequence of classes cohort progress through the program and timeline of completion.',0,dataset_raw.csv
The configuration window shall have a button labeled Close that will dismiss the configuration window and return the user to the main window.,0,Dataset6000Req.xlsx
Agency user shall have all historical Financial Assistance data loaded for FABS go-live for completeness.,1,Dataset6000Req.xlsx
User shall be able to send status reports to the finance and legal contract department through the Life Insurance System interface.,0,Dataset6000Req.xlsx
User shall present their ID card for validation.,0,Dataset6000Req.xlsx
"The system shall support real-time correlator operations, hardware monitoring/control, and PLD/FPGA personality updates over the network.",1,Dataset6000Req.xlsx
System shall provide necessary control signals to heating or cooling units upon request.,0,Dataset6000Req.xlsx
A tablet shall allow a waiter to reject an order placed by a customer through a surface computer.,0,Dataset6000Req.xlsx
System shall allow export of all data to different systems to prevent vendor lock-in.,1,Dataset6000Req.xlsx
User shall be able to add a company logo to job postings.,0,Dataset6000Req.xlsx
User shall receive a more helpful file-level error message when uploading a file with the wrong extension.,0,Dataset6000Req.xlsx
'Movies shall be encoded and streamed via Windows Media Player 9.0.',1,dataset_raw.csv
"The system shall return a JSON response containing either successful data or error messages, but not both.",0,Dataset6000Req.xlsx
System shall prioritize speed in performing actions such as searching for recipes and providing recommendations.,1,Dataset6000Req.xlsx
System shall be able to search for the from-location by the name of a POI.,0,Dataset6000Req.xlsx
"Upon selecting Trending, system shall display location-based most popular videos.",0,Dataset6000Req.xlsx
'The product shall adhere to the corporate Architecture guidelines',1,dataset_raw.csv
The Search menu allows the user to search for student and employee information.,0,Dataset6000Req.xlsx
Delivery boys shall receive customer details from restaurants.,0,Dataset6000Req.xlsx
FABS user shall access frontend URLs accurately reflecting the accessed page for clarity.,1,Dataset6000Req.xlsx
"The system shall allow visitors to view a list of all upcoming courses, categorized (Certification, Other, Events).",0,Dataset6000Req.xlsx
"The system shall be able to monitor the overall data processing rate, compare it to tolerances, and report any deviations from those tolerances.",1,Dataset6000Req.xlsx
"The system shall allow users to create a presentation by adding slides, defining content, and applying formatting.",0,Dataset6000Req.xlsx
User shall view and select available examination categories.,0,Dataset6000Req.xlsx
The system shall track user activity sessions.,0,Dataset6000Req.xlsx
User shall be redirected to the main page upon successful registration.,0,Dataset6000Req.xlsx
The system shall enable users to search for information online.,0,Dataset6000Req.xlsx
"User shall be able to autofill details using accounts from Google, LinkedIn, Facebook, or Yahoo.",0,Dataset6000Req.xlsx
'A class shall be either a non-clinical class or a clinical class.',0,dataset_raw.csv
The system shall allow camp administrators to send bi-weekly feedback reports to parents.,0,Dataset6000Req.xlsx
A user researcher shall identify interview participants.,0,Dataset6000Req.xlsx
The user shall be able to log out after booking tickets.,0,Dataset6000Req.xlsx
"Any user who creates or joins a game will be able to upload their own JPEG or GIF image that they wish to have displayed above their name, if they do not wish to use a preset icon.",0,Dataset6000Req.xlsx
System shall provide stats in numbers and progress bars to display the user's achievements.,0,Dataset6000Req.xlsx
The system shall protect private information in accordance with the organization's information policy.',1,dataset_raw.csv
System shall facilitate accounts managers in validating customer account numbers with banks before processing transactions.,0,Dataset6000Req.xlsx
User shall be able to validate user credentials.,0,Dataset6000Req.xlsx
User shall specify bank details for issuing cheques obtained from selling stocks.,0,Dataset6000Req.xlsx
"System shall track due dates and send reminders at regular intervals, with a static value of 4 days set in the system.",0,Dataset6000Req.xlsx
The product shall allow the user to view previously downloaded search results CMA reports and appointments.,1,Dataset6000Req.xlsx
User shall be able to set performance expectations for the system.,1,Dataset6000Req.xlsx
Developer shall determine the best way to load historical FPDS data.,0,Dataset6000Req.xlsx
System shall maintain security and performance quality attributes for optimal software quality.,1,Dataset6000Req.xlsx
Users shall provide a valid email address.,0,Dataset6000Req.xlsx
User shall be able to tweet a certain news item.,0,Dataset6000Req.xlsx
When streaming a movie the buffering time should take no longer than 10 seconds (plus any latency on the user's connection.)',1,dataset_raw.csv
"User will input their card details including card number, card type, expiration date, security code, and billing address, and then click on the link card option.",0,Dataset6000Req.xlsx
System shall facilitate the import of EAD data into the application.,0,Dataset6000Req.xlsx
"If there is a network issue, the chat window will display an error message.",0,Dataset6000Req.xlsx
The session shall conclude after the specified amount of time has passed.,0,Dataset6000Req.xlsx
The system shall display all text in English when the administrator selects English as the preferred language.,0,Dataset6000Req.xlsx
System shall add the blocked user to the user's blocked list in the database.,0,Dataset6000Req.xlsx
The Teams app shall be designed to scale based on the size of the organization.,1,Dataset6000Req.xlsx
The system shall process and display the changed user information.,0,Dataset6000Req.xlsx
System shall display available payment methods for payment.,0,Dataset6000Req.xlsx
System shall enforce access controls and permissions for sharing and managing data.,1,Dataset6000Req.xlsx
System shall display the video in full screen resolution.,0,Dataset6000Req.xlsx
Agency user shall have a landing page to navigate to either FABS or DABS pages for easy access to different functionalities.,1,Dataset6000Req.xlsx
The graphics card should have at least 1 GB of VRAM for optimal performance (optional).,1,Dataset6000Req.xlsx
User shall filter and retrieve intelligence items based on various criteria.,0,Dataset6000Req.xlsx
"In case of failure, the program shall re-initialize, and the software design shall support modularity for efficient maintainability.",1,Dataset6000Req.xlsx
The system shall monitor the course for which the fees are paid.,0,Dataset6000Req.xlsx
Audit trail data must be available for inspection and export for specified cases.,1,Dataset6000Req.xlsx
System shall be able to navigate between POIs on the campus.,0,Dataset6000Req.xlsx
"System shall store and process refund requests in the database, providing status updates to users.",0,Dataset6000Req.xlsx
User shall have access to online user documentation and help system.,0,Dataset6000Req.xlsx
"System shall use AJAX calls for shortlisting properties, employing jQuery on the client side.",0,Dataset6000Req.xlsx
The BE system shall verify successful delivery of output to the e2e,0,Dataset6000Req.xlsx
System's back-end servers shall only be accessible to authenticated administrators for security.,1,Dataset6000Req.xlsx
System shall check the database to determine if the items are in stock.,0,Dataset6000Req.xlsx
"The system shall provide a smooth user experience, which can be improved by a compatible graphics card.",1,Dataset6000Req.xlsx
System shall link datasets with project metadata for reporting on project-related data deposits.,1,Dataset6000Req.xlsx
'A primary database will be used to store cached data for active users.',1,dataset_raw.csv
'All customer information will be stored on a secure database accessible only to authorized personnel.',1,dataset_raw.csv
The system shall perform basic operations in less than 2 seconds.,1,Dataset6000Req.xlsx
"All system functionality shall be accessible through touch sensitive surface computers, tablets and displays via simple touch gestures.",0,Dataset6000Req.xlsx
Interfacing with the courts during the prosecution of cases is an integral part of the responsibilities of police personnel.,0,Dataset6000Req.xlsx
A user researcher shall develop the user research protocol for internal workflows.,0,Dataset6000Req.xlsx
Restaurant shall be able to view the orders which have been ordered by customers.,0,Dataset6000Req.xlsx
"Users shall be able to contact doctors through email, phone calls, or SMS, providing accurate information for their queries.",0,Dataset6000Req.xlsx
The system shall ensure robust data backup and recovery strategies to prevent data loss in case of system failures.,1,Dataset6000Req.xlsx
System shall be able to calculate and display the cost of products along with any discounts offered by vendors.,0,Dataset6000Req.xlsx
"System must provide reports for actions on cases organized by case, user, and in chronological sequence.",1,Dataset6000Req.xlsx
"An FAQ page shall be provided in Webble to explain terms, functionality, and other relevant information.",1,Dataset6000Req.xlsx
"User shall transcribe spoken language input into text format before initiating the translation process, enabling instant translations for conversations and voice commands.",0,Dataset6000Req.xlsx
'The search for the preferred repair facility shall take no longer than 8 seconds. The preferred repair facility is returned within 8 seconds',1,dataset_raw.csv
The system shall have a disaster recovery plan to ensure data integrity and system functionality in case of outages.,1,Dataset6000Req.xlsx
"User (teacher) shall be able to mark, view, and update students' attendance; the system shall display attendance to the respective student, and students shall be able to download attendance reports from the system.",0,Dataset6000Req.xlsx
The website shall provide forms for certificates so users can request certificates online.,0,Dataset6000Req.xlsx
The system shall scale to accommodate increased usage and data volume over time.,1,Dataset6000Req.xlsx
'Only the System Administrator shall be able to reset a revoked user logon account',1,dataset_raw.csv
The system shall allow filtering and exporting reports for further analysis.,0,Dataset6000Req.xlsx
"The system shall enforce strong password management, requiring users to keep passwords confidential and unique for each service.",1,Dataset6000Req.xlsx
User inputs and commands shall be validated to prevent unauthorized access or malicious actions within the system.,1,Dataset6000Req.xlsx
System shall require a minimum of 80GB hard disk space.,1,Dataset6000Req.xlsx
'Program Administrators and Nursing Staff Members shall be able to add a new clinical site into the system.',0,dataset_raw.csv
A customer shall be able to drag a meal out of a bankcard payment or a cash payment.,0,Dataset6000Req.xlsx
The system shall be reliable and the network connectivity in the supermarket shall be stable for smooth operations and data flow.,1,Dataset6000Req.xlsx
User shall be able to create an account by providing personal details.,0,Dataset6000Req.xlsx
User shall be able to delete properties they have added to the system.,0,Dataset6000Req.xlsx
A Data Publishing User shall be able to delete a published dataset.,0,Dataset6000Req.xlsx
System shall allow only one antivirus to be installed on a single device at a time.,1,Dataset6000Req.xlsx
The server shall have at least 500MB of free disk space even if the IDE is already installed.,1,Dataset6000Req.xlsx
System shall be able to enable access to online shopping opportunities.,0,Dataset6000Req.xlsx
User shall ensure that the device has sufficient RAM for smooth operation.,1,Dataset6000Req.xlsx
"The color map of the history window shall indicate confirmed faults with the color red,potential faults with the color yellow, normal conditions with the color green, and periods when diagnostic processing was not active with the color gray.",0,Dataset6000Req.xlsx
Any element of the system will take no longer than 10-seconds to restart.,1,Dataset6000Req.xlsx
The system shall provide complete and understandable hardware specifications and configuration details.,1,Dataset6000Req.xlsx
System shall provide meaningful error messages when pipeline creation fails due to an existing dataset being incompatible with the pipeline requirements.,1,Dataset6000Req.xlsx
"System shall provide a search facility for administrators to search for books based on title, subject, author, or publisher.",0,Dataset6000Req.xlsx
"System shall be able to change the fonts used in the user interfaces of the sub-apps and main application, excluding external resources.",0,Dataset6000Req.xlsx
"Characters in the ingame screen shall be able to move in up, down, right, and left directions.",0,Dataset6000Req.xlsx
Clients shall be able to make a booking through the system.,0,Dataset6000Req.xlsx
User shall have a managed backup protocol for the Neurohub system as a system administrator.,0,Dataset6000Req.xlsx
User shall be able to maintain data by implementing the latest model and regular updates for new titles.,1,Dataset6000Req.xlsx
The e-learning tool shall be compatible with both Windows and Linux operating systems.,1,Dataset6000Req.xlsx
User shall be able to block other users.,0,Dataset6000Req.xlsx
The user will be able to end the game at any stage of the game.,0,Dataset6000Req.xlsx
"User shall have access to the WhatsApp internal server, which must be available 24/7.",1,Dataset6000Req.xlsx
"System shall terminate user sessions upon logout, destroying the session and redirecting to the home page.",0,Dataset6000Req.xlsx
"When in billing mode, app shall display a representation of a bank card payment for each customer.",0,Dataset6000Req.xlsx
The application shall not slow down during peak hours and maintain consistent service quality.,1,Dataset6000Req.xlsx
Every registered user will have access to the product's support site via the Internet. 70% of registered users shall find a solution to their problem within 5 minutes of using the support site.',1,dataset_raw.csv
API keys utilized by the application shall remain confidential and not be exposed as open source.,1,Dataset6000Req.xlsx
User shall enjoy maximal security measures implemented in the application to prevent unauthorized access.,1,Dataset6000Req.xlsx
"The system shall allow members to control the privacy of their profile information (entire profile, email address).",0,Dataset6000Req.xlsx
The system shall allow site administrators to create news articles with designated publishing dates and expiry dates.,0,Dataset6000Req.xlsx
"The system shall allow researchers to download files, reports, and locate materials for social media sharing.",0,Dataset6000Req.xlsx
'The system shall retain the available recycled parts and suppliers returned from the search.',0,dataset_raw.csv
The system shall maintain consistent card order across estimation draws.,0,Dataset6000Req.xlsx
Admins shall display top-rated restaurants and offers.,0,Dataset6000Req.xlsx
"System shall ensure portability by enabling access to the Gambler Agent application from any platform, as it is an online game application.",1,Dataset6000Req.xlsx
Sales managers shall view customer details and manage product sales and deliveries.,0,Dataset6000Req.xlsx
System shall read the valid serial number and linked address and initiate the authorization dialog.,0,Dataset6000Req.xlsx
User shall be able to log in with their email and password and receive a message indicating successful sign-in.,0,Dataset6000Req.xlsx
"User shall be able to process returns of medicines to distributors within the specified time frame, recording relevant details such as reasons for return and quantities returned.",0,Dataset6000Req.xlsx
System shall keep track of user activity through sessions.,0,Dataset6000Req.xlsx
Users will be able to view the High Scores list that is located on the MultiMahjongServer,0,Dataset6000Req.xlsx
User shall find the system easy to navigate and use.,1,Dataset6000Req.xlsx
Restaurants shall accept or cancel orders based on availability.,0,Dataset6000Req.xlsx
The user shall be able to create an account by providing credentials and activating it via email.,0,Dataset6000Req.xlsx
"User shall be able to manage settings such as alternate email address, phone number, preferred language, or password.",0,Dataset6000Req.xlsx
The system shall display a list of matching train schedules to the user.,0,Dataset6000Req.xlsx
Tester shall ensure that FABS properly derives fields through robust testing.,0,Dataset6000Req.xlsx
User shall be able to store a limited number of snaps using Memories.,0,Dataset6000Req.xlsx
System shall use a commercial database and application server for maintenance.,1,Dataset6000Req.xlsx
A Data Publishing User shall be able to validate a CSV file before publishing.,0,Dataset6000Req.xlsx
'Program Administrators/Nursing Staff Members shall have the ability to modify information relating to cohorts including cohort identifier program of study preferred sequence of classes and quarters that a cohort will be taking specific classes.',0,dataset_raw.csv
The system shall provide a calendar view of available appointment slots for each healthcare provider.,0,Dataset6000Req.xlsx
Photos and Cover Letters will be added to profiles and job applications.,0,Dataset6000Req.xlsx
'When a shot is marked as a miss the product shall simulate the sound of a shot missing its target.',1,dataset_raw.csv
"The TCS shall support operation of the AV via all flight modes, to include manual controls.",0,Dataset6000Req.xlsx
User shall be able to validate their cash card for transactions.,0,Dataset6000Req.xlsx
"User shall benefit from interoperability with third-party systems and services, enabling seamless integration with external applications, devices, and ecosystems through support for industry-standard protocols and open APIs.",1,Dataset6000Req.xlsx
System shall be able to display an enlarged version of the main site image when the user clicks on it on the sites page.,0,Dataset6000Req.xlsx
The user experience with Adobe Illustrator shall be enhanced by meeting the 64-bit requirements.,1,Dataset6000Req.xlsx
"Administrator shall add, edit, or delete user accounts and assign roles.",0,Dataset6000Req.xlsx
System shall notify the sender if the requested user is unavailable.,0,Dataset6000Req.xlsx
'Pre-paid cards shall be distributed via email or via a printed paper card.',0,dataset_raw.csv
The system shall require university group approval for outgoing transfers.,0,Dataset6000Req.xlsx
The system shall allow visitors to easily navigate back to the home page.,0,Dataset6000Req.xlsx
The system shall allow parents to create an account for online camper registration.,0,Dataset6000Req.xlsx
Users shall be able to search for jobs.,0,Dataset6000Req.xlsx
"After the journey, users shall receive a feedback form to provide feedback based on their journey experience.",0,Dataset6000Req.xlsx
Credit card advance time must not exceed 6 seconds under both normal and peak workloads.,1,Dataset6000Req.xlsx
User shall share a dataset type previously deployed as part of an app.,0,Dataset6000Req.xlsx
"System shall provide a menu-driven interface with screens including login, language selection, and options for users and administrators.",0,Dataset6000Req.xlsx
'The product shall assign the organizers contact information to each meeting they create.',0,dataset_raw.csv
System shall scan the watch history in the database and display it to the user.,0,Dataset6000Req.xlsx
User shall be able to return items to the seller if not satisfied and provide feedback.,0,Dataset6000Req.xlsx
The system shall be compatible with any Windows platform with any version of a web browser.,1,Dataset6000Req.xlsx
"System shall be designed for easy extensibility, maintainability, and potential release as an open-source application.",1,Dataset6000Req.xlsx
The system shall be adaptable to different languages and currencies.,1,Dataset6000Req.xlsx
User passwords shall be hashed using a key stretching algorithm before storage in the database.,1,Dataset6000Req.xlsx
The user shall be able to choose between returning to the main menu or exiting the game.,0,Dataset6000Req.xlsx
'The product shall be supported using the corporate support center.',1,dataset_raw.csv
The system shall perform content processing tasks efficiently.,1,Dataset6000Req.xlsx
"System shall be able to provide channels for users to contact customer support, including email or chat.",0,Dataset6000Req.xlsx
Aside from server failure the software product shall achieve 99.99% up time.,1,Dataset6000Req.xlsx
The system shall allow applicants to request inspections.,0,Dataset6000Req.xlsx
System shall send order confirmation to the user and seller through email or SMS.,0,Dataset6000Req.xlsx
The system shall maintain a continuously updated backup of the database to ensure reliability and stability.,1,Dataset6000Req.xlsx
"Owner's input for updating the stocks shall be processed, and the database shall be updated accordingly.",0,Dataset6000Req.xlsx
"The system shall support file systems with case-insensitive behavior, including NTFS (Windows), HFS+ (Mac), and APFS (Mac).",1,Dataset6000Req.xlsx
System shall handle errors effectively.,1,Dataset6000Req.xlsx
'When both players have positioned their 5 ships on their defensive grids the product shall define the status of each player for the first turn.',0,dataset_raw.csv
"The user interface shall be intuitive and accessible, catering to users with varying levels of technical expertise.",1,Dataset6000Req.xlsx
Customer shall be able to disengage bill mode to cancel the billing process through their chosen menu by card.,0,Dataset6000Req.xlsx
The system shall allow a user to define the time segments,0,Dataset6000Req.xlsx
"Shall a city be selected, all theatres and movies showing on that day shall be listed.",0,Dataset6000Req.xlsx
The system shall perform an authentication process for login and payment through a bank card.,1,Dataset6000Req.xlsx
System shall employ a secured database for storing information.,1,Dataset6000Req.xlsx
The system shall validate data integrity and format compliance during ingest.,0,Dataset6000Req.xlsx
Applicants shall be advised to change their passwords monthly.,1,Dataset6000Req.xlsx
User shall enter search text on the screen to find matching products based on the search.,0,Dataset6000Req.xlsx
The TCS shall display the current search footprint and the search history of the payload on the map.,0,Dataset6000Req.xlsx
"User shall have a small, wearable ALFRED device for easy portability.",0,Dataset6000Req.xlsx
The system shall display a confirmation message regarding the product ID and amount update.,0,Dataset6000Req.xlsx
The supermarket staff shall add new items to the inventory.,0,Dataset6000Req.xlsx
The system should avoid becoming overloaded and should maintain optimal performance even under peak load conditions.,1,Dataset6000Req.xlsx
User shall access the product through a web server.,1,Dataset6000Req.xlsx
"It shall be usable by professionals, the unemployed, and students.",1,Dataset6000Req.xlsx
System shall be able to display an error message and eject the device if the transaction is unsuccessful.,0,Dataset6000Req.xlsx
System shall track progress and updates of ongoing investigations.,0,Dataset6000Req.xlsx
"The cabin door must remain locked, opening only when a user swipes a valid ATM card in the slot.",1,Dataset6000Req.xlsx
System shall display History section showing all the videos watched by the user.,0,Dataset6000Req.xlsx
"The product shall be able to process 10,000 transactions per hour within two years of its launch.",1,Dataset6000Req.xlsx
Only collision estimators shall search for recycled parts. Users without the collision estimator role shall not have access to the search for recycled parts.,1,Dataset6000Req.xlsx
"Passwords can include digits, hyphens, and underscores.",1,Dataset6000Req.xlsx
'The realtor shall be able to retrieve a map showing property locations for a specified area',0,dataset_raw.csv
System shall support emerging needs based on data analysis.,1,Dataset6000Req.xlsx
Only registered realtors shall be able to access the system.,1,Dataset6000Req.xlsx
The server shall have a higher clock frequency than core count (preferred).,1,Dataset6000Req.xlsx
The system shall perform automatic worm motion analysis to reduce video duration in Worm Watch Lab.,0,Dataset6000Req.xlsx
System shall facilitate easy signup for the BADCamp newsletter.,1,Dataset6000Req.xlsx
User shall be able to see the TU/e Facebook page on the title screen when starting the Facebook app.,0,Dataset6000Req.xlsx
"The system shall allow a Member State to ask for the status of card (lost, stolen) to the corresponding Card Issuing Authority of the ember State having issued the card.",0,Dataset6000Req.xlsx
"User shall have the ability to search for jobs by keywords, category, and work status.",0,Dataset6000Req.xlsx
'The product shall allow the player to position ships vertically on their grid.',0,dataset_raw.csv
"For non-programmers, the system shall allow customization of the application's visual style (colors and icons) for easy maintenance.",1,Dataset6000Req.xlsx
Payment options shall include invoice or credit/debit card.,0,Dataset6000Req.xlsx
'The website shall continue to operate if the streaming server goes down.',1,dataset_raw.csv
Each user shall have a set of system access properties that defines the user's privileges within the system.,1,Dataset6000Req.xlsx
The system shall allow parents to view counselors assigned to their children.,0,Dataset6000Req.xlsx
"The system shall be able to allow help-desk users to view reports on submitted defects and enhancement requests categorized by type, status, and submission time.",0,Dataset6000Req.xlsx
User shall be able to update their information.,0,Dataset6000Req.xlsx
System uses MySQL (Version 5.5.8) for the database with several tables for storing information.,1,Dataset6000Req.xlsx
"User shall be able to differentiate between primary, social, and promotional emails based on email tabs.",0,Dataset6000Req.xlsx
User passwords shall be encrypted in the database management system (DBMS) for security.,1,Dataset6000Req.xlsx
Users shall be able to access ratings and reviews for each piece of content.,0,Dataset6000Req.xlsx
Shopping cart will display item count and total cost.,0,Dataset6000Req.xlsx
User shall be able to see the initial interface if no user is detected.,0,Dataset6000Req.xlsx
The user shall be able to approve an exchange offer from another user.,0,Dataset6000Req.xlsx
User shall be able to rate and comment on users they have traded with.,0,Dataset6000Req.xlsx
The system shall have unplanned downtime not exceeding a specified duration (to be determined) in a rolling three-month period.,1,Dataset6000Req.xlsx
'Only authorized users shall have access to the portion of the system that interfaces with CampusConnect.',1,dataset_raw.csv
"All functions, particularly complex ones, shall undergo thorough testing to ensure usability.",1,Dataset6000Req.xlsx
System shall maintain the quality of service without any compromise on performance.,1,Dataset6000Req.xlsx
'All streaming movie sales will be logged in the database and accessible by the administrator.',1,dataset_raw.csv
User shall be able to view a map display of public recycling bins and special waste drop-off sites in their area.,0,Dataset6000Req.xlsx
'Movies can only be streamed if the customer has purchased a movie and is within the 2-day time period to stream the movie.',0,dataset_raw.csv
'The vehicle location shall include street address city state and zipcode',0,dataset_raw.csv
System shall be deployable and operational in under one minute upon USB insertion.,1,Dataset6000Req.xlsx
User shall be able to deposit files without extensive format conversion or version searching.,0,Dataset6000Req.xlsx
"The LMS shall provide the capability to search, request, and renew items either through the LMS application on library computers or via the College website from outside the library, utilizing the Internet.",0,Dataset6000Req.xlsx
The user shall be able to enter data using a cell phone keypad layout.,1,Dataset6000Req.xlsx
Admin shall be able to manage providers.,0,Dataset6000Req.xlsx
"Accessibility features, such as keyboard navigation and screen reader compatibility, shall be implemented to cater to users with disabilities.",1,Dataset6000Req.xlsx
'For each shot the product shall mark the shot as a hit or miss on the offensive grid of the offensive player.',0,dataset_raw.csv
"System shall generate a bill, update the database upon payment confirmation, and change the car status to 'available'.",0,Dataset6000Req.xlsx
User shall export ranking data for further analysis if required.,0,Dataset6000Req.xlsx
System shall rebuild cached data on every startup.,1,Dataset6000Req.xlsx
'Classes for a given cohort shall not conflict with regards to the time and day that they are offered.',0,dataset_raw.csv
All sessions shall be associated with a single EDGE project.,0,Dataset6000Req.xlsx
User shall be able to maintain doctors and associate them with specialties.,0,Dataset6000Req.xlsx
The system shall be able to perform bulk asset entry.,0,Dataset6000Req.xlsx
The administrator shall have the ability to edit a users system access properties.,1,Dataset6000Req.xlsx
Employee shall check online bookings.,0,Dataset6000Req.xlsx
The system shall only enable the Logout menu item in the File menu if the current user is authenticated as the administrator.,0,Dataset6000Req.xlsx
The upsconline.nic.in site shall be available 24/7 for access.,1,Dataset6000Req.xlsx
"System shall be able to contact the server to create and add a new user, updating necessary details in the database.",0,Dataset6000Req.xlsx
User shall be able to play a selected 360° video on their device.,0,Dataset6000Req.xlsx
The client can register themselves in the system by filling in the required data.,0,Dataset6000Req.xlsx
System shall protect user data and repository content.,1,Dataset6000Req.xlsx
User shall/will be able to transfer balances.,0,Dataset6000Req.xlsx
System shall not store any cookies containing the user’s password or confidential information on the customer’s computer.,1,Dataset6000Req.xlsx
The user shall be able to choose to log in with a Google account.,0,Dataset6000Req.xlsx
Executive shall have full access to company-related data for performance evaluation.,1,Dataset6000Req.xlsx
The system shall allow users to select different clefs for a score.,0,Dataset6000Req.xlsx
The system shall allow applicants to Request pre-application assistance.,0,Dataset6000Req.xlsx
"User shall be able to see all events, trainings, and summits sponsored by a specific sponsor, to engage with the sponsor's offerings.",0,Dataset6000Req.xlsx
System shall employ on-demand asynchronous loading for faster page execution.,1,Dataset6000Req.xlsx
"User shall/will be able to register themselves by filling out a patient profile, generating a unique ID.",1,Dataset6000Req.xlsx
"User shall have access to a secure and reliable video/photo editor app, VivaVideo, for creating personalized videos and photos.",1,Dataset6000Req.xlsx
System shall allow user to track shipments by entering order information.,0,Dataset6000Req.xlsx
System shall be able to request permission from the user to access their location services.,0,Dataset6000Req.xlsx
The system shall record and analyze feedback received from clients.,0,Dataset6000Req.xlsx
An API User shall be able to convert monetary measures to different currencies.,0,Dataset6000Req.xlsx
'The adjuster shall enter the preferred repair facility on the estimate assignment.',0,dataset_raw.csv
Users shall add specific stocks to their portfolio.,0,Dataset6000Req.xlsx
The system shall be able to handle generic sentence failures by falling back to error handling in R4.4.2.1.,0,Dataset6000Req.xlsx
The system shall confirm the successful creation of a new user account.,0,Dataset6000Req.xlsx
'The system shall search for available recycled parts for the supplied vehicle parts and suppliers.',0,dataset_raw.csv
User shall be able to sign up for an account on Quora.com.,0,Dataset6000Req.xlsx
The system shall prompt the user to specify the destination for the import operation.,0,Dataset6000Req.xlsx
User shall be able to log in by entering username and password.,0,Dataset6000Req.xlsx
"User shall have a ""check"" option corresponding to every passport.",0,Dataset6000Req.xlsx
System shall allow users to enter order information for tracking.,0,Dataset6000Req.xlsx
Admin shall be able to manage restaurant details,0,Dataset6000Req.xlsx
"Upon utilizing this feature, the system shall display all pending tasks.",0,Dataset6000Req.xlsx
The BE shall be able to redistribute internal workload among its processors.,0,Dataset6000Req.xlsx
"User shall be able to view the status of books based on predefined statuses such as Pending, Approved, Rejected/Canceled, Borrowed, Available, and Not Available.",0,Dataset6000Req.xlsx
"Alternatively, the user can push the ""Ctrl+V"" key combination or right-click the mouse and select the ""Paste Item"" button from the context menu.",0,Dataset6000Req.xlsx
The systems back-end servers shall only be accessible to authenticated administrators.,1,Dataset6000Req.xlsx
The system shall allow applicants to satisfy hearing requirements before a hearing.,0,Dataset6000Req.xlsx
System shall facilitate easy sponsorship registration and payment.,1,Dataset6000Req.xlsx
Only authorized users shall have access to students personal information.,1,Dataset6000Req.xlsx
The BE System shall be capable of delivering an output data stream to the e2e System of a minimum of 25 MBytes/sec,1,Dataset6000Req.xlsx
"The system shall support a wide range of commands and command options for users to perform various tasks, such as data manipulation, configuration, Management, and troubleshooting, etc.",0,Dataset6000Req.xlsx
The system shall retain the available recycled parts and suppliers returned from the search.,0,Dataset6000Req.xlsx
System shall provide a user-friendly interface for listing summit information.,1,Dataset6000Req.xlsx
User shall be able to access detailed context-sensitive help material for all actions and scenarios.,1,Dataset6000Req.xlsx
User shall be able to view the customer homepage after logging in.,1,Dataset6000Req.xlsx
A user researcher shall continue scheduling interviews for hypothesis #1.,0,Dataset6000Req.xlsx
The vertical axis of the color map of the history window shall indicate hour of the day and the horizontal axis shall indicate the absolute date and the day of week.,0,Dataset6000Req.xlsx
System shall lock databases to protect sensitive client information from intrusion and unauthorized modifications.,1,Dataset6000Req.xlsx
"Customer receives notifications for order accepted, once order is picked up, and delivered.",0,Dataset6000Req.xlsx
The product shall be internet browser independent.The product must run using Internet Explorer and Netscape Navigator.',1,dataset_raw.csv
System shall prompt the user to enter all required information for creating a ticket retrieval request.,0,Dataset6000Req.xlsx
"Doctors shall see prioritized consultation requests, provide diagnosis, prescribe medicines, and suggest lab requests.",0,Dataset6000Req.xlsx
System shall display a confirmation message upon successful registration of the LeetCode account.,1,Dataset6000Req.xlsx
User shall register as a new user by clicking on the registration link at the login page.,0,Dataset6000Req.xlsx
The system shall allow camp administrators to view medical forms for allergy preparedness.,0,Dataset6000Req.xlsx
User shall be able to send requests for customer medical reports to the verification department.,0,Dataset6000Req.xlsx
Admins shall facilitate communication between delivery boys and restaurants for order replacements or cancellations.,0,Dataset6000Req.xlsx
User shall be able to input and store personal details of students.,0,Dataset6000Req.xlsx
System interface must be compatible with specialist software and suitable for users with special needs.,1,Dataset6000Req.xlsx
"User (admin) shall be able to provide information about scholarships, and eligible students shall be able to apply for scholarships through the system.",0,Dataset6000Req.xlsx
"User shall find the Gambler Agent application's client side very easy to use and enjoyable, with a simple interface allowing newcomers to quickly start playing.",1,Dataset6000Req.xlsx
'The product will be available for licensing as a one-server two-five servers or five-or-more servers license.',1,dataset_raw.csv
The system shall be able to provide an interface for users to log and track defects and enhancement requests for the application.,0,Dataset6000Req.xlsx
"System shall enable customer care representatives to receive and address customer complaints, queries, and feedback.",0,Dataset6000Req.xlsx
Voters shall not be aware of multiplicity in ideas.,0,Dataset6000Req.xlsx
"System shall automatically inform the main branch of detected errors, including fault type and problem.",1,Dataset6000Req.xlsx
System shall display the transaction number for reference.,0,Dataset6000Req.xlsx
The system shall continue to operate in a loss-less manner in the event of a temporary (time duration TBD) loss of availability of the e2e System.,1,Dataset6000Req.xlsx
The administrator will be able to check feedback posted by clients and send newsletters regarding promotions.,0,Dataset6000Req.xlsx
The system shall process and display the written comment on the post.,0,Dataset6000Req.xlsx
'Website shall allow customers to browse movies by categories entered in by izogn administrator.',0,dataset_raw.csv
"System shall employ HTML5, JavaScript, Processing-JS, Ext-JS, and Ajax on the client side for dynamic user interaction and server communication.",1,Dataset6000Req.xlsx
"The system shall allow revealing all estimates immediately, even before everyone submits.",0,Dataset6000Req.xlsx
"User shall be able to connect their account to Facebook, Twitter, and Instagram.",0,Dataset6000Req.xlsx
"User shall be able to access the ""forgot password"" page from the login screen.",0,Dataset6000Req.xlsx
System shall display a pop-up confirming the successful upload of the file.,0,Dataset6000Req.xlsx
"User shall have an admin view to show all trainee information, filterable by training session, for easy management.",0,Dataset6000Req.xlsx
User shall evaluate and score candidate responses.,0,Dataset6000Req.xlsx
"System shall provide functionalities to generate comprehensive reports on stock availability, orders, and deliveries.",0,Dataset6000Req.xlsx
System shall provide versatility and adaptability to be used in different sectors where file transfer is crucial.,1,Dataset6000Req.xlsx
Admin shall be able to contact between Delivery boy and restaurant to replace or cancel order if items are not available.,0,Dataset6000Req.xlsx
User shall have a screen to check account balance.,0,Dataset6000Req.xlsx
User shall apply for a job by filling out the necessary details in the respective form.,0,Dataset6000Req.xlsx
The system shall provide a user-friendly interface for various user roles.,1,Dataset6000Req.xlsx
'The website will provide a help section with answers and solutions to common problems.',0,dataset_raw.csv
The system shall rotate the picture by 90 degrees.,0,Dataset6000Req.xlsx
The system shall validate user information before processing transactions.,0,Dataset6000Req.xlsx
Crafty kids corner will provide cross-platform support to ensure a consistent user experience across different operating systems.,1,Dataset6000Req.xlsx
Client shall check their booking status.,0,Dataset6000Req.xlsx
LMS product shall handle both expected and unexpected errors to prevent loss of information and minimize downtime.,1,Dataset6000Req.xlsx
"Crafty kids corner shall ensure secure user authentication and data protection, especially for any personal information collected from users or their guardians.",1,Dataset6000Req.xlsx
User shall be notified when they initiate shipment of an item.,0,Dataset6000Req.xlsx
The system will display a blank set of ratings if there are not ratings yet defined.,0,Dataset6000Req.xlsx
'The product will display an available status for unreserved conference rooms.',0,dataset_raw.csv
"In case of a failure, a re-initialization of program will be done.",1,Dataset6000Req.xlsx
User shall be able to grant privileged access to collaborators for efficient collaboration.,0,Dataset6000Req.xlsx
The system shall allow camp administrators to modify camp group information.,0,Dataset6000Req.xlsx
User shall have confidence in the system's performance as it supports multiple users simultaneously.,1,Dataset6000Req.xlsx
The user shall be able to filter exams by School Year/Term or Subject.,0,Dataset6000Req.xlsx
System shall display creation and modification timestamps for DMPs.,0,Dataset6000Req.xlsx
All systems and application source code shall be available to or on the systems that execute it.,1,Dataset6000Req.xlsx
"The user shall be able to add a New Class by tapping on ""Add New Class"".",0,Dataset6000Req.xlsx
System shall be able to check their rosters.,0,Dataset6000Req.xlsx
Administrator shall have the capability to remove any book from the library.,0,Dataset6000Req.xlsx
The product shall adhere to the corporate online availability schedule. The application is brought down only within 98% of the scheduled outages per the availability schedule.,1,Dataset6000Req.xlsx
The product shall end a game when a hit by the offensive player results in sinking the last of the defensive player's ships which had not been previously marked as sunk.',0,dataset_raw.csv
Admin shall be able to display top-rated restaurants.,0,Dataset6000Req.xlsx
"The system shall allow associating names, subjects, and rights information with objects.",0,Dataset6000Req.xlsx
The realtor shall be able to retrieve a map showing property locations for a specified area.,0,Dataset6000Req.xlsx
The CO will be able to read any player's exposed or revealed hands.,0,Dataset6000Req.xlsx
"System shall authenticate users using a username and password, redirecting to the respective home page upon successful login.",0,Dataset6000Req.xlsx
The system shall be able to display a menu at all times to facilitate manual order taking should the need arise.,1,Dataset6000Req.xlsx
The system shall have a responsive user interface (User).,1,Dataset6000Req.xlsx
User shall add or remove products from the shopping bag as desired.,0,Dataset6000Req.xlsx
A Data Publishing User shall be able to edit the model of imported data .,0,Dataset6000Req.xlsx
'Website shall allow the Izogn administrator to approve a review posted by a customer.',0,dataset_raw.csv
The product shall synchronize with the office system every hour.,1,Dataset6000Req.xlsx
"User (teacher) shall be able to update students' marks on the site, and students shall be able to download their marks report.",0,Dataset6000Req.xlsx
System shall allow batch ingest of ETDs.,0,Dataset6000Req.xlsx
The user shall be able to enter the Start and End dates of their Class.,0,Dataset6000Req.xlsx
The system shall allow parents to view their payment history.,0,Dataset6000Req.xlsx
The system shall identify volunteer types.,0,Dataset6000Req.xlsx
"User shall be able to choose video quality by entering the desired quality level, such as 320p, 480p, 720p, or 1080p, and view the video in that quality.",0,Dataset6000Req.xlsx
'When a ship is sunk the product shall simulate the sound of a sinking ship.',1,dataset_raw.csv
A waiter who activates a surface computer shall be assigned to the table that contains it.,0,Dataset6000Req.xlsx
Admin shall view user error logs to address issues faced by users.,0,Dataset6000Req.xlsx
All code must be consistent with respect to style.,1,Dataset6000Req.xlsx
User shall have an ALFRED device with options for customization.,0,Dataset6000Req.xlsx
Delivery boys shall acknowledge requests within 3 seconds.,0,Dataset6000Req.xlsx
'Program Administrators and Nursing Staff Members shall be able to add new classes to a sequence of classes',0,dataset_raw.csv
The application should be designed for easy porting between iOS and Android platforms.,1,Dataset6000Req.xlsx
The system shall function on a processor with a minimum clock speed of 1.6 GHz.,1,Dataset6000Req.xlsx
System shall ensure a user-friendly interface for effortless creation of slideshows with customizable elements such as text art and animated texts in VivaVideo.,1,Dataset6000Req.xlsx
User shall perform weekly roster of employees.,0,Dataset6000Req.xlsx
"Each window of the diagnostic tool shall display an animated graphical feature indicating the status, whether active or not, of the diagnostic processing.",0,Dataset6000Req.xlsx
The system shall have a user-friendly interface that is easy to learn and navigate for both staff and patients (if applicable).,1,Dataset6000Req.xlsx
System shall ensure security and privacy of log book entries and attached files.,1,Dataset6000Req.xlsx
Each quadrant of each floor shall have a thermostat which is to be used to provide temperature data to the THEMAS system.,0,Dataset6000Req.xlsx
"Administrators can update categories, products, and product details.",0,Dataset6000Req.xlsx
"The system shall be usable by users with basic PC, Macintosh, or Unix operating system knowledge.",1,Dataset6000Req.xlsx
FABS user shall not receive DABS banner messages and vice versa for clear communication and information presentation.,1,Dataset6000Req.xlsx
The user shall be able to change the web-portals language to Spanish.,0,Dataset6000Req.xlsx
System shall store archived data directly on the HCP object store to leverage its features.,1,Dataset6000Req.xlsx
"The TCS shall be capable of displaying fuel parameters to the operator to include as a minimum, remaining fuel, flow rate, and bingo fuel.",0,Dataset6000Req.xlsx
User updates the cart contents using JavaScript functions.,0,Dataset6000Req.xlsx
User shall be able to see on which days events take place in calendar view.,0,Dataset6000Req.xlsx
"User shall hear spoken output in the target language generated from translated text, enhancing accessibility and pronunciation assistance.",0,Dataset6000Req.xlsx
The system shall be able to do the authentication process for login and payment through bankcard.,1,Dataset6000Req.xlsx
"User shall initiate the play function by selecting the play icon, transitioning the menu screen to the play game screen.",0,Dataset6000Req.xlsx
"Seamlessness shall be accomplished in a manner that is seamless, in that it does not affect hardware modules or software functionality that it meets at interfaces.",1,Dataset6000Req.xlsx
"During checkout, the customer shall input details such as name, mobile number, and location.",0,Dataset6000Req.xlsx
"The occurrence of missing data shall be indicated in permanent storage by a unique and obvious place holder or indicator, e.g., a null value or sequence of characters that cannot be confused with nonmissing data.",0,Dataset6000Req.xlsx
User shall login to access the examination portal.,0,Dataset6000Req.xlsx
User shall have an ALFRED device that reacts only to their voice.,0,Dataset6000Req.xlsx
The system shall allow prospective applicants to research requirements and select relevant services or applications to initiate online.,0,Dataset6000Req.xlsx
City endpoint client shall push comments to endpoints.,0,Dataset6000Req.xlsx
Back-end databases shall be encrypted and within the company’s perimeter.,1,Dataset6000Req.xlsx
System shall communicate with the database via a wireless Ethernet system.,0,Dataset6000Req.xlsx
System shall/will identify dependencies on external services or APIs.,1,Dataset6000Req.xlsx
A Visual Designer shall demonstrate the value of visual design to the NSF project team.,1,Dataset6000Req.xlsx
System shall implement authentication checks to prevent unauthorized access to functionalities.,1,Dataset6000Req.xlsx
'The Dispute System shall provide the users with the ability to follow up on a dispute case via follow-up actions. The list of available follow up actions for a given dispute case must be filtered by the status of the case and the access level of the user.',0,dataset_raw.csv
System shall enable point-in-time recovery to restore databases to specific states.,0,Dataset6000Req.xlsx
Edit task page will be opened.,0,Dataset6000Req.xlsx
The user shall be able to mark an item as a favorite for change notifications.,0,Dataset6000Req.xlsx
"If a request is approved, the status will be marked as ""Borrow"" with an end date.",0,Dataset6000Req.xlsx
The product shall ensure that only supervisors can enter a caller's schedule.The product must ensure that supervisors are allowed to access advertise empty time slots.',1,dataset_raw.csv
Messages will be sent to employers and job seekers for subscription-related matters.,0,Dataset6000Req.xlsx
System shall set overtemperature values to prevent temperature deviations beyond 3 degrees Fahrenheit.,0,Dataset6000Req.xlsx
System shall be able to allow users to view all personal information available through the employee pages for a selected person from the search results obtained through requirement UCAR503.,0,Dataset6000Req.xlsx
The TCS will interface with external systems to conduct mission coordination and operations.,0,Dataset6000Req.xlsx
'Once a game has been initiated the product shall make the players assigned to the game unavailable for selection from the list of players.',0,dataset_raw.csv
"Upon hardware failure or database corruption, administrator shall retrieve and save backups, followed by service restart for 24/7 availability.",1,Dataset6000Req.xlsx
Admin shall be able to manage Delivery boy details.,0,Dataset6000Req.xlsx
User shall be able to approve an exchange offer from another user by clicking Approve.,0,Dataset6000Req.xlsx
The system shall support the display of all user interface text elements in both English and Dutch.,1,Dataset6000Req.xlsx
System shall display Watch Later section showing all the videos added by the user for later viewing.,0,Dataset6000Req.xlsx
TCS shall display a LOL timer to the operator initiating a LOL onset.,0,Dataset6000Req.xlsx
'The system shall display data from the Sync Matrix 1.0 and Exercise Management Tool 1.0 applications',1,dataset_raw.csv
"System shall allow creation, updating, and deletion of state-specific data elements such as acts, sections, castes, tribes, etc.",0,Dataset6000Req.xlsx
System shall support multiple users simultaneously in the intra mailing system.,1,Dataset6000Req.xlsx
Viewing application history from the profile shall be possible.,0,Dataset6000Req.xlsx
The system shall strive for accessibility compliance (Developer).,1,Dataset6000Req.xlsx
System shall meet user-defined performance expectations.,1,Dataset6000Req.xlsx
User shall be able to handle invalid passwords.,0,Dataset6000Req.xlsx
The system shall allow re-estimating a previously estimated item.,0,Dataset6000Req.xlsx
The system shall allow publishers to sign up for an account to publish data packages.,0,Dataset6000Req.xlsx
Each user shall have a unique username and password to access their account on the site.,0,Dataset6000Req.xlsx
System shall prioritize security and performance as the two primary objectives.,1,Dataset6000Req.xlsx
System shall handle concurrent usage by multiple professors during peak times (9:00 AM to 2:00 PM).,1,Dataset6000Req.xlsx
System shall display the status of the application on successful search.,0,Dataset6000Req.xlsx
The product shall interface with the ChoiceParts system once per day at approximately 1:00 AM.,1,Dataset6000Req.xlsx
"The Master menu allows the user to access department, course, designation, subject details, examination details, fees details, donation and tuition, and scholarship information.",0,Dataset6000Req.xlsx
User shall be able to update profile information as needed.,0,Dataset6000Req.xlsx
'All business rules specified in the Disputes System shall be in compliance with the Merchant Operating Regulations.',1,dataset_raw.csv
"The user shall be able to request an exchange for an item they want, if the item they have is eligible for exchange.",0,Dataset6000Req.xlsx
The system shall display the user home page based on the user's role when a normal user logs in.,0,Dataset6000Req.xlsx
The system shall record embargo and access control metadata for items.,0,Dataset6000Req.xlsx
'The system shall use IBM and CCR branding standards. The interface must have one IBM logo and one CCR logo.',1,dataset_raw.csv
The system shall be built such that it is as secure as possible from malicious interference.,1,Dataset6000Req.xlsx
"User's will be able to pick up a tile from the wall if it is their turn. If they choose to pick up, the MultiMahjongClient must send this information to the MultiMahjongServer.",0,Dataset6000Req.xlsx
The number of mistakes noted by the students shall be decreased by 50% in the first year.,1,Dataset6000Req.xlsx
User shall be able to track delivery status by providing necessary information.,0,Dataset6000Req.xlsx
The system shall display the payment options and course fee.,0,Dataset6000Req.xlsx
"User shall be able to generate reports, including stock, order, and delivery reports.",0,Dataset6000Req.xlsx
Data user shall access two additional fields from the FPDS data pull for comprehensive data analysis.,1,Dataset6000Req.xlsx
System shall deny access to admin accounts that attempt to log in with non-existing credentials and notify the admin of the log-in failure.,1,Dataset6000Req.xlsx
User shall ensure software meets defined quality attributes.,1,Dataset6000Req.xlsx
The user shall be able to enter a Term Name.,0,Dataset6000Req.xlsx
System shall display a successful transaction message after processing the one-time password.,0,Dataset6000Req.xlsx
The diagnostic information window shall have a button labeled History that when clicked will display the diagnostic history window and display the previous weeks diagnostic results.,0,Dataset6000Req.xlsx
The system shall be able to clearly mark links that open in new browser windows or pop-up windows.,1,Dataset6000Req.xlsx
'The product shall be expected to operate within the maximum maintenance budget for a minimum of 2 years.',1,dataset_raw.csv
The system shall offer a meeting scheduling tool and live chat functionality to connect with prospects and customers.,0,Dataset6000Req.xlsx
System shall provide a shopping cart during online purchase.,0,Dataset6000Req.xlsx
An API User shall be able to identify Administrators.,0,Dataset6000Req.xlsx
'The system will notify affected parties when changes occur affecting classes including but not limited to class cancellations class section detail changes and changes to class offerings for a given quarter.',0,dataset_raw.csv
"System shall allow creation, modification, and deletion of student records, including enrollment number, name, and year of enrollment.",0,Dataset6000Req.xlsx
User shall be able to like a certain topic.,0,Dataset6000Req.xlsx
Corrective Maintenance: Any unidentified bugs need to be fixed promptly.,1,Dataset6000Req.xlsx
System shall have a logical interface for ease of use and common tasks.,1,Dataset6000Req.xlsx
A commercial database shall manage the data while the application server handles the website.,1,Dataset6000Req.xlsx
'The product must be able to interface with any HTML browser. The product shall transmit data between the user and the product without problems. The product shall display HTML properly in 80% of all HTML browsers tested (minimum is to test 8 browsers).',1,dataset_raw.csv
'The system shall be able to display a printable summary for individual nursing students which will include (but not be limited to) student name student ID admission date classes credits GPA and the cohort that the student is enrolled in.',0,dataset_raw.csv
Admin shall be able to add or remove recycling facility information to ensure users have access to the most recent information.,0,Dataset6000Req.xlsx
The system shall be reusable for each new semester.,1,Dataset6000Req.xlsx
'The system shall be expected to manage the nursing program curriculum and class/clinical scheduling for a minimum of 5 years.',1,dataset_raw.csv
System shall ensure efficient email communication for trainers via the website.,1,Dataset6000Req.xlsx
"User shall access the system 24/7, with planned maintenance during off-peak hours.",1,Dataset6000Req.xlsx
Quick employer registration shall be possible using email and password.,0,Dataset6000Req.xlsx
System shall list all sellers offering a common product and prioritize them based on the percentage of discount.,0,Dataset6000Req.xlsx
"The system shall be able to define and manage various type of messages already in the drivers smart card holder like predelivery check, stolen/lost cards, renewals, exchanges and duplicates",0,Dataset6000Req.xlsx
The product shall be used in office environments.,1,Dataset6000Req.xlsx
"System must authenticate users with the correct username and password before allowing full access, ensuring database safety and secure payments.",1,Dataset6000Req.xlsx
System shall display a detailed invoice for the current order once confirmed.,0,Dataset6000Req.xlsx
The system shall be scalable to support at least 200 concurrent connections (P1).,1,Dataset6000Req.xlsx
'Izogn Administrator must be able to add new products to the website within 2 minutes.',1,dataset_raw.csv
System shall be able to display relevant error messages and take corrective action.,0,Dataset6000Req.xlsx
The system shall allow processing of medicine orders by patients.,0,Dataset6000Req.xlsx
User shall be able to access their bank account through Freecharge.,0,Dataset6000Req.xlsx
The user shall be able to add a new academic year/term to add the exam.,0,Dataset6000Req.xlsx
'Program Administrators/Nursing Staff Members shall have the ability to modify information relating to a Nursing Student including student ID student name phone number e-mail status (full time or part time) and program of study.',0,dataset_raw.csv
'The product shall store new conference rooms.',0,dataset_raw.csv
"System shall verify user input from the database and proceed accordingly, logging the user into the home page.",0,Dataset6000Req.xlsx
The system shall allow the mediator to negotiate a location / equipment.,0,Dataset6000Req.xlsx
"User shall integrate the app with communication platforms for real-time translation of conversations, chat messages, and social media posts.",0,Dataset6000Req.xlsx
The website shall utilize HTTPS protocol to enhance security during data transmission.,1,Dataset6000Req.xlsx
The application shall score the user globally to provide motivation.,0,Dataset6000Req.xlsx
System shall validate the information provided by the user using JavaScript on the client side.,0,Dataset6000Req.xlsx
The hardware and operating system shall be capable of supporting a screen resolution no greater than 320 x 240 pixels due to the small form factor.,0,Dataset6000Req.xlsx
"User shall be able to add, modify, or remove user data, with changes reflected successfully.",0,Dataset6000Req.xlsx
The system shall display user-friendly map view results requiring a single click to select a pin.,0,Dataset6000Req.xlsx
System shall send an email to the user's verified email address with a verification code or link to set a new password.,0,Dataset6000Req.xlsx
User shall dissolve details from both tables into a single form or make them accessible from one form.,0,Dataset6000Req.xlsx
Error messages shall be descriptive and easily understandable.,1,Dataset6000Req.xlsx
Admin shall be able to CRUD items for restaurant.,0,Dataset6000Req.xlsx
Administrators shall be able to remove vertices from paths used in the route planner.,0,Dataset6000Req.xlsx
User shall be able to download videos by clicking the download button and view them afterward.,0,Dataset6000Req.xlsx
System shall feature an API for customers to build custom plug-ins.,0,Dataset6000Req.xlsx
The system shall record publication and unpublication events with details.,0,Dataset6000Req.xlsx
User shall have the ability to search for specific emails using keywords or filters.,0,Dataset6000Req.xlsx
Keyboard shall be weather resistant.,0,Dataset6000Req.xlsx
'The system shall able to operate within a business office environment typical of the Nursing Department at DePaul University.',1,dataset_raw.csv
System shall be designed with better component design to ensure better performance during peak times.,1,Dataset6000Req.xlsx
User shall have access to a database in a workable state.,0,Dataset6000Req.xlsx
"When creating a new session, the session creator shall assign the session a name.",0,Dataset6000Req.xlsx
The system shall verify the entered login credentials (email/password) and grant access if valid.,0,Dataset6000Req.xlsx
The system shall be able to accept bulk entry files for data import.,0,Dataset6000Req.xlsx
System shall ensure that transactions reflect accurately in databases without any data loss.,1,Dataset6000Req.xlsx
The minimum installation requirements include server space of 500MB and 1GB for the database.,1,Dataset6000Req.xlsx
The system shall allow searching content using automatic speech recognition.,0,Dataset6000Req.xlsx
User shall create feedback forms within Neurohub for course feedback.,0,Dataset6000Req.xlsx
System shall meet performance expectations in terms of page load times and responsiveness.,1,Dataset6000Req.xlsx
"Passwords must meet specific criteria, including a minimum length of 8 characters, at least one uppercase character, one digit, and one special symbol.",1,Dataset6000Req.xlsx
"User shall be able to delete a symptom, only if no consultation request has ever used it.",0,Dataset6000Req.xlsx
The system shall allow publishers to access previous tagged versions of data packages.,0,Dataset6000Req.xlsx
The system shall define data formats accepted for deposit.,0,Dataset6000Req.xlsx
Customers shall browse categories and products easily.,0,Dataset6000Req.xlsx
The user shall be able to select start and end dates of the Term.,0,Dataset6000Req.xlsx
"User shall be able to ask questions to agricultural experts by entering a question and additional information, which will be stored in the database for further processing.",0,Dataset6000Req.xlsx
The administrator shall have the ability to edit a user's system access properties.,1,Dataset6000Req.xlsx
The system shall allow users to sign up via GitHub or Google.,0,Dataset6000Req.xlsx
Dr Susan Poslusny and Dr Julie Donalek are the only people who shall have access to students personal information.,1,Dataset6000Req.xlsx
The user shall be able to select a subject from the Subject drop-down menu when creating a new task.,0,Dataset6000Req.xlsx
"The system shall allow users to add general reference data (e.g., country names, inflation data) to their datasets.",0,Dataset6000Req.xlsx
The Khan Academy platform shall be easy to use for students and teachers with varying levels of technical experience.,1,Dataset6000Req.xlsx
The system shall be able to provide a generic error message when no relevant website is found.,0,Dataset6000Req.xlsx
'All business rules specified in the Disputes System shall be in compliance to the guidelines of Regulation E and Regulation Z.',1,dataset_raw.csv
The software will only be operational when a user is registered.,1,Dataset6000Req.xlsx
The system shall allow indicating external descriptions and versions of objects.,0,Dataset6000Req.xlsx
The system (PowerPoint) shall allow users to create and edit text content for slides.,0,Dataset6000Req.xlsx
Any APAF-generated intermediate files of ASPERA-3 and MEX OA cleaned-up telemetry shall be stored on a local SwRI archive.,0,Dataset6000Req.xlsx
Users shall be able to flag inappropriate content.,0,Dataset6000Req.xlsx
Faculties shall be able to upload lectures to the site for students to access.,0,Dataset6000Req.xlsx
The system shall be able to retrieve and display frequently accessed cases (within the last 2 months) within 5-8 seconds regardless of data volume.,1,Dataset6000Req.xlsx
The system shall provide a history report of changes made to the Activity or Event data,0,Dataset6000Req.xlsx
The system shall allow parents to track their child's activities and schedule at camp.,0,Dataset6000Req.xlsx
'The product shall comply with City of Chicago Application Development Guide Framework.Application Development Framework will provide structured Graphical User Interface.',1,dataset_raw.csv
User shall retrieve forgotten passwords by clicking on the password retrieval link.,0,Dataset6000Req.xlsx
User shall be able to create a patient profile.,0,Dataset6000Req.xlsx
System shall facilitate convenient payment processing for individual sponsorships.,1,Dataset6000Req.xlsx
User shall require approval from the university group for asset transfers outside the university.,0,Dataset6000Req.xlsx
Customer shall be able to favorite the restaurant.,0,Dataset6000Req.xlsx
System shall validate existing credit cards for returning customers after each login.,1,Dataset6000Req.xlsx
'The WCS system shall have the ability to include data for regions outside the United States and be accessed by users outside of the United States if approved by CCR management.',1,dataset_raw.csv
The Article Manager will run on the editor's PC and will utilize an Access database.,1,Dataset6000Req.xlsx
The system shall allow users to generate basic data summaries for Data Packages.,0,Dataset6000Req.xlsx
A customer shall be able to engage bill mode to finalise payment through their engaged menu.,0,Dataset6000Req.xlsx
The system shall allow deleting user accounts.,0,Dataset6000Req.xlsx
System shall save user feedback into the database and display a confirmation message.,0,Dataset6000Req.xlsx
A customer shall be able to add a wildcard special dietary requirement to an order in the case that their requirement is not represented by the system.,0,Dataset6000Req.xlsx
User shall be able to access the application from any web browser and hardware platform.,1,Dataset6000Req.xlsx
The system shall allow selecting an item for estimation or re-estimation.,0,Dataset6000Req.xlsx
The passport management website must be available 24 hours a day.,1,Dataset6000Req.xlsx
The system shall allow inspection supervisor to manage inspector workload to meet service level and quality requirements.,0,Dataset6000Req.xlsx
"A user shall be able to optionally provide a restaurant description, menu, type, picture, and mobile number to enhance their listing.",0,Dataset6000Req.xlsx
System shall check the information and apply the changes to the user's account.,0,Dataset6000Req.xlsx
System shall provide clear directions to summit venues.,1,Dataset6000Req.xlsx
The product shall adhere to corporate Architecture guidelines.,1,Dataset6000Req.xlsx
"Users shall be able to consult with doctors remotely by asking queries online, which can be answered by doctors or assured anonymous users, with the ability to choose the best solution from multiple answers.",0,Dataset6000Req.xlsx
User shall be able to open calendar view.,0,Dataset6000Req.xlsx
Program Administrators/Nursing Staff Members shall have the ability to modify information relating to cohorts including cohort identifier program of study preferred sequence of classes and quarters that a cohort will be taking specific classes.,0,Dataset6000Req.xlsx
Citizens can file complaints with the police.,0,Dataset6000Req.xlsx
User shall be able to delete emails from their inbox or other folders.,0,Dataset6000Req.xlsx
Customer shall able to cancel order and if cancelled money will be transferred to wallet to order food for next time(If Card Payment),0,Dataset6000Req.xlsx
The software shall be designed modularly to ensure efficient maintainability.,1,Dataset6000Req.xlsx
System shall provide clear information about the coding lounge.,1,Dataset6000Req.xlsx
Curators shall manage collections and set access permissions.,0,Dataset6000Req.xlsx
"The system shall respond to user actions promptly and efficiently, even with a large number of users and expenses.",1,Dataset6000Req.xlsx
System shall log the serial number in a log file.,0,Dataset6000Req.xlsx
'When a shot is marked as a hit the product shall simulate the sound of a shot hitting its target.',1,dataset_raw.csv
User shall be able to register by providing required details and receive a success message upon account creation.,0,Dataset6000Req.xlsx
System shall include a fast/slow motion editor for users to choose the best video speed.,0,Dataset6000Req.xlsx
"User shall receive visual support, especially when viewing lists, maps, or agendas.",0,Dataset6000Req.xlsx
The TCS shall be capable of storing a minimum of 500 mission plans under unique names to allow for later retrieval.,0,Dataset6000Req.xlsx
System shall automatically track work/class hours based on user's sign-in and sign-out timestamps.,0,Dataset6000Req.xlsx
Users shall be able to find and book appointments with doctors for checkups or treatments.,0,Dataset6000Req.xlsx
The system shall be able to continue processing of all correlator configuration/control events until the queues of parameters are exhausted and external communications are restored,1,Dataset6000Req.xlsx
User shall be able to search for cargo by entering the name and receive replies from admin for corresponding requests.,0,Dataset6000Req.xlsx
"System shall provide submission status (Accepted, Wrong Answer, Time Limit Exceeded, etc.) for the user's code solutions.",1,Dataset6000Req.xlsx
The TCS will have the capability to control and monitor the AV payload(s).,0,Dataset6000Req.xlsx
The system shall allow users to include visualizations within Data Packages.,0,Dataset6000Req.xlsx
Customer shall add products to their cart and proceed to checkout.,0,Dataset6000Req.xlsx
The code shall be accompanied by proper test cases to identify and address any errors during production.,1,Dataset6000Req.xlsx
User shall log in to Big Basket by entering mobile number and password.,0,Dataset6000Req.xlsx
'The system shall allow a user to define the time segments',0,dataset_raw.csv
"The system shall offer validation rules to ensure data entered meets specific criteria (e.g., positive numbers only).",0,Dataset6000Req.xlsx
User shall be able to view product details upon selection.,0,Dataset6000Req.xlsx
"If the password does not meet the criteria, system shall prompt ""Enter 8 characters"".",0,Dataset6000Req.xlsx
Admin shall be able to display top rated restaurant.,0,Dataset6000Req.xlsx
System shall not store user passwords in cookies on the customer’s computer.,1,Dataset6000Req.xlsx
User shall be able to create and update basic archival description information.,0,Dataset6000Req.xlsx
System shall ensure that responses to view information appear on the screen within 5 seconds.,1,Dataset6000Req.xlsx
The system shall display trainer ratings on their profile pages.,0,Dataset6000Req.xlsx
System shall display the most frequently searched items by the user in the profile.,0,Dataset6000Req.xlsx
"When creating a new session, the session creator shall be able to toggle whether the session is secure or not.",0,Dataset6000Req.xlsx
The system shall allow users to save new visualizations created within the platform.,0,Dataset6000Req.xlsx
The system shall accept the product identification parameter and new price for the product as input.,0,Dataset6000Req.xlsx
Users shall select the course and proceed to pay the fee.,0,Dataset6000Req.xlsx
The system shall allow users to create proxy Data Packages for reliable data sources.,0,Dataset6000Req.xlsx
'Any interface between a user and the automated system shall have a maximum response time of 5 seconds unless noted by an exception below.',1,dataset_raw.csv
The moderator shall be able to specify a time warning until the current phase is completed.,0,Dataset6000Req.xlsx
'The system shall be displayable on any work computer a CCR user may have. The system interface shall be formatted to display at 800 by 600 pixel resolution.',1,dataset_raw.csv
"If the account doesn't exist, the system shall prompt the user to sign in to create a Big Basket account.",0,Dataset6000Req.xlsx
System shall be able to indicate the current day on the calendar.,0,Dataset6000Req.xlsx
The system shall respond to user actions promptly and efficiently.,1,Dataset6000Req.xlsx
"User shall have the option to choose to view ""tatkaal"" or ""normal"" applicants.",0,Dataset6000Req.xlsx
System shall provide a secure environment for user interaction with the command-line interface.,1,Dataset6000Req.xlsx
The system shall provide a social messaging platform where users can create and manage groups with chat functionalities.,0,Dataset6000Req.xlsx
'The product shall be able to delete room equipment.',0,dataset_raw.csv
A de-clutter capability shall be provided that allows the operator to display only a selected number of the most significant threats.,0,Dataset6000Req.xlsx
"The system shall allow users to create new forms with various question types (e.g., multiple choice, Likert scale).",0,Dataset6000Req.xlsx
Restaurants shall be able to view orders placed by customers.,0,Dataset6000Req.xlsx
User shall be able to add an unlimited number of items.,0,Dataset6000Req.xlsx
"The system shall generate warning reports including warning number, source, rates (if applicable), and time stamp.",0,Dataset6000Req.xlsx
The system shall allow to Check the status of their transactions.,0,Dataset6000Req.xlsx
The user shall be able to view their list of classes.,0,Dataset6000Req.xlsx
System shall allow administrator to block any service by entering the name or selecting from a list.,0,Dataset6000Req.xlsx
'Customer shall be able to check the status of their prepaid card by entering in the PIN number in under 5 seconds.',1,dataset_raw.csv
The system shall allow users to edit scores using the keyboard.,0,Dataset6000Req.xlsx
"User shall be able to add a new chemist or lab, with only one lab allowed per pincode.",0,Dataset6000Req.xlsx
System shall be able to create a test environment of the web order system.,1,Dataset6000Req.xlsx
"User shall/will be able to open various types of accounts like savings, fixed deposit, etc.",0,Dataset6000Req.xlsx
VS Code shall require a full operating system when running in a virtual machine environment.,1,Dataset6000Req.xlsx
'The Disputes application shall interface with the Cardmember Information Database. The Cardmember Information Database provides detailed information with regard to a cardmember. All cardmember detail information must be obtained from the Cardmember Information Database.',1,dataset_raw.csv
The WCS system shall be available at all times as long as IBM's internal intranet W3 is accessible. The WCS system will be available 95% of the time IBM's internal intranet W3 is available.',1,dataset_raw.csv
'The product shall be able to process all transactions.The product shall process minimum of 1 million transactions per year.',1,dataset_raw.csv
The speed of the Reader's connection depends on their hardware rather than system characteristics.,1,Dataset6000Req.xlsx
Crafty kids corner shall have a modular architecture to easily add new features or expand functionality as needed.,1,Dataset6000Req.xlsx
The system shall allow curators to require authentication for object access.,0,Dataset6000Req.xlsx
WhatsApp shall distinguish between Wi-Fi and mobile data networks for media download operations.,0,Dataset6000Req.xlsx
"The system shall allow members to specify their role (Practitioner, Trainer, etc.).",0,Dataset6000Req.xlsx
"User shall add a new blog by filling out a form with title, description, and content, with validation ensuring data integrity.",0,Dataset6000Req.xlsx
'For each shot the product shall mark the shot as a hit or miss on the defensive grid of the defensive player.',0,dataset_raw.csv
Program Administrators/Nursing Staff Members shall be able to cancel a clinical lab section only if there are no students registered for that clinical lab section.,0,Dataset6000Req.xlsx
"TCS shall provide the capability for the operator to retrieve a mission plan for viewing, modification, as well as deletion at the operator's discretion [SSS071], and allow the operator to save the mission plan under a different name, for future retrieval",0,Dataset6000Req.xlsx
Continuous performance monitoring shall be in place to detect and address performance bottlenecks.,1,Dataset6000Req.xlsx
'System shall allow users to update their billing and contact information via the â€œMy Accountâ€ section of the website.',0,dataset_raw.csv
"System shall allow help-desk users to view reports on submitted defects or enhancement requests category-wise, status-wise, and age-wise.",1,Dataset6000Req.xlsx
System shall update the user's account after receiving a response from the ATM about money dispensed.,0,Dataset6000Req.xlsx
The system shall be able to display a report of needed classes for a given quarter for all cohorts of all programs for Program Administrators/Nursing Staff Members' planning purposes.',0,dataset_raw.csv
The system shall allow creating a new game with a name and optional description.,0,Dataset6000Req.xlsx
System shall ensure privacy while displaying attendee information to trainers.,1,Dataset6000Req.xlsx
"The CO will be able to play at 3 different ability levels: Beginner, Intermediate and Advanced.",0,Dataset6000Req.xlsx
'The verbiage used within the system shall be consistent with Standard English and the terminology of the national Nursing Community.',1,dataset_raw.csv
The system shall be reliable and function consistently with minimal downtime.,1,Dataset6000Req.xlsx
Delivery boy shall be able to receive rating from customers.,0,Dataset6000Req.xlsx
User shall be able to block system access for a user by entering their card number.,0,Dataset6000Req.xlsx
User shall have access to a videophone feature.,0,Dataset6000Req.xlsx
A Data Publishing User shall be able to hide a public dataset.,0,Dataset6000Req.xlsx
Employees shall be able to check online bookings.,0,Dataset6000Req.xlsx
Agency user shall know when the submission periods start and end.,0,Dataset6000Req.xlsx
User shall be able to log defects or enhancement requests and track them.,1,Dataset6000Req.xlsx
'The product shall continue to assign turns until the game is ended.',0,dataset_raw.csv
User shall be able to click on subcategories and videos to view all videos related to a specific category.,0,Dataset6000Req.xlsx
"Crafty kids corner shall implement measures to ensure the safety and privacy of users, particularly children, by adhering to relevant regulations and guidelines regarding online data protection.",0,Dataset6000Req.xlsx
The system shall be secure and protect user data with appropriate access controls.,1,Dataset6000Req.xlsx
The Khan Academy platform shall provide data and reports to help teachers monitor student progress.,1,Dataset6000Req.xlsx
A surface app page shall provide a customer with all customer system functionality.,0,Dataset6000Req.xlsx
System shall allow only admins to update the database.,1,Dataset6000Req.xlsx
"The user interface shall consist of six windows: Main window, configuration window, subsystems window, condition window, diagnostic information window, and diagnostic history window.",0,Dataset6000Req.xlsx
The MultiMahjongClient shall inform the user if the hand has ended in a draw.,0,Dataset6000Req.xlsx
The TCS shall provide the operator with a clearly indicated map scale.,0,Dataset6000Req.xlsx
User shall be able to create a new account by entering personal details.,0,Dataset6000Req.xlsx
"System shall provide a login window with fields for username and password, along with buttons for logging in and registering.",1,Dataset6000Req.xlsx
System design shall prioritize modularity to facilitate efficient maintenance.,1,Dataset6000Req.xlsx
System shall ensure the portability of the application across various operating systems and devices.,1,Dataset6000Req.xlsx
The user research plan shall test the user research plan.,1,Dataset6000Req.xlsx
"SplitPay will prioritize user safety by ensuring it doesn't interfere with other apps or data, and in the future, the application will warn users against using it when focus is critical.",1,Dataset6000Req.xlsx
System shall be able to allow new users to register and create accounts.,0,Dataset6000Req.xlsx
"The service shall be able to show the seating arrangement and available seats, allowing users to book the desired number of seats.",0,Dataset6000Req.xlsx
System shall be able to integrate with the internal system for user login and identification.,1,Dataset6000Req.xlsx
IT group members can create new spaces and modify floor structures upon exception request from any administrative level.,0,Dataset6000Req.xlsx
System shall tolerate existing datasets if their properties are different but compatible when creating a dataset as part of app deployment.,1,Dataset6000Req.xlsx
"System shall implement robust security measures to protect users' personal information, ensuring user data confidentiality and integrity.",1,Dataset6000Req.xlsx
The system shall able to operate within a business office environment typical of the Nursing Department at DePaul University.,1,Dataset6000Req.xlsx
The system shall allow staff members to send formal responses to applicants.,0,Dataset6000Req.xlsx
'Only adjusters can request recycled parts audit reports. No users without an adjuster role shall request recycled parts audits.',1,dataset_raw.csv
System shall support dataset deposition and management via SWORD2 API for interoperability.,1,Dataset6000Req.xlsx
The product shall be translated into foreign languages other than the target market countries' languages in future releases. For each emerging target market it shall take no more than 5 days to configure the product for that market's language.',1,dataset_raw.csv
System shall display both active and completed order history in the customer profile.,0,Dataset6000Req.xlsx
System shall display all data for pending passport approvals.,0,Dataset6000Req.xlsx
'The product shall display room equipment according to search parameters.',0,dataset_raw.csv
System shall provide a user-friendly interface for viewing sponsors and user profiles.,1,Dataset6000Req.xlsx
The user shall be able to enter their Room number for the exam.,0,Dataset6000Req.xlsx
The system shall confirm deletion of the selected task.,0,Dataset6000Req.xlsx
"A Drexel University Web API is being designed to answer questions about campus facilities, staff, policies, dining, and food trucks, with accuracy ranging from 40% for food trucks to 80% for generic question construction.",1,Dataset6000Req.xlsx
User shall/will be informed in advance of scheduled maintenance to minimize downtime.,1,Dataset6000Req.xlsx
'Product shall allow entering storing and modifying product menus used by POS terminals.',0,dataset_raw.csv
System shall ensure data security and privacy by encrypting emails and implementing robust authentication mechanisms.,0,Dataset6000Req.xlsx
Customer Shall be able to login or skip from registration to enter the menu dashboard.,0,Dataset6000Req.xlsx
"The TCS shall have the capability to load a map onto the display, to zoom in and out, to scroll, to print, and to clear a map on the map display.",0,Dataset6000Req.xlsx
The system shall enforce data privacy and confidentiality measures to protect sensitive information handled within the command-line interface.,1,Dataset6000Req.xlsx
The system shall be compatible with Windows CE and Palm operating systems.,1,Dataset6000Req.xlsx
Delivery boy shall be able to receive payment if order is done with cash.,0,Dataset6000Req.xlsx
"System shall allow authorized personnel within the same department to update the database directly, adhering to established access controls.",0,Dataset6000Req.xlsx
User shall explore a dataset instance of a type deployed as part of an app.,0,Dataset6000Req.xlsx
User shall be able to interact with the text-based command-line interface of the system.,1,Dataset6000Req.xlsx
The system shall allow curators to compose collections based on various criteria.,0,Dataset6000Req.xlsx
The system shall automatically validate ingested content for copyright infringement.,0,Dataset6000Req.xlsx
Workers shall be able to change their passwords.,0,Dataset6000Req.xlsx
User shall confirm orders from the shopping bag to proceed with the purchase.,0,Dataset6000Req.xlsx
"User shall have ALFRED installed on all their computers, tablets, and phones.",0,Dataset6000Req.xlsx
'A list of all disputes cases that meet the entered search criteria must be provided to the user. The list of cases must differentiate the type and/or status of the case by color -coding the line item in the list. For example all open cases will be yellow and all closed cases will be gray.',1,dataset_raw.csv
The system shall be able to dynamically load new maps in response to each user request.,0,Dataset6000Req.xlsx
"Social travel application shall allow users to select, define, record, or import routes.",0,Dataset6000Req.xlsx
Admin shall be able to facilitate contact between delivery boys and restaurants to replace or cancel orders if items are unavailable.,0,Dataset6000Req.xlsx
User shall monitor examination progress and view candidate responses.,0,Dataset6000Req.xlsx
System shall ensure that all requirements outlined for the Online Matrimonial Portal are correctly implemented and operational.,1,Dataset6000Req.xlsx
The minimum processor clock speed shall be 2 GHz.,1,Dataset6000Req.xlsx
"A Data Consuming User shall be able to filter, sort, and aggregate data.",0,Dataset6000Req.xlsx
User shall be able to offer withdrawal transactions.,0,Dataset6000Req.xlsx
System shall display a successful message if permissions are granted or proceed without retrieving social media information if permissions are denied.,0,Dataset6000Req.xlsx
User accessibility and information must be secured through appropriate measures.,1,Dataset6000Req.xlsx
System shall facilitate collaboration and data sharing among project stakeholders.,1,Dataset6000Req.xlsx
Software tools and pre-built applications that do not have source code available shall come with a complete diagnostic package and customer support.,1,Dataset6000Req.xlsx
System shall be able to delete user location information nightly via a cron job.,0,Dataset6000Req.xlsx
System shall validate email and phone numbers during signup to ensure uniqueness.,1,Dataset6000Req.xlsx
The system shall print a formatted bill for the customer.,0,Dataset6000Req.xlsx
The THEMAS system shall be able to monitor temperature by comparing reported values to settings and detecting any exceeding of specified limits.,0,Dataset6000Req.xlsx
"Registered patients shall have the ability to raise consultation requests, with options for appointment and offline consultation.",0,Dataset6000Req.xlsx
Admin shall be able to display offers for specific restaurant.,0,Dataset6000Req.xlsx
Users shall be verified upon logging in LDAP.,0,Dataset6000Req.xlsx
System shall display an error message if the device is not connected to a network and terminate the application.,0,Dataset6000Req.xlsx
The system shall handle online payments through payment gateways using 128 SSL encryption.,1,Dataset6000Req.xlsx
User shall be able to view the updated date and time in the header information box.,0,Dataset6000Req.xlsx
Shop owners shall obtain permission from the administrator before selling their products on the site.,0,Dataset6000Req.xlsx
User shall be able to reply to incoming messages through the system.,0,Dataset6000Req.xlsx
System shall output alarm data and record alarm events for system monitoring.,0,Dataset6000Req.xlsx
Users shall view trending and new stocks on a weekly basis.,0,Dataset6000Req.xlsx
System shall enforce security protocols to safeguard data and operations.,1,Dataset6000Req.xlsx
'One insurance company shall not be able to view another insurance companys claim data.',1,dataset_raw.csv
System shall assist sellers in keeping a list of products and their information in their profile.,0,Dataset6000Req.xlsx
System shall display new government notifications related to LPG.,1,Dataset6000Req.xlsx
"System shall save the application status as ""Payment Pending"" in the database.",0,Dataset6000Req.xlsx
The user shall be able to choose a dish from a list and see results on a map.,0,Dataset6000Req.xlsx
"User shall have access to video editing effects including background blur, video speed adjustment, fade in and out, animated texts and fonts, GIFs, Giphy video stickers, and a music editor.",0,Dataset6000Req.xlsx
'The leads washing functionality will use the parameters supplied by corporate and schools to score part of the lead.',0,dataset_raw.csv
"User shall be able to process data, reloading if necessary, and accurately handle attributes for recommendations.",0,Dataset6000Req.xlsx
The system shall maintain responsiveness during peak usage with minimal loading times for ebook browsing and opening.,1,Dataset6000Req.xlsx
System shall reassure funding bodies of robust archival plans for funded research data to justify investments.,1,Dataset6000Req.xlsx
User shall receive information about the number of rows to be published before deciding whether to publish for informed decision-making.,1,Dataset6000Req.xlsx
"In the event of a system crash, it shall return to operation within one hour for maintainability.",1,Dataset6000Req.xlsx
'The product shall be installed by an untrained realtor without recourse to separately-printed instructions.',1,dataset_raw.csv
System shall display a stylistic map view in the application.,0,Dataset6000Req.xlsx
A Data Publishing User shall be able to edit the data source of imported data.,0,Dataset6000Req.xlsx
"User shall be guided to a login page after successfully registering, where they can enter their credentials to access the application.",0,Dataset6000Req.xlsx
The system shall authenticate users using their account credentials.,0,Dataset6000Req.xlsx
System shall enable depositors to specify and apply licenses to datasets during deposition.,0,Dataset6000Req.xlsx
"Admin shall be able to manage teams, including creating a unique ID for each team and managing team details.",0,Dataset6000Req.xlsx
The system shall allow archivists to automatically assign unique identifiers and embed metadata in files.,0,Dataset6000Req.xlsx
'The WCS system shall be run in a Windows environment. The WCS shall be accessed by users through the Internet on an IBM computer running a Windows 2000 or above operating system.',1,dataset_raw.csv
User's will be able to change their icons/pictures and names during the game.,0,Dataset6000Req.xlsx
"All math/science application software shall take optimal advantage of all language, compiler, and system computational features and resources to reduce run times to the minimum practical level.",1,Dataset6000Req.xlsx
A customer shall be able to create an empty pending order through their engaged menu.,0,Dataset6000Req.xlsx
"The operator shall have the capability to initiate as well as change, to include as a minimum manual override, UAV navigation methods by sending the proper control commands to the UAV.",0,Dataset6000Req.xlsx
System shall facilitate data citation and attribution to promote research integrity and transparency.,1,Dataset6000Req.xlsx
User passwords shall contain a minimum of 8 characters.,1,Dataset6000Req.xlsx
Customer shall be able to receive delivery boy details once the order is picked up.,0,Dataset6000Req.xlsx
"If a network connection is lost during roll, the program shall allow the instructor to transmit roll information at a later time.",1,Dataset6000Req.xlsx
"The system should maintain high availability, ensuring uninterrupted operation at all times.",1,Dataset6000Req.xlsx
Admin shall be able to block specific users based on IP address to prevent spamming.,1,Dataset6000Req.xlsx
'The average number of recycled parts records per day shall be 50 000.',1,dataset_raw.csv
'The product shall send a meeting confirmation to the meeting organizer.',0,dataset_raw.csv
Only authorized users shall have access to the portion of the system that interfaces with CampusConnect.,1,Dataset6000Req.xlsx
"The system shall be available at all times, only restricted by server downtime, and show a replacement page in case of hardware failure or database corruption.",1,Dataset6000Req.xlsx
"If no network connection can be established to receive roll information, the instructor shall be allowed to enter roll later.",1,Dataset6000Req.xlsx
The graphics card compatibility with minimum requirements shall allow full utilization of Adobe Illustrator's capabilities (benefit).,1,Dataset6000Req.xlsx
"Students shall be able to participate in forums, blogs, and discussions.",0,Dataset6000Req.xlsx
'The maximum wait time for a user navigating from one screen to another within the Disputes application shall be no more than 5 seconds.',1,dataset_raw.csv
System shall be able to display a walking tour page when the user clicks a Walking Tour link.,0,Dataset6000Req.xlsx
User shall experience high data transfer rate and uninterrupted connections while using the system.,1,Dataset6000Req.xlsx
System front end shall be developed using Java.,1,Dataset6000Req.xlsx
User shall view overall result rankings for examinations.,0,Dataset6000Req.xlsx
"User shall be able to receive help with queries by clicking ""Help"" and receive assistance.",0,Dataset6000Req.xlsx
The system shall use the organization's standard virus protection software to help monitor threats to itself.',1,dataset_raw.csv
"The system shall achieve 99% availability during the first six months of operation, excluding non-business hours.",1,Dataset6000Req.xlsx
"The user can manipulate and view fee details, including tuition fees, exam fees, and donation fees.",0,Dataset6000Req.xlsx
System shall only provide security for the computer and devices belonging to the user.,0,Dataset6000Req.xlsx
System shall be able to show the location of a selected employee's office on the map view.,0,Dataset6000Req.xlsx
System shall not function without an internet connection.,0,Dataset6000Req.xlsx
System shall provide high-quality images and clear quality video calling for an optimal user experience.,1,Dataset6000Req.xlsx
The system shall move the request to the Approval Workflow upon clicking the Approve Button.,0,Dataset6000Req.xlsx
System shall maintain response time under 100 milliseconds for normal workload conditions.,1,Dataset6000Req.xlsx
"The LMS shall store all information about librarians and patrons, including their access keys and priority.",0,Dataset6000Req.xlsx
A content editor shall be able to add videos from Brightcove.,0,Dataset6000Req.xlsx
User shall be able to drag the chosen object and rotate the chosen mirror in the ingame screen.,0,Dataset6000Req.xlsx
"Tasks shall be CRUDable (Create, Read, Update, Delete) across Windows PC, mobile apps (future implementation), and car systems (future implementation), with primary focus on the Windows PC experience.",1,Dataset6000Req.xlsx
"The system code shall be written for future upgrades, documented, and fully commented.",1,Dataset6000Req.xlsx
'Each page shall contain a similar format with action items in one location and navigation buttons in a different location.',1,dataset_raw.csv
The system shall allow staff members to capture hearing decisions for enforcement.,0,Dataset6000Req.xlsx
User shall be able to list all pending applied passports date wise.,0,Dataset6000Req.xlsx
"User shall be able to delete a doctor, only if no new patient consultation requests are pending.",0,Dataset6000Req.xlsx
The system shall notify customers about the status of their insurance policies.,0,Dataset6000Req.xlsx
The system shall be able to display a printable summary for individual clinical labs which will include (but not be limited to) class name class number lab section listing of students enrolled instructor day(s) time and location.,0,Dataset6000Req.xlsx
The user shall be contactable by both electronic and paper mail.,1,Dataset6000Req.xlsx
User shall be able to ensure security for the central system and its software.,0,Dataset6000Req.xlsx
'The product shall operate with every platform.The product shall accommodate any new technology without any change in its architecture.',1,dataset_raw.csv
User shall be able to log out by pressing the log out button.,0,Dataset6000Req.xlsx
Tester shall ensure FABS properly derives fields through robust testing for accurate data processing.,1,Dataset6000Req.xlsx
System shall allow browsing collections and viewing metadata.,0,Dataset6000Req.xlsx
'The CMA report shall be returned no later 60 seconds after the user has entered the CMA report criteria.',1,dataset_raw.csv
Users can view full property details.,0,Dataset6000Req.xlsx
Only adjusters can request recycled parts audit reports.,1,Dataset6000Req.xlsx
System shall keep error tracking logs to aid users.,1,Dataset6000Req.xlsx
The system shall allow applicants to resubmit revised plans.,0,Dataset6000Req.xlsx
The system shall be highly available and accessible for data access and management.,1,Dataset6000Req.xlsx
System shall utilize Mapbox APIs to display locations of properties on the map.,0,Dataset6000Req.xlsx
"Crafty kids corner shall incorporate educational elements into activities to promote learning in areas like fine motor skills, creativity, problem-solving, and cultural awareness.",0,Dataset6000Req.xlsx
"User shall be able to sign up by entering their name, email, contact number, and password, receiving a confirmation code on their contact number.",0,Dataset6000Req.xlsx
The system shall save user data frequently and offer options for automatic backups to minimize data loss.,1,Dataset6000Req.xlsx
The software output shall be viewable in a web browser.,1,Dataset6000Req.xlsx
'Movies shall be encoded for 56k and 256k streams.',1,dataset_raw.csv
A tablet shall allow a waiter to process a payment using cash.,0,Dataset6000Req.xlsx
System shall promote the use of open standards for deposition to maximize data reusability.,1,Dataset6000Req.xlsx
"On-campus dining locations, hours, food types, etc. will have accuracy greater than 50%.",1,Dataset6000Req.xlsx
'The Disputes System must prevent users from accessing any dispute cases that do not belong to their cardholder base.',1,dataset_raw.csv
The BE shall periodically or upon request check Backend physical processors and assure that all needed processors are alive and responding,1,Dataset6000Req.xlsx
Professional appearance of the product is required.,1,Dataset6000Req.xlsx
The system shall automatically compress image files that are too large in size.,1,Dataset6000Req.xlsx
Users will be able to turn the sound on or off at any stage during the game.,0,Dataset6000Req.xlsx
'The product shall synchronize contacts and appointments in an acceptable time.',1,dataset_raw.csv
The system shall be able to add a new dish to the list upon creation by an administrator.,0,Dataset6000Req.xlsx
User shall be able to reset all options and user variables to defaults.,1,Dataset6000Req.xlsx
System shall provide necessary security measures during online payments to maintain user privacy and integrity.,1,Dataset6000Req.xlsx
System shall verify the entered credentials in the database.,0,Dataset6000Req.xlsx
The user shall be able to see their overall score and a plot conclusion to their answers to key story questions.,0,Dataset6000Req.xlsx
"The Twitter ""tweet"" interface shall be according to the Twitter Guidelines.",1,Dataset6000Req.xlsx
The software shall display information on a monitor screen.,1,Dataset6000Req.xlsx
Agency user shall have a better understanding of file-level errors to streamline data submission processes.,1,Dataset6000Req.xlsx
The system shall validate a new user's account upon registration.,0,Dataset6000Req.xlsx
The system shall allow staff members to issue development-related permits.,0,Dataset6000Req.xlsx
Users shall be able to register with PRACTO using valid information and log in using their credentials to access PRACTO services.,0,Dataset6000Req.xlsx
System shall compare reported temperature to temperature setting to detect temperature limit exceedance.,0,Dataset6000Req.xlsx
An API User shall be able to use HASC codes for data visualization.,0,Dataset6000Req.xlsx
"The application shall be HTML and scripting language-based, allowing end users to use the system on any web browser and any hardware platform available now or in the future.",1,Dataset6000Req.xlsx
"System shall check the information and process the request, providing regular updates on those interests.",0,Dataset6000Req.xlsx
System shall be able to handle and support the total number of students enrolled in CSUN.,1,Dataset6000Req.xlsx
Client shall change password.,0,Dataset6000Req.xlsx
'The system shall generate an audit report based on the available recycled parts and the collision estimate.',0,dataset_raw.csv
The system shall allow students to share resources through forums.,0,Dataset6000Req.xlsx
System shall support backend changes for managing enum lists efficiently and reliably.,1,Dataset6000Req.xlsx
System shall support custom importer development for flexible data import options.,1,Dataset6000Req.xlsx
System shall be able to check if system resources are below a threshold and display an error message if so.,0,Dataset6000Req.xlsx
"System shall enable users to track the status of their deliveries by entering relevant details such as name, age, mobile number, and address.",0,Dataset6000Req.xlsx
The system shall support a dedicated graphics card (GPU) for rendering complex graphics and smooth on-screen navigation.,1,Dataset6000Req.xlsx
A maximum of 10 Free Users shall be allowed in Webble with limited access to features.,1,Dataset6000Req.xlsx
User shall be able to search for restaurants by price range (minimum and maximum) with results displayed in a list view by default.,0,Dataset6000Req.xlsx
System shall offer a comprehensive view of signed-up trainings for users.,1,Dataset6000Req.xlsx
User shall be able to select their availability (employee function).,0,Dataset6000Req.xlsx
"If a movie is selected, there shall be a list of all theatres in that city where it is playing, along with show times.",0,Dataset6000Req.xlsx
System shall provide a user-friendly interface for seamless interaction.,1,Dataset6000Req.xlsx
User shall attach non-attached files to a log book page and receive alerts for unattached files.,0,Dataset6000Req.xlsx
"Upon submission, the system shall validate and check for duplicate or invalid entries.",0,Dataset6000Req.xlsx
User shall be able to initiate user password verification.,0,Dataset6000Req.xlsx
The system shall allow visitors to post comments on articles.,0,Dataset6000Req.xlsx
The system shall allow customers to create user accounts for the customer portal to perform authorized transactions.,0,Dataset6000Req.xlsx
"The TCS shall have the capability to import as well as create and modify map display overlays for fire support coordination measures [SSS547], airspace control measures [SSS548], and threat identification measures. [SSS060]",0,Dataset6000Req.xlsx
System shall inform the user of failed login attempts due to incorrect credentials.,0,Dataset6000Req.xlsx
There shall be no data loss or loss of data integrity during share buying or selling transactions.,1,Dataset6000Req.xlsx
User shall enter a valid username to continue using the application.,0,Dataset6000Req.xlsx
The system shall facilitate conversations between the user and the selected doctor for consultation.,0,Dataset6000Req.xlsx
The content shall be categorized and easily searchable.,0,Dataset6000Req.xlsx
Flagged ideas shall go to a separate moderator page for resolution.,0,Dataset6000Req.xlsx
User shall rely on critical system components with a Mean Time Between Failures (MTBF) exceeding 30 days.,1,Dataset6000Req.xlsx
"The system shall offer a wide range of functions for calculations, data analysis, and manipulation (e.g., SUM, AVERAGE, VLOOKUP).",0,Dataset6000Req.xlsx
Systems shall display password fields such that characters entered by the user are not visible.,1,Dataset6000Req.xlsx
The user shall be able to do payment with a secured bank payment mode.,1,Dataset6000Req.xlsx
"Response time for system operations shall be less than 1 second, except for internet-dependent functions.",1,Dataset6000Req.xlsx
"User shall be able to create and participate in group chats, with options for various forms of communication and information exchange.",0,Dataset6000Req.xlsx
'100% of merchant services representatives shall be able to successfully perform a follow up action on a dispute case on the first encounter after completing the training course.',1,dataset_raw.csv
Users shall be able to completely reset their lists of classes and assignments.,0,Dataset6000Req.xlsx
The system shall provide a high-quality display with accurate color reproduction and high resolution.,1,Dataset6000Req.xlsx
The system must be bolted to the floor to prevent theft.,1,Dataset6000Req.xlsx
"Administrators shall be able to add POIs associated with a specific building, floor, and room number.",0,Dataset6000Req.xlsx
The default language of insErtion will be English.,0,Dataset6000Req.xlsx
System shall confirm successful attendance marking.,0,Dataset6000Req.xlsx
The application shall operate without unexpected crashes or errors during use.,1,Dataset6000Req.xlsx
The system shall allow curators to set embargo dates and access permissions for collections and items.,0,Dataset6000Req.xlsx
User shall access the discussion forum section.,0,Dataset6000Req.xlsx
The overall accuracy is calculated by dividing total number of correct answers by the number of questions asked.,1,Dataset6000Req.xlsx
System shall facilitate the import of administrative data to streamline DMP creation.,0,Dataset6000Req.xlsx
System shall keep history of course bookings.,0,Dataset6000Req.xlsx
The passport management website should provide maximal security.,1,Dataset6000Req.xlsx
A Program of Study shall consist of a program name and listing of required classes (both clinical and non-clinical) that must be completed.,0,Dataset6000Req.xlsx
System shall accept file deposits without requiring complex format conversion and support direct submission of files.,0,Dataset6000Req.xlsx
User shall have view access capability for authorized users within the Disputes System.,0,Dataset6000Req.xlsx
The user shall be able to download appointments and contact information for clients.,0,Dataset6000Req.xlsx
System shall enable users to track submitted defect or enhancement requests.,1,Dataset6000Req.xlsx
The system shall show an indication when an estimator submits an estimate.,0,Dataset6000Req.xlsx
User shall be able to request an exchange for an available item by offering items they already have.,0,Dataset6000Req.xlsx
A Moderator shall be able to assign a number of votes for participants.,0,Dataset6000Req.xlsx
"User shall log in using a username and password, with successful authentication redirecting to the respective home page.",0,Dataset6000Req.xlsx
User shall/will receive clear error messages and guidance in case of input errors.,1,Dataset6000Req.xlsx
The system shall be able to do encryption and decryption of data for password which is given by user for login.,1,Dataset6000Req.xlsx
The system shall be adaptable to different languages and currencies to cater to a global user base (optional).,1,Dataset6000Req.xlsx
"Upon successful registration, the system shall redirect the user to the validation page of the Admin on STM.",0,Dataset6000Req.xlsx
'The washing process must use a non binding neutral data format such as xml when receiving and processing lead data.',1,dataset_raw.csv
The search for the preferred repair facility should be completed within 8 seconds.,1,Dataset6000Req.xlsx
System shall provide CRUD functionality for archival descriptions.,0,Dataset6000Req.xlsx
The system shall use a commercial database and an application server to maintain the database and site.,1,Dataset6000Req.xlsx
The user shall be able to authenticate using a username and password.,0,Dataset6000Req.xlsx
"The subsystem window shall be modal to the building window, the condition window modal to the subsystem window, and the diagnostic history and diagnostic information windows shall be modal to the condition window.",0,Dataset6000Req.xlsx
"User shall be able to generate fee challans from the site, and the admin shall update fee details.",0,Dataset6000Req.xlsx
The system shall allow annotating news videos and assigning topics.,0,Dataset6000Req.xlsx
User shall be able to change profile settings or details.,0,Dataset6000Req.xlsx
The MultiMahjongServer shall act as a central relay for data between MultiMahjongClients.,0,Dataset6000Req.xlsx
System shall be able to develop the front end using Java and utilize MySQL for the back end.,1,Dataset6000Req.xlsx
Limits for CV views and alerts for abnormal user activity shall be configurable.,0,Dataset6000Req.xlsx
All graphics will be in 16 bit colour.,1,Dataset6000Req.xlsx
'Only registered customers can purchase streaming movies.',1,dataset_raw.csv
The system shall integrate with inventory to check stock availability and prevent overselling.,0,Dataset6000Req.xlsx
System shall be able to log the serial number and update the log file.,0,Dataset6000Req.xlsx
"The building, subsystems, and condition windows shall display the current time if the diagnostic tool is operating in real time.",0,Dataset6000Req.xlsx
The system shall allow users to view information concerning the available distributed location templates(if any).,0,Dataset6000Req.xlsx
'The product shall be able to handle 10 000 concurrent users within 2 years of the initial launch.',1,dataset_raw.csv
Adobe Illustrator shall support Apple Silicon (M1 and M2) processors starting from Datylon for Illustrator R46 onwards.,1,Dataset6000Req.xlsx
System shall maintain the book status as Rejected/Canceled if the administrator rejects the requested book.,0,Dataset6000Req.xlsx
User shall be able to select the payment method for the order.,0,Dataset6000Req.xlsx
"System shall encrypt data at rest and in transit to protect against unauthorized access, adhering to industry standards and regulations.",1,Dataset6000Req.xlsx
"The system shall be designed to be user-friendly, particularly for novice users.",0,Dataset6000Req.xlsx
The user shall be able to view details of a specific exam by tapping on it in the list.,0,Dataset6000Req.xlsx
User shall receive feedback when entering an invalid zip code.,0,Dataset6000Req.xlsx
The product must support Internet Explorer 5.5 and above.,1,Dataset6000Req.xlsx
User shall be required to input valid user ID and password to access the website.,0,Dataset6000Req.xlsx
Customers shall add products to the shopping cart.,0,Dataset6000Req.xlsx
The system shall be able to maintain a list of generic words associated with potential user queries.,0,Dataset6000Req.xlsx
User shall toggle between online and offline modes within the app settings to manage connectivity preferences based on environment and usage requirements.,0,Dataset6000Req.xlsx
The system shall allow users to create boards by providing a name for the board.,0,Dataset6000Req.xlsx
System shall generate reports on operational history and statistical summaries.,0,Dataset6000Req.xlsx
All of the users shall be able to use the system after one day of training.,1,Dataset6000Req.xlsx
The system shall provide a Linked Data interface for repository data.,0,Dataset6000Req.xlsx
A tablet shall require a user to log in using a username and password.,1,Dataset6000Req.xlsx
The system shall allow the mediator to solve a date conflict.,0,Dataset6000Req.xlsx
The system should be accessible on various devices (mobile app implies mobile accessibility).,1,Dataset6000Req.xlsx
"The system shall generate analytics and reports for healthcare providers, including patient demographics, appointment statistics, and EHR insights.",0,Dataset6000Req.xlsx
System shall be able to function with a minimum of 512MB RAM.,1,Dataset6000Req.xlsx
Program Administrators and Nursing Staff Members shall be able to add new classes to a sequence of classes.,0,Dataset6000Req.xlsx
The system shall allow users to collaborate on presentations by sharing and editing them with others.,0,Dataset6000Req.xlsx
System will display a message confirming that the password has been created successfully.,0,Dataset6000Req.xlsx
System shall be testable.,1,Dataset6000Req.xlsx
User shall use the barcode scanner feature to retrieve detailed information about food products by scanning their barcodes.,0,Dataset6000Req.xlsx
System must support concurrent access by up to 1000 users simultaneously.,1,Dataset6000Req.xlsx
User satisfaction with the product is targeted at 85%.,1,Dataset6000Req.xlsx
User shall be able to set up email signatures to be automatically added to outgoing emails.,0,Dataset6000Req.xlsx
The system shall integrate with Fedora 4 event auditing services (if feasible).,0,Dataset6000Req.xlsx
System shall ensure stability and accuracy in acceptance tests for ALFRED.,1,Dataset6000Req.xlsx
User shall be able to log in to theaa.com by providing a valid user ID and password.,0,Dataset6000Req.xlsx
The system shall be able to offer users alternative ways to navigate to the same content.,1,Dataset6000Req.xlsx
Customers shall cancel the billing process by card using the bill mode.,0,Dataset6000Req.xlsx
'If the leads score falls within the medium average then it will be set for manual verification by an Enrollment Coordinator through the eleads system.',0,dataset_raw.csv
The system shall provide administrators with user activity reports.,0,Dataset6000Req.xlsx
System shall display reports indicating whether students meet the specified eligibility criteria for exams.,0,Dataset6000Req.xlsx
System shall be able to search for a certain building on the campus of the TU/e by name.,0,Dataset6000Req.xlsx
"System shall provide a search engine allowing users to search for books by book name, subject, author, and publisher.",0,Dataset6000Req.xlsx
System shall be able to maintain data security.,1,Dataset6000Req.xlsx
'The product shall allow an organizer to invite other employees to meetings.',0,dataset_raw.csv
User shall experience smoother page transitions with AJAX-enabled asynchronous page postbacks.,1,Dataset6000Req.xlsx
"User shall be able to register for a summit, to reserve a seat.",0,Dataset6000Req.xlsx
User shall/will be able to update data.,0,Dataset6000Req.xlsx
System shall send an invalid serial key message to the device if the password is invalid.,0,Dataset6000Req.xlsx
The system shall allow staff members to assign applications for detailed review.,0,Dataset6000Req.xlsx
System shall validate credit cards against fraud.,1,Dataset6000Req.xlsx
The system shall have a fast scanning and conversion speed to minimize user wait time.,1,Dataset6000Req.xlsx
System shall maintain backward compatibility and smooth dependency installation for Ubuntu 10.04 LTS.,1,Dataset6000Req.xlsx
The adjuster shall enter the preferred repair facility on the estimate assignment.,0,Dataset6000Req.xlsx
"User shall be able to access registration forms for customers, agents, and employees.",0,Dataset6000Req.xlsx
The system may be equipped with a pricing plan and billing system.,1,Dataset6000Req.xlsx
"User shall/will be able to interact with the system using standard input/output devices including keyboard, monitor, printer, and scanner.",1,Dataset6000Req.xlsx
The response shall be fast enough to avoid interrupting the user's flow of thought. 90% of tasks shall complete within 5 seconds. 98% of tasks shall complete within 8 seconds.',1,dataset_raw.csv
System shall not cause harm to human users during its use.,1,Dataset6000Req.xlsx
The system shall confirm the successful creation of a new pin visible to all users.,0,Dataset6000Req.xlsx
System components shall be reusable in other applications.,1,Dataset6000Req.xlsx
System shall determine when reported temperature exceeds specified limits and generate appropriate alarms.,0,Dataset6000Req.xlsx
System shall update user stats in real time after every achievement or completed action for an enhanced gaming experience.,1,Dataset6000Req.xlsx
System shall display collection-level replication status.,0,Dataset6000Req.xlsx
System shall manage up to 10 terabytes of information in various formats.,1,Dataset6000Req.xlsx
The overall accuracy shall be calculated by dividing total number of correct answers by the number of questions asked.,1,Dataset6000Req.xlsx
User shall be able to access a help link to download and view the user manual if encountering difficulties in using the program.,0,Dataset6000Req.xlsx
"User shall be able to recover forgotten password by providing email or mobile number, entering verification code, and creating a new password successfully.",0,Dataset6000Req.xlsx
"All private data uploaded by users will be strictly confidential to other users, and users will be able to report suspicious activity to the security department.",1,Dataset6000Req.xlsx
"User shall enter a password, and the ATM shall verify the password and bank code with the bank's computer.",0,Dataset6000Req.xlsx
User shall be able to access the login screen.,0,Dataset6000Req.xlsx
System recommends using Google Chrome browser for best experience.,1,Dataset6000Req.xlsx
The system shall allow the mediator to send and receive messages from users.,0,Dataset6000Req.xlsx
The system shall provide a detail filling page.,0,Dataset6000Req.xlsx
"The system interfaces will be user-friendly, requiring no training for operation.",1,Dataset6000Req.xlsx
The GUI and other parts of the software shall be developed using JAVA and J2EE.,1,Dataset6000Req.xlsx
The product shall be web-based and must operate from a web server.,1,Dataset6000Req.xlsx
User shall be able to change the language of the system.,0,Dataset6000Req.xlsx
'The product shall have audit capabilities.The product shall store messages for a minimum of one year for audit and transaction tracking purposes.',1,dataset_raw.csv
"User shall be able to access the Catalogue PDF, 360° videos, and contact a representative using the sub navigation icons.",1,Dataset6000Req.xlsx
The tool shall input sensed data in real time from data acquisition devices and the HVAC unit under diagnosis.,0,Dataset6000Req.xlsx
'The application shall ask the user to confirm dropping a player or trading a player before performing the action.',0,dataset_raw.csv
'The ratings shall include categories for attempted use of recycled parts and actual use of recycled parts',0,dataset_raw.csv
Customers shall view nearby restaurants within a specified distance.,0,Dataset6000Req.xlsx
User shall be able to report errors encountered during system use.,1,Dataset6000Req.xlsx
"Upon successful login, the user shall be able to browse the catalogue, search for items, or navigate to the Videos and Contact Us sections.",0,Dataset6000Req.xlsx
System shall be able to allow customers to open different types of accounts.,0,Dataset6000Req.xlsx
Bank staff shall make entries regarding user bank account details.,1,Dataset6000Req.xlsx
A student cum staff shall view a page of information upon selection from the welcome screen options using a simple keypad.,0,Dataset6000Req.xlsx
System shall prompt customers to log out of the site after completing their purchases.,0,Dataset6000Req.xlsx
"The Teams app shall be designed for high availability, ensuring minimal disruption in case of individual service outages.",1,Dataset6000Req.xlsx
'Program Administrators and Nursing Staff Members shall be able to specify the preferred sequence of classes for a given cohort.',0,dataset_raw.csv
The system shall provide selection menus to minimize the need for manual typing of options.,1,Dataset6000Req.xlsx
System shall be able to allow selecting the to-location on the map.,0,Dataset6000Req.xlsx
"The system shall generate reports on sales, inventory, prescriptions dispensed, etc.",0,Dataset6000Req.xlsx
"The system shall support agent membership in multicast groups, allowing them to join and leave.",0,Dataset6000Req.xlsx
Admins shall be able to CRUD items for restaurants.,0,Dataset6000Req.xlsx
'A clinical class shall specify the course name lecture room requirements clinical site needs lecture instructor needs and clinical lab instructor needs.',0,dataset_raw.csv
"User shall be able to see how many seats are left for a summit, to ensure timely registration.",0,Dataset6000Req.xlsx
"When a button becomes active, it will use animation to get the user's attention.",0,Dataset6000Req.xlsx
A customer shall be able to remove an item from a pending order by dragging the item off the order.,0,Dataset6000Req.xlsx
A customer shall be able to disengage bill mode to cancel the billing process through their engaged menu.,0,Dataset6000Req.xlsx
"User shall/will be presented with a login screen featuring fields for username, password, and role selection (Administrator, Student, Teacher).",1,Dataset6000Req.xlsx
System shall display newly edited or added routes in the booking section.,0,Dataset6000Req.xlsx
The system shall perform automatic animal species and attribute pre-classification in Snapshot Serengeti.,0,Dataset6000Req.xlsx
System shall check vehicle availability for booking.,0,Dataset6000Req.xlsx
"The administrator shall have the ability to specify which diagnostic results will not be reported in any manner, i.e., not detected.",0,Dataset6000Req.xlsx
A Data Consuming User shall be able to download view state images.,0,Dataset6000Req.xlsx
Employee shall select availability.,0,Dataset6000Req.xlsx
User shall determine brokerage by multiplying transaction amount by brokerage percentage.,0,Dataset6000Req.xlsx
'The System shall allow entering storing and modifying product formulas.',0,dataset_raw.csv
The system shall allow staff members to manage affidavits to ensure compliance before hearings.,0,Dataset6000Req.xlsx
"User shall have a detailed activity log maintained, capturing actions such as logins, logouts, sales transactions, purchases, and any system operations.",0,Dataset6000Req.xlsx
"VS Code shall not support multiple simultaneous users on the same machine, including shared virtual desktops or pooled Windows/Linux Virtual Desktop host pools.",1,Dataset6000Req.xlsx
"User shall access a 7-day advance weather prediction for searched and stored cities, in addition to current weather data.",0,Dataset6000Req.xlsx
The system shall display the current item being estimated.,0,Dataset6000Req.xlsx
"Once the prompt disappears, the game shall start in the ingame screen with a two-dimensional environment where all objects rest on the ground.",0,Dataset6000Req.xlsx
System shall require purchase managers to obtain permission from the administrator before purchasing products.,0,Dataset6000Req.xlsx
The application shall be able to notify the user when an assignment is close to its due date.,0,Dataset6000Req.xlsx
The system shall display article teasers with links to the full articles.,0,Dataset6000Req.xlsx
"The system shall provide tools for sending bulk emails, creating customized emails, and tracking email performance.",0,Dataset6000Req.xlsx
The system shall ensure downloaded data is reliable and usable.,0,Dataset6000Req.xlsx
The product shall be capable of handling up to 1000 concurrent requests.,1,Dataset6000Req.xlsx
"User shall be able to store snaps, stories, and camera roll in a cloud-based platform accessible by swiping up from the camera screen.",0,Dataset6000Req.xlsx
Program Administrators and Nursing Staff Members shall be able to add a listing of students to a cohort.,0,Dataset6000Req.xlsx
'Program Administrators and Nursing Staff Members shall be able to add clinical classes or sections to a sequence of classes',0,dataset_raw.csv
System shall automatically populate relevant DMP fields with existing institutional data.,0,Dataset6000Req.xlsx
Verification of users signing up as astrologers must be ensured.,1,Dataset6000Req.xlsx
Customer care representatives shall provide feasible solutions to customers' complaints and queries.,0,Dataset6000Req.xlsx
The system shall enable securing data within spreadsheets using electronic signatures.,0,Dataset6000Req.xlsx
"The LMS shall allow searching for items by author, title, or keywords.",0,Dataset6000Req.xlsx
"By default, the page shall not auto scroll when new ideas are added into the list.",0,Dataset6000Req.xlsx
"Online registration and signup for memberships, job packages, postings, or resume database access shall be available.",0,Dataset6000Req.xlsx
'The system shall provide charts for the Activity or Event actual versus assumed time.',0,dataset_raw.csv
'For each shot the product shall notify the players whether the shot was a hit or miss.',0,dataset_raw.csv
System shall output valid temperature status if temperature data is within valid range.,0,Dataset6000Req.xlsx
There shall be a web server for the APAF system,1,Dataset6000Req.xlsx
"Users can search for available properties within their budget based on the area covered, city, location, price range, property type, property subtype, and purpose.",0,Dataset6000Req.xlsx
The system shall allow the user to change the password.,0,Dataset6000Req.xlsx
The MultiMahjongClient shall inform the user if another player goes Mahjong.,0,Dataset6000Req.xlsx
The system shall provide clear instructions and intuitive navigation for ease of use by all users.,1,Dataset6000Req.xlsx
The system shall only be available for the specified college.,1,Dataset6000Req.xlsx
The system shall be accessible through a compatible web browser on a computer or mobile device.,1,Dataset6000Req.xlsx
User shall toggle between English and Spanish languages using a switch located in the top right corner of every screen for enhanced accessibility.,0,Dataset6000Req.xlsx
User shall/will be able to perform online data entry (staff only).,0,Dataset6000Req.xlsx
System shall offer a comprehensive list of available summits for exploration.,1,Dataset6000Req.xlsx
Recycling facility representative shall access user stats and schedules to adjust operations.,0,Dataset6000Req.xlsx
User shall have a seamless browsing experience across all major web browsers.,1,Dataset6000Req.xlsx
The system shall send reminder emails to recruiters before job ad expiry.,0,Dataset6000Req.xlsx
The system shall allow administrators to control the visibility of specific metadata fields for different user groups.,0,Dataset6000Req.xlsx
The system shall store customer and prospect information in a centralized CRM database.,0,Dataset6000Req.xlsx
"System shall display options for Home, Trending, and Subscription upon selecting the navigation section.",0,Dataset6000Req.xlsx
System shall automatically log out inactive users.,1,Dataset6000Req.xlsx
The user shall be able to add the Time and Duration of their Class.,0,Dataset6000Req.xlsx
User shall be automatically logged out after a period of inactivity for security purposes.,1,Dataset6000Req.xlsx
"The Life Insurance System shall provide registration forms for customers, agents, and employees.",0,Dataset6000Req.xlsx
System shall email customers and vendors within 1 second.,1,Dataset6000Req.xlsx
A Data Consuming User shall have default visualizations for multi-year datasets.,0,Dataset6000Req.xlsx
A new stylistic map must have the right dimensions.,1,Dataset6000Req.xlsx
'The system shall be capable of processing 100% of nursing students and their classes for the next 10 years.',1,dataset_raw.csv
"Upon image editing completion, the edited image shall be saved.",0,Dataset6000Req.xlsx
User shall be able to manage Digital Objects.,0,Dataset6000Req.xlsx
The system shall be able to open and work with spreadsheets created in previous versions of Excel (with potential limitations).,1,Dataset6000Req.xlsx
The system shall provide comprehensive and readily accessible help documentation based on user feedback.,1,Dataset6000Req.xlsx
System shall comply with healthcare regulations as defined by the Government of India.,1,Dataset6000Req.xlsx
User shall be able to manage privacy and data settings.,0,Dataset6000Req.xlsx
The user shall be able to add a new subject to the Subject drop-down menu.,0,Dataset6000Req.xlsx
'The product shall display each type of ship in a grid using an image of the specific type of ship.',1,dataset_raw.csv
"Social travel application shall send intelligence to the cache with location, timestamp, and metadata.",0,Dataset6000Req.xlsx
User shall expect the database to update data in less than 1 second to ensure timely information retrieval.,1,Dataset6000Req.xlsx
The system shall be configurable to meet specific state requirements and keep data elements and rules up-to-date.,0,Dataset6000Req.xlsx
System shall restore 1000 records per second.,1,Dataset6000Req.xlsx
The BE shall be able to apply user selected frequency domain processes.,0,Dataset6000Req.xlsx
'The product shall allow a player to position ships horizontally on their grid.',0,dataset_raw.csv
The subscription will end if the user does not respond to the subscription package within the allotted time frame.,1,Dataset6000Req.xlsx
The program shall support taking roll for class sizes of up to 100 students while maintaining performance requirements.,1,Dataset6000Req.xlsx
"User shall be able to cut items by selecting them and clicking the ""Cut"" button.",0,Dataset6000Req.xlsx
"Users shall be able to reach the 'add' , drop', and 'trade player' pages with one click from the team owner's page.'",1,dataset_raw.csv
"The system shall be designed for high performance with optimized server queries, instantaneous screen transitions, and sub-second cost-division computation.",1,Dataset6000Req.xlsx
System shall retrieve current class attributes and allow edits. (Level 1),0,Dataset6000Req.xlsx
The site will be available to users 24/7.,1,Dataset6000Req.xlsx
User shall/will be able to view reports such as doctor-wise appointment files and revenue earned per month/quarter/year.,1,Dataset6000Req.xlsx
System shall be easy to use.,1,Dataset6000Req.xlsx
Managers shall be able to confirm when tasks have been completed.,0,Dataset6000Req.xlsx
The system shall allow users to access content files based on access permissions.,0,Dataset6000Req.xlsx
The system shall be secure and protect user data throughout the cloning process.,1,Dataset6000Req.xlsx
The system shall restrict the field to accept only numeric data entry.,0,Dataset6000Req.xlsx
Different commands for different functions shall be implemented to ensure reliability.,0,Dataset6000Req.xlsx
"System shall facilitate connections between agricultural product wholesalers and retailers, and farmers and other customers, allowing users to be redirected to the admin dashboard with a success message.",0,Dataset6000Req.xlsx
The system shall generate reports on storage consumption by financial contact.,0,Dataset6000Req.xlsx
User shall be able to view driver history (client function).,0,Dataset6000Req.xlsx
"The system will prioritize error-free expense splitting calculations while offering full app functionality offline, caching financial data until reconnected.",1,Dataset6000Req.xlsx
System shall utilize help bubbles for assistance.,1,Dataset6000Req.xlsx
"User shall view and edit personal details, payment information, and service details.",0,Dataset6000Req.xlsx
User shall access the intra mailing system concurrently with multiple users.,1,Dataset6000Req.xlsx
Password retrieval via email shall be automated.,0,Dataset6000Req.xlsx
'The Disputes application shall interface with the Statement Database. The Statement Database provides the transaction details to the Disputes System. All transaction details must be obtained from the Statement Database',1,dataset_raw.csv
User shall be able to view and update the details of an existing specialty.,0,Dataset6000Req.xlsx
"The system shall attempt to match user keywords with its database, displaying related queries and offering a direct contact option for zero matches.",0,Dataset6000Req.xlsx
JavaScript functions manage updating the cart based on user actions such as quantity adjustments or item removal.,0,Dataset6000Req.xlsx
System shall enable role-based access control to enforce appropriate permissions for different user roles.,1,Dataset6000Req.xlsx
Developer shall prevent duplicate transactions from being published and manage the time gap between validation and publishing decision for data integrity.,1,Dataset6000Req.xlsx
Developer shall quickly access Broker application data to investigate issues and improve system performance.,1,Dataset6000Req.xlsx
System shall display the submitted application form with all entered data.,0,Dataset6000Req.xlsx
User shall provide feedback to the 24X7 customer care service center regarding their experience with the site and services.,0,Dataset6000Req.xlsx
User shall be able to request transportation routes.,0,Dataset6000Req.xlsx
The system shall provide storage of all databases on redundant computers with automatic switchover and continuous backup maintenance and updates.,1,Dataset6000Req.xlsx
User shall be able to use a user-friendly interface with optional interactive help for each service.,0,Dataset6000Req.xlsx
"User shall be able to use the application in multiple languages, including English and French.",1,Dataset6000Req.xlsx
The system shall allow staff members to update transactional parcel pins to reference the GIS layer for split or merged parcels.,0,Dataset6000Req.xlsx
The system shall generate an audit report based on the available recycled parts and the collision estimate.,0,Dataset6000Req.xlsx
Patients shall be able to view and request prescription refills through the portal.,0,Dataset6000Req.xlsx
Employer and agency registration shall be facilitated.,0,Dataset6000Req.xlsx
"Administrator shall be able to create users, departments, and courses.",0,Dataset6000Req.xlsx
"Resume posting capabilities shall include creation, editing, and expiration.",0,Dataset6000Req.xlsx
"User shall navigate to different sections: Home, Trending, and Subscription.",0,Dataset6000Req.xlsx
User shall specify minimum and preferred hardware requirements.,1,Dataset6000Req.xlsx
The platform shall have a blog highlighting open fiscal projects.,1,Dataset6000Req.xlsx
System shall verify the password during installation to ensure the antivirus copy is valid.,0,Dataset6000Req.xlsx
This software shall be a great means for the ecosystem.,1,Dataset6000Req.xlsx
"User shall be able to list an agenda for their summit, to entice attendees and presenters.",0,Dataset6000Req.xlsx
The system shall allow administrators and authorized inventory group members to view and approve pending requests at their level.,0,Dataset6000Req.xlsx
"System shall be available at all times, with downtime limited to server maintenance.",1,Dataset6000Req.xlsx
'The system shall locate the preferred repair facility with the highest ratings for the input criteria',0,dataset_raw.csv
"User shall be able to change profile information including username, email address, profile picture, and password.",0,Dataset6000Req.xlsx
Plug-ins can interact with the system via the plug-in API.,0,Dataset6000Req.xlsx
"The application shall be available for download on the Google Play Store, allowing users to access it at any time.",1,Dataset6000Req.xlsx
The system shall encrypt all customer data in database.,1,Dataset6000Req.xlsx
User shall have update access capability for authorized users within the Disputes System.,0,Dataset6000Req.xlsx
System shall require minimum 40 kbps internet speed for optimal performance.,1,Dataset6000Req.xlsx
Administrators shall be able to modify the list of Dutch news RSS feeds.,0,Dataset6000Req.xlsx
"User shall be able to register or sign up, providing necessary information.",0,Dataset6000Req.xlsx
The product shall conform to the Americans with Disabilities Act.,1,Dataset6000Req.xlsx
User shall be able to access all features of the Online Matrimonial Portal accurately implemented as specified in the document.,1,Dataset6000Req.xlsx
System shall maintain sessions for better security and performance.,1,Dataset6000Req.xlsx
Web-based displays defined by the ASPERA-3 team shall be provided where any available ASPERA-3 data (as opposed to just the most current) can be used for science analysis.,0,Dataset6000Req.xlsx
The product shall implement caching mechanisms to optimize load times and reduce server requests.,1,Dataset6000Req.xlsx
All transactions with the customer's web browser shall be confirmed by the system for secure data transfer.,1,Dataset6000Req.xlsx
Users shall access the system using a securely managed login/user-ID and password.,1,Dataset6000Req.xlsx
"Security and privacy in the mobility domain shall be prioritized by the system, ensuring transparency and trust.",1,Dataset6000Req.xlsx
The overall accuracy of the Web API’s response will be measured using a developer-made testing set.,1,Dataset6000Req.xlsx
The system shall offer options for data encryption to further enhance security.,1,Dataset6000Req.xlsx
JavaScript code includes error handling mechanisms to display error messages if payment processing fails.,0,Dataset6000Req.xlsx
"System shall display sunrise and sunset timings, nakshatra, sunsign, moonsign, and lagna chart based on the location.",0,Dataset6000Req.xlsx
'Program Administrators and Nursing Staff Members shall be able to add new classes for the nursing department into the system.',0,dataset_raw.csv
"Both employees and clients will be able to update personal details anytime, with clients also able to update booking details.",0,Dataset6000Req.xlsx
The user shall be able to notify the recipient that their item has been shipped.,0,Dataset6000Req.xlsx
User shall filter rankings based on different criteria such as category or time period.,0,Dataset6000Req.xlsx
User shall have an ALFRED device easily adaptable for users with visual or hearing impairments.,0,Dataset6000Req.xlsx
"The system shall be user-friendly for various user roles (archivists, researchers, donors).",1,Dataset6000Req.xlsx
All Users will be able to view the next product by swiping left to right.,1,Dataset6000Req.xlsx
"The hardware part of the system shall be able to perform indefinitely without complete loss of service, except in the event of total failure of primary and backup power.",1,Dataset6000Req.xlsx
"The TCS shall provide the functionality to control, monitor, and display the operation of the Air Data Terminal (ADT).",0,Dataset6000Req.xlsx
A Moderator shall be able to specify a warning for total time remaining.,0,Dataset6000Req.xlsx
'The website will allow customers to search for movies by title actor or director.',0,dataset_raw.csv
"Only the project admin shall have backend database access, allowing for secure modifications and updates.",1,Dataset6000Req.xlsx
The software shall allow users to create precise and intricate designs more easily with a touch-screen enabled tablet/monitor.,1,Dataset6000Req.xlsx
User shall have a long-lasting battery for all-day use of ALFRED.,0,Dataset6000Req.xlsx
"The system shall allow staff members to review plans for compliance and approve, fail, or deny them, recording any conditions or corrections needed.",0,Dataset6000Req.xlsx
"The system shall allow users to customize interface elements (displayed columns, layout) and save these preferences in their profiles.",1,Dataset6000Req.xlsx
User shall sign up for a new account to gain access to the site.,0,Dataset6000Req.xlsx
'A database management system such as Oracle DB2 MySql or HSQL will need to be integrated with the product.',1,dataset_raw.csv
"Dispute panel shall be able to reassign the order in the case, if the delivery boy dint acknowledge the request.",0,Dataset6000Req.xlsx
User shall be able to access FAQs through the help function.,0,Dataset6000Req.xlsx
User shall be able to generate various reports.,0,Dataset6000Req.xlsx
User shall be able to rely on the system's stability and robustness.,1,Dataset6000Req.xlsx
The BE shall be able to signal a kill for any Backend process.,0,Dataset6000Req.xlsx
User shall be able to verify the validity of the user account.,0,Dataset6000Req.xlsx
"User shall be able to load the game within 1 minute on subsequent visits, benefiting from cache optimization.",1,Dataset6000Req.xlsx
A tablet shall allow a waiter to process a payment using a bankcard.,0,Dataset6000Req.xlsx
"Reports on total system sales, jobs, job seekers, accounting, and order history shall be viewable.",0,Dataset6000Req.xlsx
The campus map shall cover the campus of the TU/e.,1,Dataset6000Req.xlsx
"System shall utilize a commercial database for database maintenance, with the application server managing the site.",1,Dataset6000Req.xlsx
System shall send resolved feedback messages to users via email or SMS.,0,Dataset6000Req.xlsx
Users shall be able to put a hold on selected seats for five minutes before finalizing and making payment.,0,Dataset6000Req.xlsx
The system shall allow to Modify information on existing applications.,0,Dataset6000Req.xlsx
"User shall be able to edit their training node themselves, including links to slides, so that training coordinators don't have to.",0,Dataset6000Req.xlsx
"There shall be clearly defined uptime targets for the Teams app, along with a documented impact of downtime on performance.",1,Dataset6000Req.xlsx
"System shall use transaction management software (BMS version 2.0), card management software (CMS version 3.0), and Yamaha codecs.",0,Dataset6000Req.xlsx
User shall be able to remove uploaded videos from their channel.,0,Dataset6000Req.xlsx
System shall automatically move some emails to the spam folder and may block the sender of spam messages.,0,Dataset6000Req.xlsx
"System shall generate logs of user bank account details, account updates with date, time, and changes, and fixed asset schedules.",1,Dataset6000Req.xlsx
"The system shall be able to update team statistics, including team and player performance, and display the team statistics.",0,Dataset6000Req.xlsx
System shall be able to manage check book allotment requests.,0,Dataset6000Req.xlsx
The system shall allow a Program Administrator/Nursing Staff Member to move a student from one clinical lab section to another clinical lab section corresponding to the same clinical class.,0,Dataset6000Req.xlsx
"The system shall support file sharing - Photos, videos, documents, etc.",0,Dataset6000Req.xlsx
'Program Administrators/Nursing Staff Members shall have the ability to modify information relating to a Program of Study within the Nursing Department including the Program of study name and required classes for that Program of Study.',0,dataset_raw.csv
Preferred repair facility ratings should be saved within 5 seconds.,1,Dataset6000Req.xlsx
The connection between the client and server shall have no more than 200ms latency.,1,Dataset6000Req.xlsx
"The administrator will be able to print reports annually, weekly, and daily based on selected time frames.",0,Dataset6000Req.xlsx
"User shall download language packs containing essential language data for offline use, ensuring access to translation services without internet connectivity.",0,Dataset6000Req.xlsx
The system shall prompt customer with friend easy to read error messages.,1,Dataset6000Req.xlsx
System shall process the payment and save the transaction number to the database.,0,Dataset6000Req.xlsx
'The product shall have an intuitive user interface.',1,dataset_raw.csv
The system shall be able to display a report of needed classes for a given quarter for all cohorts of all programs for Program Administrators/Nursing Staff Members’ planning purposes.,0,Dataset6000Req.xlsx
User shall have an introductory conversation with ALFRED to learn about its functionalities.,0,Dataset6000Req.xlsx
System shall accommodate a large volume of items and users without encountering faults.,1,Dataset6000Req.xlsx
The system shall perform searches via Dijkstra's shortest path algorithm.,1,Dataset6000Req.xlsx
The system shall allow the user to modify the date exclusion set of an already submitted meeting response.,0,Dataset6000Req.xlsx
The system will notify affected parties when changes occur affecting clinicals including but not limited to clinical section capacity changes and clinical section cancellations.,0,Dataset6000Req.xlsx
"System shall present the employee homepage for inputting duty slip information, calculating net bills, and updating car status and customer database.",1,Dataset6000Req.xlsx
System shall ensure that prescriptions are mapped to one and only one chemist or lab based on the patient's pincode.,1,Dataset6000Req.xlsx
'The product shall able to handle a large number of games simultaneously.',1,dataset_raw.csv
"The system shall allow site administrators to set listing fees for ""Other"" courses/events.",0,Dataset6000Req.xlsx
System shall interact with SQL Server for server functionalities.,1,Dataset6000Req.xlsx
User shall be able to reset a User's password for them.,0,Dataset6000Req.xlsx
"Map results should be clear and user-friendly, allowing selection of any pin with a single click.",1,Dataset6000Req.xlsx
Users shall be able to remove classes from the list of classes in which they are enrolled.,0,Dataset6000Req.xlsx
The user shall be able to delete their Subjects.,0,Dataset6000Req.xlsx
New videos shall be uploaded daily.,1,Dataset6000Req.xlsx
"Upon capturing a selfie, the system shall generate a Snapcode and offer associated actions.",0,Dataset6000Req.xlsx
Admin shall be able to add recycling center information to keep the database up-to-date.,0,Dataset6000Req.xlsx
TCS shall notify the operator when AV performance parameters are out of limits.,0,Dataset6000Req.xlsx
Purchase managers shall obtain permission from the administrator before purchasing products from vendors.,0,Dataset6000Req.xlsx
System shall authenticate logins and signups for users with accounts.,1,Dataset6000Req.xlsx
System shall offer convenient access to attendee lists for summit coordinators.,1,Dataset6000Req.xlsx
System shall validate data integrity and format compliance.,0,Dataset6000Req.xlsx
The system shall allow staff members to denote applications with a final action status to finalize them.,0,Dataset6000Req.xlsx
'All screens created as part of the Disputes application must comply with corporate standards for interface creation.',1,dataset_raw.csv
"Bidders shall be able to view the bidder leaderboard, including the top three positions, without seeing other bidders' predictions.",0,Dataset6000Req.xlsx
System shall support SQL for querying and manipulating data.,0,Dataset6000Req.xlsx
The system shall experience no more than <x> unplanned outages in a rolling three-month period.,1,Dataset6000Req.xlsx
The campus map shall cover the central train station of Eindhoven.,1,Dataset6000Req.xlsx
User shall be able to participate in one-to-one and group video chats.,0,Dataset6000Req.xlsx
System provides report generation for delivered goods to facilitate backup and recovery in case of data loss.,1,Dataset6000Req.xlsx
"A list of disputes meeting search criteria must be provided, differentiating by color-coded status.",0,Dataset6000Req.xlsx
'The website should appeal to all Africans not only Nigerians.',1,dataset_raw.csv
System shall implement a waitlist feature for training classes.,1,Dataset6000Req.xlsx
System shall help users quickly execute commands by providing autocomplete suggestions for keywords and command options.,0,Dataset6000Req.xlsx
The system shall utilise periodic 120-second keep-alive messages between mobile and the server to monitor app operational status.,1,Dataset6000Req.xlsx
"User shall have access to the website 24/7, except during maintenance periods.",1,Dataset6000Req.xlsx
"The diagnostic history window shall have a button labeled Print that when clicked will display a window listing items to print including the diagnostic information window, the history window, and both the diagnostic and history windows.",0,Dataset6000Req.xlsx
The system shall provide users with a list of selectable symptoms.,0,Dataset6000Req.xlsx
User shall be able to view a finding aid for a particular collection/Resource.,0,Dataset6000Req.xlsx
The user interface shall have standard menus buttons for navigation.,1,Dataset6000Req.xlsx
"The system shall allow for setting validation rules on data entry (e.g., required fields, format restrictions).",0,Dataset6000Req.xlsx
System shall be able to display a failure message and return the user to the home page if it's unable to successfully update the location.,0,Dataset6000Req.xlsx
"User shall benefit from regular vulnerability assessments, security audits, and penetration testing to identify and remediate security vulnerabilities in the app's codebase and infrastructure.",1,Dataset6000Req.xlsx
'Program Administrators and Nursing Staff Members shall be able to add a new cohort to the system identified by start month and year.',0,dataset_raw.csv
User shall be able to change the calendar to a different month.,0,Dataset6000Req.xlsx
User shall be able to create an account to access additional features and create their own profile.,0,Dataset6000Req.xlsx
The system shall acknowledge user actions with confirmation to ensure application reliability for business purposes.,1,Dataset6000Req.xlsx
"The system shall display user-friendly, one-click selectable results in the list view.",0,Dataset6000Req.xlsx
"System shall maintain an unalterable audit trail capturing actions taken on critical entities, users initiating actions, and date/time of events.",1,Dataset6000Req.xlsx
A customer shall be able to dismiss their menu by double tapping its dismiss option.,0,Dataset6000Req.xlsx
"System shall display all necessary data, including full name, email, mobile, etc.",0,Dataset6000Req.xlsx
User's credit card number shall only display the last 4 digits after retrieval from the database.,1,Dataset6000Req.xlsx
System shall be protected by a password.,1,Dataset6000Req.xlsx
System shall check the validity of the entered key and terminate installation if the key is invalid or expired.,0,Dataset6000Req.xlsx
"System shall ensure maximum security by encrypting user data such as name, password, and account balance during transmission.",1,Dataset6000Req.xlsx
Customers shall finalize payment by cash using the bill mode.,0,Dataset6000Req.xlsx
The estimator shall apply selected recycled parts to the collision estimate.,0,Dataset6000Req.xlsx
"In case of failure, the system shall undergo reinitialization.",1,Dataset6000Req.xlsx
System shall be protected by Firestarter open source firewall.,1,Dataset6000Req.xlsx
Customers shall remove items from their cart.,0,Dataset6000Req.xlsx
The moderator shall be able to view a session management screen.,0,Dataset6000Req.xlsx
Search agents shall automatically send resumes matching specified criteria via email daily.,0,Dataset6000Req.xlsx
Administration shall improve the disease prediction database monthly based on the learning from the prior month.,0,Dataset6000Req.xlsx
User shall view events and equipment bookings within the group as a lab member.,0,Dataset6000Req.xlsx
The system shall detect images with no classifiable plankton in Plankton Portal.,0,Dataset6000Req.xlsx
Webble shall depict weather information using graphical icons corresponding to the current weather.,1,Dataset6000Req.xlsx
'The product shall have security.The product shall provide authentication and authorization.',1,dataset_raw.csv
'A non-clinical class shall specify the course name lecture room requirements and instructor needs.',0,dataset_raw.csv
The system shall allow batch ingest of ETDs with embargo and permission settings.,0,Dataset6000Req.xlsx
"All software processes shall be killable, restartable, debuggable and testable with minimal impact on normal system operations.",1,Dataset6000Req.xlsx
System shall be able to replace the main site image and description with the corresponding ones from a clicked thumbnail image on the sites page.,0,Dataset6000Req.xlsx
System shall update the cancellation status on the user page upon bus cancellation by the admin.,0,Dataset6000Req.xlsx
"System shall display a message ""Status updated"" upon successful update.",0,Dataset6000Req.xlsx
System shall support version control and revision history tracking for files and log book entries.,1,Dataset6000Req.xlsx
'The product shall be able to send meeting notifications via different kinds of end-user specified methods.',0,dataset_raw.csv
"User shall be able to view real-time location maps with friends' Bitmoji representations, accessible by swiping down on the camera screen.",0,Dataset6000Req.xlsx
User shall be able to search for products by keyword or product ID.,0,Dataset6000Req.xlsx
User shall be able to use only well-visible buttons.,0,Dataset6000Req.xlsx
'The Disputes System must provide Search functionality. The search method must include the ability to search by (1) the dispute case number (2) the merchant account number (3) the cardmember account number and (4) the issuer number. In addition to the above criteria the search functionality must further allow the user to limit the results of the search by a date range the type of dispute (ticket retrieval request or chargeback notification) the case status (open closed or all) and the dispute reason code.',0,dataset_raw.csv
All text elements in the user interfaces shall be presented in the selected language.,0,Dataset6000Req.xlsx
"The system shall be able to find the best route for multiple addresses, including fixing any gaps between them.",0,Dataset6000Req.xlsx
'The system shall display clear property images in the search results',0,dataset_raw.csv
System shall be able to return a no image message if no image is available for a site.,0,Dataset6000Req.xlsx
The system shall allow browsing through files in collections.,0,Dataset6000Req.xlsx
"User shall be able to select different types of recyclable waste and view a list of facilities that accept each type, along with their opening hours.",0,Dataset6000Req.xlsx
The MultiMahjongServer will allow connections from MultiMahjongClients and communicate with them using IP.,0,Dataset6000Req.xlsx
The software design shall prioritize modularity to facilitate efficient maintainability.,1,Dataset6000Req.xlsx
"The system shall minimize vertical scrolling by prioritizing top placement of important information and utilize links for less crucial details, and avoid horizontal scrolling altogether.",1,Dataset6000Req.xlsx
The verbiage used within the system shall be consistent with Standard English and the terminology of the national Nursing Community.,1,Dataset6000Req.xlsx
User shall be able to enter their consumer number to verify and complete the booking.,0,Dataset6000Req.xlsx
'The website should use Flash to provide animation on the home page.',1,dataset_raw.csv
"The server shall be capable of supporting an arbitrary number of active customer payments, meaning no payments shall be lost under any circumstances.",1,Dataset6000Req.xlsx
A app shall be capable of interfacing with a register to facilitate the accurate processing of a payment.,0,Dataset6000Req.xlsx
'The system interface will use CCR nomenclature. The system must use the same nomenclature used in the existing WCS system and reports',1,dataset_raw.csv
The website must be capable of storing all data formats and should frequently connect to the database or be database sensitive.,1,Dataset6000Req.xlsx
The system shall maintain a history of course bookings.,0,Dataset6000Req.xlsx
"User shall be able to create a Gmail account by providing personal details like name, gender, password, mobile number, and location.",0,Dataset6000Req.xlsx
System shall be able to update the page with links to nearby sites based on the user's location.,0,Dataset6000Req.xlsx
System shall allow front-desk staff to assign a unique ID to each patient and add it to the patient’s record.,0,Dataset6000Req.xlsx
Reliability shall be ensured to prevent data loss in case of server failure during ongoing operations.,1,Dataset6000Req.xlsx
Administrators shall restore previous versions of objects.,0,Dataset6000Req.xlsx
'A staff member shall have the ability to manage the progress of a part time student which includes modifying their sequence of classes and timeline of classes.',0,dataset_raw.csv
System shall record publication and unpublication events.,0,Dataset6000Req.xlsx
The system shall provide an examination category page.,0,Dataset6000Req.xlsx
System shall be able to ensure a large number of concurrent users and transactions during peak times.,1,Dataset6000Req.xlsx
Resumes or CVs submitted by job seekers shall be viewable and downloadable.,0,Dataset6000Req.xlsx
'The search results shall be returned no later 30 seconds after the user has entered the search criteria',1,dataset_raw.csv
The system shall be intuitive and easy to learn for users with varying levels of experience.,1,Dataset6000Req.xlsx
System shall retain a cash card if entered more than three times with incorrect passwords and prompt the user to contact the bank.,0,Dataset6000Req.xlsx
The system shall be user-friendly and easy to navigate for users with varying technical skills.,1,Dataset6000Req.xlsx
"If the user forgets their account information, they shall be able to retrieve it via the ""forgot your password?"" panel.",0,Dataset6000Req.xlsx
Users shall update the number of shares for each stock in their portfolio.,0,Dataset6000Req.xlsx
"The system shall allow administrators to edit restaurant types, updating the list accordingly.",0,Dataset6000Req.xlsx
The system shall allow the initiator to cancel any meetings which they initiated.,0,Dataset6000Req.xlsx
User shall control heating and cooling units defined in the THEMAS system.,0,Dataset6000Req.xlsx
System shall segment view and download statistics by country and sector to demonstrate broader impact.,1,Dataset6000Req.xlsx
A supervisor shall be able to do everything a chef can.,0,Dataset6000Req.xlsx
User shall not be able to cancel an LPG cylinder booking after 24 hours.,1,Dataset6000Req.xlsx
An option to remain anonymous on the CV database while allowing employers/agencies to email candidates shall be provided.,0,Dataset6000Req.xlsx
The system shall be able to interpret desired heating/cooling unit and its requested ON/OFF status.,0,Dataset6000Req.xlsx
The system shall allow the user to modify the date preference set of an already submitted meeting response.,0,Dataset6000Req.xlsx
'The product shall allow the user to save the property search results.',0,dataset_raw.csv
The user will select the add task option.,0,Dataset6000Req.xlsx
The system shall protect private information in accordance with the organizations information policy.,1,Dataset6000Req.xlsx
"User shall have ALFRED preinstalled, eliminating the need for manual setup.",0,Dataset6000Req.xlsx
'Users shall be able to view at least 25 NFL player statistics and points on each page.',1,dataset_raw.csv
The system shall be designed for easy maintenance to quickly address any errors that occur in the project.,1,Dataset6000Req.xlsx
The system will offer defense against widespread online vulnerabilities like cross-site scripting (XSS) and SQL injection.,1,Dataset6000Req.xlsx
A sale transaction authorizes and settles the requested amount against the indicated payment method.,0,Dataset6000Req.xlsx
The system shall comply with Standard ISO 9241 for user interface design.,1,Dataset6000Req.xlsx
The system shall accept GET requests with a question in a single URL parameter and a Content-Type header of application/json.,0,Dataset6000Req.xlsx
"The database shall be maintained using MySQL, and the server will be Apache; in case of system failure, both the database and server can be reinitialized.",1,Dataset6000Req.xlsx
'The product shall ensure that it can only be accessed by authorized users. The product will be able to distinguish between authorized and unauthorized users in all access attempts',1,dataset_raw.csv
The software shall recognize gestures like pinch-to-zoom for manipulating objects on the canvas.,0,Dataset6000Req.xlsx
System shall perform searches using Dijkstra's shortest path algorithm.,1,Dataset6000Req.xlsx
"User shall be able to create requests to borrow assets or reserve locations, with requests made by any authorized user and pending approval from an administrative level user.",0,Dataset6000Req.xlsx
Performance shall be influenced by the hardware components of the client/customer.,1,Dataset6000Req.xlsx
User shall view their progress within the game through graphics and stats generated by the application.,0,Dataset6000Req.xlsx
Only admin-users shall set up user profiles and allocate users to groups.,1,Dataset6000Req.xlsx
"The system shall recover gracefully from crashes or errors, minimizing data corruption.",1,Dataset6000Req.xlsx
The system shall be able to support a user interface in multiple languages.,0,Dataset6000Req.xlsx
The system shall track the workflow between senders and related replies.,0,Dataset6000Req.xlsx
Social travel application shall filter intelligence client-side without additional requests.,0,Dataset6000Req.xlsx
User shall/will be able to access the system via web browsers and mobile applications.,0,Dataset6000Req.xlsx
The system shall allow the user to customize the following interface settings.,0,Dataset6000Req.xlsx
"Access is already installed on the editor's computer, which operates on the Windows operating system.",1,Dataset6000Req.xlsx
The system shall allow users to create scores with multiple sheets for different instruments.,0,Dataset6000Req.xlsx
System shall display related items to the items already bought by the user.,0,Dataset6000Req.xlsx
The system shall maintain an inventory of medicines with stock levels and track expiration dates.,0,Dataset6000Req.xlsx
All functionality must be thoroughly tested through comprehensive test cases.,1,Dataset6000Req.xlsx
User shall be able to add items to their cart by tapping the Add to Cart button.,0,Dataset6000Req.xlsx
System shall allow System Administrators to configure the location of the demo database and implement backup procedures.,1,Dataset6000Req.xlsx
Administrators shall be able to add edges to paths used in the route planner.,0,Dataset6000Req.xlsx
A yellow Caution indicator will be used to signify potential diagnostic issues.,0,Dataset6000Req.xlsx
"User shall specify desired report criteria, and the system shall display the report accordingly.",0,Dataset6000Req.xlsx
All data shall be encrypted to prevent theft during server breaches or attacks.,1,Dataset6000Req.xlsx
'The system shall return a list of repair facilities within the radius if the preferred repair facility cannot be determined.',0,dataset_raw.csv
"The system shall support various metadata elements for collections, objects, components, and files.",0,Dataset6000Req.xlsx
Each thermostat shall have a unique identifier by which that thermostat is identified in the THEMAS system.,0,Dataset6000Req.xlsx
System shall protect against data loss.,1,Dataset6000Req.xlsx
System shall be able to allow users to tweet their current location.,0,Dataset6000Req.xlsx
The system shall accept an item identification parameter and a time period or duration as input.,0,Dataset6000Req.xlsx
User shall receive more helpful file-level error messages for better troubleshooting.,1,Dataset6000Req.xlsx
System shall proceed with the authorization process if the password and serial number are correct.,0,Dataset6000Req.xlsx
System will allow the user to link their card.,0,Dataset6000Req.xlsx
System shall check if the entered password is valid for the specified cash card.,0,Dataset6000Req.xlsx
The application shall render images and effects efficiently to maintain a productive workflow.,1,Dataset6000Req.xlsx
User shall enable navigation between the search results.,0,Dataset6000Req.xlsx
The System must allow a user to stipulate which other users or groups can access cases.,1,Dataset6000Req.xlsx
The user shall be able to choose between contacting a representative for an order or completing the checkout process online.,0,Dataset6000Req.xlsx
There shall be a UNIX-based APAF system production computer with an archival system.,1,Dataset6000Req.xlsx
Admin shall be able to Manage providers.,0,Dataset6000Req.xlsx
The system shall guide users through an interface based on end user concepts.,1,Dataset6000Req.xlsx
'Users shall feel satisfied using the product. 85% of all users will be satisfied with the product.',1,dataset_raw.csv
'The response time of general student management tasks shall take no longer than 5 seconds and the response time of schedule generation shall take no longer than 30 seconds.',1,dataset_raw.csv
'The product shall notify building personnel of equipment transport requests.',0,dataset_raw.csv
System shall stop protecting the device from threats if the software validity exceeds the limit.,0,Dataset6000Req.xlsx
The system shall allow users to segment contacts based on various criteria for targeted communication.,0,Dataset6000Req.xlsx
System shall display the processing fee for the selected type of passport.,0,Dataset6000Req.xlsx
A Data Consuming User shall be able to share view state images on social media.,0,Dataset6000Req.xlsx
System shall dispense cash if the transaction is successful and print a receipt while updating the cash amount and ejecting the card.,0,Dataset6000Req.xlsx
Clients shall be notified via email when their booking is confirmed.,0,Dataset6000Req.xlsx
The system shall support Unicode characters (User).,1,Dataset6000Req.xlsx
The user shall be able to log in to the system by entering their username or email and password.,0,Dataset6000Req.xlsx
"The System must allow changes to security attributes for groups or users (such as access rights, security level, privileges, password allocation and management) to be made only by super-user.",1,Dataset6000Req.xlsx
The user shall select to save the preferred repair facility ratings.,0,Dataset6000Req.xlsx
Calendar scheduling for meetings shall be provided.,0,Dataset6000Req.xlsx
"User shall be able to edit their listed items by adding/removing pictures, changing price, and modifying details.",0,Dataset6000Req.xlsx
The fields shall be typed-in or entered through voice command.,0,Dataset6000Req.xlsx
The system shall be expected to manage the nursing program curriculum and class/clinical scheduling for a minimum of 5 years.,1,Dataset6000Req.xlsx
"The system shall handle commands entered by users and execute them based on the specified parameters, ensuring proper feedback and response to user actions.",0,Dataset6000Req.xlsx
The user shall be able to edit the Academic Year by tapping on the three-dotted menu.,0,Dataset6000Req.xlsx
The system shall be able to provide adequate response times for commonly performed functions under both standard and peak loads across all user interfaces of the application.,1,Dataset6000Req.xlsx
Statistics on views and applicant counts shall be provided for postings.,0,Dataset6000Req.xlsx
"For interdepartmental requests, the system shall require approval from both a DA and faculty group member, unless submitted by a higher-level group.",0,Dataset6000Req.xlsx
An API User shall be able to normalize measures by population.,0,Dataset6000Req.xlsx
'The product shall make inactive players unavailable for selection from the list of players.',0,dataset_raw.csv
The system shall allow camp administrators to assign different positions to staff members.,0,Dataset6000Req.xlsx
System shall display videos related to the entered keywords.,0,Dataset6000Req.xlsx
The system shall provide informative error messages (User).,1,Dataset6000Req.xlsx
"Agricultural exports shall be able to post information for users to view by entering agricultural news, books, and technology developments for display.",0,Dataset6000Req.xlsx
"System shall provide a customizable ""my schedule"" feature.",1,Dataset6000Req.xlsx
"Upon successful payment, the user shall be enrolled in the course.",0,Dataset6000Req.xlsx
System shall be able to process balance transfers.,0,Dataset6000Req.xlsx
The system shall utilize AI to analyze surroundings and select the appropriate lens based on the analysis.,0,Dataset6000Req.xlsx
User shall be able to permanently delete their profile and associated account details by clicking Delete Profile.,0,Dataset6000Req.xlsx
The system shall employ encryption for sensitive data transmission and storage.,1,Dataset6000Req.xlsx
"Invoices can be sent to companies, and featured employer showcases can be managed.",0,Dataset6000Req.xlsx
System shall enable accounts managers to track payment transactions and update payment information.,0,Dataset6000Req.xlsx
The system shall ensure that the changed user information is visible to all followers.,0,Dataset6000Req.xlsx
'The product shall provide GUI based Monitoring Services.System Administrators shall monitor message exchanges will predict and determine problems and will also provide internal and external support.',1,dataset_raw.csv
The system shall automatically reset the countdown timer after a round completion.,0,Dataset6000Req.xlsx
"System shall restrict normal users to read-only access, allowing modification only for personal and authorized data.",1,Dataset6000Req.xlsx
"User shall be able to provide delivery details such as company contacts, route, delivery date, and quantity for admin to process and deliver the materials.",0,Dataset6000Req.xlsx
"System shall store complaint details, evidence, and facts.",0,Dataset6000Req.xlsx
System shall clearly mark training options with all necessary information.,1,Dataset6000Req.xlsx
System shall validate credit cards within 2 seconds.,1,Dataset6000Req.xlsx
The system shall not leave any cookies on the customers computer containing the users password.,1,Dataset6000Req.xlsx
"For optimal performance, Adobe Illustrator shall recommend a minimum of 16 GB of RAM.",1,Dataset6000Req.xlsx
"System shall provide role-based landing pages showing relevant information such as assigned cases, alerts, and pending tasks.",0,Dataset6000Req.xlsx
The system shall allow publishers to publish data packages with cached resources on the registry server.,0,Dataset6000Req.xlsx
Delivery boy shall be able to acknowledge for the request.,0,Dataset6000Req.xlsx
"The system shall achieve high availability, ensuring videos are accessible even during potential data inconsistencies.",1,Dataset6000Req.xlsx
System shall run on devices with less than 1GB RAM.,1,Dataset6000Req.xlsx
The system shall allow members to renew their memberships.,0,Dataset6000Req.xlsx
System shall allow user login without any preconditions.,0,Dataset6000Req.xlsx
System shall verify user credentials with the bank databases and accept or reject authorization.,0,Dataset6000Req.xlsx
System shall ensure security of customer accounts and resist tampering.,0,Dataset6000Req.xlsx
Only admin shall know the number of bidders bidding on teams and their details.,0,Dataset6000Req.xlsx
User shall be able to run the system on different platforms if necessary.,1,Dataset6000Req.xlsx
A Data Publishing User shall be able to add a dataset in a hidden state.,0,Dataset6000Req.xlsx
The system shall prompt the user to enter the desired height and width of the cropped image.,0,Dataset6000Req.xlsx
System shall generate student class information reports. (Level 1),0,Dataset6000Req.xlsx
"If the validation fails, system shall prompt ""OTP doesn’t match"".",0,Dataset6000Req.xlsx
A chef shall be able to accept a customers order item through a display.,0,Dataset6000Req.xlsx
The system shall be able to manage request workflows where requests require approval by authorized administrative users.,0,Dataset6000Req.xlsx
User shall be able to tweet a certain event.,0,Dataset6000Req.xlsx
Admin shall be able to add promo codes and offers.,0,Dataset6000Req.xlsx
System shall have procedures for data backup and disaster recovery.,1,Dataset6000Req.xlsx
"User shall experience evenly distributed translation requests across multiple servers through load balancing strategies, optimizing resource allocation and scalability.",1,Dataset6000Req.xlsx
"The system shall track events related to collections, objects, components, and files.",0,Dataset6000Req.xlsx
System shall send a notification via email after registering a book.,0,Dataset6000Req.xlsx
'The product shall be able support 1000 simultaneous users.',1,dataset_raw.csv
The system shall provide textual descriptions or alternative functionalities for all non-text media like images and videos.,1,Dataset6000Req.xlsx
The server will respond with a 400 Bad Request status code if request does not specify the header Content-Type: application/json OR is a malformed API query.,0,Dataset6000Req.xlsx
Backup power supply must be available for the server to ensure continuous operation in case of power failure.,1,Dataset6000Req.xlsx
System shall auto-detect and block IP DOS attacks.,1,Dataset6000Req.xlsx
The system shall ensure the long-term availability and accessibility of published data.,1,Dataset6000Req.xlsx
"The system shall detect flood areas, damage, shelters, blocked roads in satellite images.",0,Dataset6000Req.xlsx
FABS user shall receive submission errors accurately reflecting FABS errors for efficient problem resolution.,1,Dataset6000Req.xlsx
The system shall allow site visitors to search for member profiles based on specific criteria.,0,Dataset6000Req.xlsx
"System shall update the book status to Borrowed when the book is borrowed by another member, and the administrator changes the status from Approved.",0,Dataset6000Req.xlsx
"The system shall allow users to export presentations in various file formats like PPTX, PPT, PDF, and video formats.",0,Dataset6000Req.xlsx
The system shall restrict the user's operation within its user role.,0,Dataset6000Req.xlsx
System shall search the database for available job options matching the user's preferences and display them along with the company's contact details.,0,Dataset6000Req.xlsx
Agency user shall be able to accurately see who created a submission.,0,Dataset6000Req.xlsx
A tablet shall allow a waiter to accept an order placed by a customer through a surface computer.,0,Dataset6000Req.xlsx
System shall track citation counts for datasets to demonstrate academic impact.,1,Dataset6000Req.xlsx
System shall maintain 24/7 availability to ensure continuous access and service.,1,Dataset6000Req.xlsx
